-- phpMyAdmin SQL Dump
-- version 5.1.1
-- https://www.phpmyadmin.net/
--
-- Host: 127.0.0.1
-- Generation Time: Jun 21, 2022 at 10:11 AM
-- Server version: 10.4.22-MariaDB
-- PHP Version: 8.0.15

SET SQL_MODE = "NO_AUTO_VALUE_ON_ZERO";
START TRANSACTION;
SET time_zone = "+00:00";


/*!40101 SET @OLD_CHARACTER_SET_CLIENT=@@CHARACTER_SET_CLIENT */;
/*!40101 SET @OLD_CHARACTER_SET_RESULTS=@@CHARACTER_SET_RESULTS */;
/*!40101 SET @OLD_COLLATION_CONNECTION=@@COLLATION_CONNECTION */;
/*!40101 SET NAMES utf8mb4 */;

--
-- Database: `db_mapcomp`
--

-- --------------------------------------------------------

--
-- Table structure for table `cg`
--

CREATE TABLE `cg` (
  `id_cg` char(8) NOT NULL,
  `nama_cg` varchar(255) NOT NULL,
  `id_department` char(8) NOT NULL,
  `created_at` timestamp NOT NULL DEFAULT current_timestamp(),
  `updated_at` datetime NOT NULL DEFAULT current_timestamp()
) ENGINE=InnoDB DEFAULT CHARSET=utf8mb4;

--
-- Dumping data for table `cg`
--

INSERT INTO `cg` (`id_cg`, `nama_cg`, `id_department`, `created_at`, `updated_at`) VALUES
('CG_0001', 'Macgyver', 'DP-0004', '2022-03-07 03:44:27', '2022-03-07 10:44:27'),
('CG_0002', 'Horenso', 'DP-0004', '2022-03-07 03:51:57', '2022-03-07 10:51:57'),
('CG_0003', 'U-Vespa', 'DP-0004', '2022-03-07 03:51:57', '2022-03-07 10:51:57'),
('CG_0004', 'Bimasakti', 'DP-0007', '2022-03-07 03:51:57', '2022-03-07 10:51:57'),
('CG_0005', 'Sauberpro', 'DP-0005', '2022-03-07 03:51:57', '2022-03-07 10:51:57'),
('CG_0006', 'Finish Good', 'DP-0006', '2022-03-07 03:51:57', '2022-03-07 10:51:57'),
('CG_0007', 'Avatar', 'DP-0003', '2022-03-07 03:51:57', '2022-03-07 10:51:57'),
('CG_0008', 'Planner', 'DP-0009', '2022-03-07 03:51:57', '2022-03-07 10:51:57'),
('CG_0009', 'I2C', 'DP-0002', '2022-03-07 03:51:57', '2022-03-07 10:51:57'),
('CG_0010', 'Shinning', 'DP-0003', '2022-03-07 03:51:57', '2022-03-07 10:51:57'),
('CG_0011', 'SALT', 'DP-0008', '2022-03-07 04:32:41', '2022-03-07 11:32:41'),
('CG_0012', 'Metamorphosis', 'DP-0004', '2022-03-07 04:32:41', '2022-03-07 11:32:41'),
('CG_0013', 'Superbin', 'DP-0004', '2022-03-07 04:32:41', '2022-03-07 11:32:41'),
('CG_0014', 'Hybrid', 'DP-0004', '2022-03-07 04:32:41', '2022-03-07 11:32:41'),
('CG_0015', 'Gemasd', 'DP-0004', '2022-03-07 04:32:41', '2022-03-07 11:32:41'),
('CG_0016', 'Ganimeda', 'DP-0007', '2022-03-07 04:32:41', '2022-03-07 11:32:41'),
('CG_0017', 'Cepot Warrior', 'DP-0005', '2022-03-07 04:32:41', '2022-05-19 03:34:27'),
('CG_0018', 'RM-MAJOR', 'DP-0006', '2022-03-07 04:32:41', '2022-05-22 12:11:50'),
('CG_0019', 'Matrix', 'DP-0009', '2022-03-07 04:32:41', '2022-03-07 11:32:41'),
('CG_0020', 'Rising Star', 'DP-0002', '2022-03-07 04:32:41', '2022-03-07 11:32:41'),
('CG_0021', 'TPM', 'DP-0002', '2022-03-07 04:32:41', '2022-03-07 11:32:41'),
('CG_0022', 'Effervescent', 'DP-0008', '2022-03-07 04:32:41', '2022-03-07 11:32:41'),
('CG_0023', 'Office PRD', 'DP-0004', '2022-03-07 04:32:41', '2022-03-07 11:32:41'),
('CG_0024', 'RM-MINOR', 'DP-0006', '2022-03-07 04:32:41', '2022-05-22 11:36:34'),
('CG_0025', 'PM', 'DP-0006', '2022-03-07 04:32:41', '2022-03-07 11:32:41'),
('CG_0026', 'E-Max', 'DP-0004', '2022-03-07 04:32:41', '2022-03-07 11:32:41'),
('CG_0027', 'FI', 'DP-0002', '2022-05-22 21:28:17', '2022-05-23 04:28:17');

-- --------------------------------------------------------

--
-- Table structure for table `competencies_directory`
--

CREATE TABLE `competencies_directory` (
  `id_directory` int(11) NOT NULL,
  `id_curriculum` int(11) NOT NULL,
  `id_job_title` char(8) NOT NULL,
  `between_year` enum('0','1','2','3','4','5') NOT NULL,
  `target` tinyint(6) NOT NULL DEFAULT 0
) ENGINE=InnoDB DEFAULT CHARSET=utf8mb4;

--
-- Dumping data for table `competencies_directory`
--

INSERT INTO `competencies_directory` (`id_directory`, `id_curriculum`, `id_job_title`, `between_year`, `target`) VALUES
(432, 1, 'JT-0153', '0', 4),
(433, 1, 'JT-0153', '1', 4),
(434, 1, 'JT-0153', '2', 4),
(435, 1, 'JT-0153', '3', 4),
(436, 1, 'JT-0153', '4', 4),
(437, 1, 'JT-0153', '5', 4),
(438, 1, 'JT-0102', '0', 3),
(439, 1, 'JT-0102', '1', 4),
(440, 1, 'JT-0102', '2', 4),
(441, 1, 'JT-0102', '3', 4),
(442, 1, 'JT-0102', '4', 4),
(443, 1, 'JT-0102', '5', 4),
(444, 1, 'JT-0049', '0', 2),
(445, 1, 'JT-0049', '1', 2),
(446, 1, 'JT-0049', '2', 3),
(447, 1, 'JT-0049', '3', 3),
(448, 1, 'JT-0049', '4', 3),
(449, 1, 'JT-0049', '5', 3),
(450, 1, 'JT-0069', '0', 3),
(451, 1, 'JT-0069', '1', 4),
(452, 1, 'JT-0069', '2', 4),
(453, 1, 'JT-0069', '3', 4),
(454, 1, 'JT-0069', '4', 4),
(455, 1, 'JT-0069', '5', 4),
(456, 2, 'JT-0153', '0', 4),
(457, 2, 'JT-0153', '1', 4),
(458, 2, 'JT-0153', '2', 4),
(459, 2, 'JT-0153', '3', 4),
(460, 2, 'JT-0153', '4', 4),
(461, 2, 'JT-0153', '5', 4),
(462, 2, 'JT-0102', '0', 3),
(463, 2, 'JT-0102', '1', 4),
(464, 2, 'JT-0102', '2', 4),
(465, 2, 'JT-0102', '3', 4),
(466, 2, 'JT-0102', '4', 4),
(467, 2, 'JT-0102', '5', 4),
(468, 2, 'JT-0049', '0', 2),
(469, 2, 'JT-0049', '1', 2),
(470, 2, 'JT-0049', '2', 3),
(471, 2, 'JT-0049', '3', 3),
(472, 2, 'JT-0049', '4', 3),
(473, 2, 'JT-0049', '5', 3),
(474, 2, 'JT-0069', '0', 3),
(475, 2, 'JT-0069', '1', 4),
(476, 2, 'JT-0069', '2', 4),
(477, 2, 'JT-0069', '3', 4),
(478, 2, 'JT-0069', '4', 4),
(479, 2, 'JT-0069', '5', 4),
(480, 3, 'JT-0153', '0', 4),
(481, 3, 'JT-0153', '1', 4),
(482, 3, 'JT-0153', '2', 4),
(483, 3, 'JT-0153', '3', 4),
(484, 3, 'JT-0153', '4', 4),
(485, 3, 'JT-0153', '5', 4),
(486, 3, 'JT-0102', '0', 3),
(487, 3, 'JT-0102', '1', 4),
(488, 3, 'JT-0102', '2', 4),
(489, 3, 'JT-0102', '3', 4),
(490, 3, 'JT-0102', '4', 4),
(491, 3, 'JT-0102', '5', 4),
(492, 3, 'JT-0049', '0', 2),
(493, 3, 'JT-0049', '1', 2),
(494, 3, 'JT-0049', '2', 3),
(495, 3, 'JT-0049', '3', 3),
(496, 3, 'JT-0049', '4', 3),
(497, 3, 'JT-0049', '5', 3),
(498, 3, 'JT-0069', '0', 3),
(499, 3, 'JT-0069', '1', 4),
(500, 3, 'JT-0069', '2', 4),
(501, 3, 'JT-0069', '3', 4),
(502, 3, 'JT-0069', '4', 4),
(503, 3, 'JT-0069', '5', 4),
(504, 4, 'JT-0153', '0', 4),
(505, 4, 'JT-0153', '1', 4),
(506, 4, 'JT-0153', '2', 4),
(507, 4, 'JT-0153', '3', 4),
(508, 4, 'JT-0153', '4', 4),
(509, 4, 'JT-0153', '5', 4),
(510, 4, 'JT-0102', '0', 3),
(511, 4, 'JT-0102', '1', 4),
(512, 4, 'JT-0102', '2', 4),
(513, 4, 'JT-0102', '3', 4),
(514, 4, 'JT-0102', '4', 4),
(515, 4, 'JT-0102', '5', 4),
(516, 4, 'JT-0049', '0', 2),
(517, 4, 'JT-0049', '1', 2),
(518, 4, 'JT-0049', '2', 3),
(519, 4, 'JT-0049', '3', 3),
(520, 4, 'JT-0049', '4', 3),
(521, 4, 'JT-0049', '5', 3),
(522, 4, 'JT-0069', '0', 3),
(523, 4, 'JT-0069', '1', 4),
(524, 4, 'JT-0069', '2', 4),
(525, 4, 'JT-0069', '3', 4),
(526, 4, 'JT-0069', '4', 4),
(527, 4, 'JT-0069', '5', 4),
(528, 5, 'JT-0153', '0', 4),
(529, 5, 'JT-0153', '1', 4),
(530, 5, 'JT-0153', '2', 4),
(531, 5, 'JT-0153', '3', 4),
(532, 5, 'JT-0153', '4', 4),
(533, 5, 'JT-0153', '5', 4),
(534, 5, 'JT-0102', '0', 3),
(535, 5, 'JT-0102', '1', 4),
(536, 5, 'JT-0102', '2', 4),
(537, 5, 'JT-0102', '3', 4),
(538, 5, 'JT-0102', '4', 4),
(539, 5, 'JT-0102', '5', 4),
(540, 5, 'JT-0049', '0', 2),
(541, 5, 'JT-0049', '1', 2),
(542, 5, 'JT-0049', '2', 3),
(543, 5, 'JT-0049', '3', 3),
(544, 5, 'JT-0049', '4', 3),
(545, 5, 'JT-0049', '5', 3),
(546, 5, 'JT-0069', '0', 3),
(547, 5, 'JT-0069', '1', 4),
(548, 5, 'JT-0069', '2', 4),
(549, 5, 'JT-0069', '3', 4),
(550, 5, 'JT-0069', '4', 4),
(551, 5, 'JT-0069', '5', 4),
(552, 6, 'JT-0153', '0', 4),
(553, 6, 'JT-0153', '1', 4),
(554, 6, 'JT-0153', '2', 4),
(555, 6, 'JT-0153', '3', 4),
(556, 6, 'JT-0153', '4', 4),
(557, 6, 'JT-0153', '5', 4),
(558, 6, 'JT-0049', '0', 2),
(559, 6, 'JT-0049', '1', 2),
(560, 6, 'JT-0049', '2', 3),
(561, 6, 'JT-0049', '3', 3),
(562, 6, 'JT-0049', '4', 3),
(563, 6, 'JT-0049', '5', 3),
(564, 6, 'JT-0102', '0', 3),
(565, 6, 'JT-0102', '1', 4),
(566, 6, 'JT-0102', '2', 4),
(567, 6, 'JT-0102', '3', 4),
(568, 6, 'JT-0102', '4', 4),
(569, 6, 'JT-0102', '5', 4),
(570, 6, 'JT-0069', '0', 3),
(571, 6, 'JT-0069', '1', 4),
(572, 6, 'JT-0069', '2', 4),
(573, 6, 'JT-0069', '3', 4),
(574, 6, 'JT-0069', '4', 4),
(575, 6, 'JT-0069', '5', 4),
(576, 7, 'JT-0153', '0', 4),
(577, 7, 'JT-0153', '1', 4),
(578, 7, 'JT-0153', '2', 4),
(579, 7, 'JT-0153', '3', 4),
(580, 7, 'JT-0153', '4', 4),
(581, 7, 'JT-0153', '5', 4),
(582, 7, 'JT-0049', '0', 2),
(583, 7, 'JT-0049', '1', 2),
(584, 7, 'JT-0049', '2', 3),
(585, 7, 'JT-0049', '3', 3),
(586, 7, 'JT-0049', '4', 3),
(587, 7, 'JT-0049', '5', 3),
(588, 7, 'JT-0102', '0', 3),
(589, 7, 'JT-0102', '1', 4),
(590, 7, 'JT-0102', '2', 4),
(591, 7, 'JT-0102', '3', 4),
(592, 7, 'JT-0102', '4', 4),
(593, 7, 'JT-0102', '5', 4),
(594, 7, 'JT-0069', '0', 3),
(595, 7, 'JT-0069', '1', 4),
(596, 7, 'JT-0069', '2', 4),
(597, 7, 'JT-0069', '3', 4),
(598, 7, 'JT-0069', '4', 4),
(599, 7, 'JT-0069', '5', 4),
(600, 8, 'JT-0153', '0', 4),
(601, 8, 'JT-0153', '1', 4),
(602, 8, 'JT-0153', '2', 4),
(603, 8, 'JT-0153', '3', 4),
(604, 8, 'JT-0153', '4', 4),
(605, 8, 'JT-0153', '5', 4),
(606, 8, 'JT-0049', '0', 2),
(607, 8, 'JT-0049', '1', 2),
(608, 8, 'JT-0049', '2', 3),
(609, 8, 'JT-0049', '3', 3),
(610, 8, 'JT-0049', '4', 3),
(611, 8, 'JT-0049', '5', 3),
(612, 8, 'JT-0102', '0', 3),
(613, 8, 'JT-0102', '1', 4),
(614, 8, 'JT-0102', '2', 4),
(615, 8, 'JT-0102', '3', 4),
(616, 8, 'JT-0102', '4', 4),
(617, 8, 'JT-0102', '5', 4),
(618, 8, 'JT-0069', '0', 3),
(619, 8, 'JT-0069', '1', 4),
(620, 8, 'JT-0069', '2', 4),
(621, 8, 'JT-0069', '3', 4),
(622, 8, 'JT-0069', '4', 4),
(623, 8, 'JT-0069', '5', 4),
(624, 9, 'JT-0153', '0', 4),
(625, 9, 'JT-0153', '1', 4),
(626, 9, 'JT-0153', '2', 4),
(627, 9, 'JT-0153', '3', 4),
(628, 9, 'JT-0153', '4', 4),
(629, 9, 'JT-0153', '5', 4),
(630, 9, 'JT-0049', '0', 2),
(631, 9, 'JT-0049', '1', 2),
(632, 9, 'JT-0049', '2', 3),
(633, 9, 'JT-0049', '3', 3),
(634, 9, 'JT-0049', '4', 3),
(635, 9, 'JT-0049', '5', 3),
(636, 9, 'JT-0102', '0', 3),
(637, 9, 'JT-0102', '1', 4),
(638, 9, 'JT-0102', '2', 4),
(639, 9, 'JT-0102', '3', 4),
(640, 9, 'JT-0102', '4', 4),
(641, 9, 'JT-0102', '5', 4),
(642, 9, 'JT-0069', '0', 3),
(643, 9, 'JT-0069', '1', 4),
(644, 9, 'JT-0069', '2', 4),
(645, 9, 'JT-0069', '3', 4),
(646, 9, 'JT-0069', '4', 4),
(647, 9, 'JT-0069', '5', 4),
(648, 10, 'JT-0153', '0', 4),
(649, 10, 'JT-0153', '1', 4),
(650, 10, 'JT-0153', '2', 4),
(651, 10, 'JT-0153', '3', 4),
(652, 10, 'JT-0153', '4', 4),
(653, 10, 'JT-0153', '5', 4),
(654, 10, 'JT-0049', '0', 2),
(655, 10, 'JT-0049', '1', 2),
(656, 10, 'JT-0049', '2', 3),
(657, 10, 'JT-0049', '3', 3),
(658, 10, 'JT-0049', '4', 3),
(659, 10, 'JT-0049', '5', 3),
(660, 10, 'JT-0102', '0', 3),
(661, 10, 'JT-0102', '1', 4),
(662, 10, 'JT-0102', '2', 4),
(663, 10, 'JT-0102', '3', 4),
(664, 10, 'JT-0102', '4', 4),
(665, 10, 'JT-0102', '5', 4),
(666, 10, 'JT-0069', '0', 3),
(667, 10, 'JT-0069', '1', 4),
(668, 10, 'JT-0069', '2', 4),
(669, 10, 'JT-0069', '3', 4),
(670, 10, 'JT-0069', '4', 4),
(671, 10, 'JT-0069', '5', 4),
(672, 11, 'JT-0153', '0', 4),
(673, 11, 'JT-0153', '1', 4),
(674, 11, 'JT-0153', '2', 4),
(675, 11, 'JT-0153', '3', 4),
(676, 11, 'JT-0153', '4', 4),
(677, 11, 'JT-0153', '5', 4),
(678, 11, 'JT-0049', '0', 2),
(679, 11, 'JT-0049', '1', 2),
(680, 11, 'JT-0049', '2', 3),
(681, 11, 'JT-0049', '3', 3),
(682, 11, 'JT-0049', '4', 3),
(683, 11, 'JT-0049', '5', 3),
(684, 11, 'JT-0102', '0', 3),
(685, 11, 'JT-0102', '1', 4),
(686, 11, 'JT-0102', '2', 4),
(687, 11, 'JT-0102', '3', 4),
(688, 11, 'JT-0102', '4', 4),
(689, 11, 'JT-0102', '5', 4),
(690, 11, 'JT-0069', '0', 3),
(691, 11, 'JT-0069', '1', 4),
(692, 11, 'JT-0069', '2', 4),
(693, 11, 'JT-0069', '3', 4),
(694, 11, 'JT-0069', '4', 4),
(695, 11, 'JT-0069', '5', 4),
(696, 12, 'JT-0153', '0', 4),
(697, 12, 'JT-0153', '1', 4),
(698, 12, 'JT-0153', '2', 4),
(699, 12, 'JT-0153', '3', 4),
(700, 12, 'JT-0153', '4', 4),
(701, 12, 'JT-0153', '5', 4),
(702, 12, 'JT-0049', '0', 2),
(703, 12, 'JT-0049', '1', 2),
(704, 12, 'JT-0049', '2', 3),
(705, 12, 'JT-0049', '3', 3),
(706, 12, 'JT-0049', '4', 3),
(707, 12, 'JT-0049', '5', 3),
(708, 12, 'JT-0102', '0', 3),
(709, 12, 'JT-0102', '1', 4),
(710, 12, 'JT-0102', '2', 4),
(711, 12, 'JT-0102', '3', 4),
(712, 12, 'JT-0102', '4', 4),
(713, 12, 'JT-0102', '5', 4),
(714, 12, 'JT-0069', '0', 3),
(715, 12, 'JT-0069', '1', 4),
(716, 12, 'JT-0069', '2', 4),
(717, 12, 'JT-0069', '3', 4),
(718, 12, 'JT-0069', '4', 4),
(719, 12, 'JT-0069', '5', 4),
(720, 13, 'JT-0153', '0', 4),
(721, 13, 'JT-0153', '1', 4),
(722, 13, 'JT-0153', '2', 4),
(723, 13, 'JT-0153', '3', 4),
(724, 13, 'JT-0153', '4', 4),
(725, 13, 'JT-0153', '5', 4),
(726, 13, 'JT-0049', '0', 2),
(727, 13, 'JT-0049', '1', 2),
(728, 13, 'JT-0049', '2', 3),
(729, 13, 'JT-0049', '3', 3),
(730, 13, 'JT-0049', '4', 3),
(731, 13, 'JT-0049', '5', 3),
(732, 13, 'JT-0102', '0', 3),
(733, 13, 'JT-0102', '1', 4),
(734, 13, 'JT-0102', '2', 4),
(735, 13, 'JT-0102', '3', 4),
(736, 13, 'JT-0102', '4', 4),
(737, 13, 'JT-0102', '5', 4),
(738, 13, 'JT-0069', '0', 3),
(739, 13, 'JT-0069', '1', 4),
(740, 13, 'JT-0069', '2', 4),
(741, 13, 'JT-0069', '3', 4),
(742, 13, 'JT-0069', '4', 4),
(743, 13, 'JT-0069', '5', 4),
(744, 14, 'JT-0153', '0', 4),
(745, 14, 'JT-0153', '1', 4),
(746, 14, 'JT-0153', '2', 4),
(747, 14, 'JT-0153', '3', 4),
(748, 14, 'JT-0153', '4', 4),
(749, 14, 'JT-0153', '5', 4),
(750, 14, 'JT-0049', '0', 2),
(751, 14, 'JT-0049', '1', 2),
(752, 14, 'JT-0049', '2', 3),
(753, 14, 'JT-0049', '3', 3),
(754, 14, 'JT-0049', '4', 3),
(755, 14, 'JT-0049', '5', 3),
(756, 14, 'JT-0102', '0', 3),
(757, 14, 'JT-0102', '1', 4),
(758, 14, 'JT-0102', '2', 4),
(759, 14, 'JT-0102', '3', 4),
(760, 14, 'JT-0102', '4', 4),
(761, 14, 'JT-0102', '5', 4),
(762, 14, 'JT-0069', '0', 3),
(763, 14, 'JT-0069', '1', 4),
(764, 14, 'JT-0069', '2', 4),
(765, 14, 'JT-0069', '3', 4),
(766, 14, 'JT-0069', '4', 4),
(767, 14, 'JT-0069', '5', 4),
(768, 15, 'JT-0153', '0', 4),
(769, 15, 'JT-0153', '1', 4),
(770, 15, 'JT-0153', '2', 4),
(771, 15, 'JT-0153', '3', 4),
(772, 15, 'JT-0153', '4', 4),
(773, 15, 'JT-0153', '5', 4),
(774, 15, 'JT-0049', '0', 2),
(775, 15, 'JT-0049', '1', 2),
(776, 15, 'JT-0049', '2', 3),
(777, 15, 'JT-0049', '3', 3),
(778, 15, 'JT-0049', '4', 3),
(779, 15, 'JT-0049', '5', 3),
(780, 15, 'JT-0102', '0', 3),
(781, 15, 'JT-0102', '1', 4),
(782, 15, 'JT-0102', '2', 4),
(783, 15, 'JT-0102', '3', 4),
(784, 15, 'JT-0102', '4', 4),
(785, 15, 'JT-0102', '5', 4),
(786, 15, 'JT-0069', '0', 3),
(787, 15, 'JT-0069', '1', 4),
(788, 15, 'JT-0069', '2', 4),
(789, 15, 'JT-0069', '3', 4),
(790, 15, 'JT-0069', '4', 4),
(791, 15, 'JT-0069', '5', 4),
(792, 16, 'JT-0153', '0', 4),
(793, 16, 'JT-0153', '1', 4),
(794, 16, 'JT-0153', '2', 4),
(795, 16, 'JT-0153', '3', 4),
(796, 16, 'JT-0153', '4', 4),
(797, 16, 'JT-0153', '5', 4),
(798, 16, 'JT-0049', '0', 2),
(799, 16, 'JT-0049', '1', 2),
(800, 16, 'JT-0049', '2', 3),
(801, 16, 'JT-0049', '3', 3),
(802, 16, 'JT-0049', '4', 3),
(803, 16, 'JT-0049', '5', 3),
(804, 16, 'JT-0102', '0', 3),
(805, 16, 'JT-0102', '1', 4),
(806, 16, 'JT-0102', '2', 4),
(807, 16, 'JT-0102', '3', 4),
(808, 16, 'JT-0102', '4', 4),
(809, 16, 'JT-0102', '5', 4),
(810, 16, 'JT-0069', '0', 3),
(811, 16, 'JT-0069', '1', 4),
(812, 16, 'JT-0069', '2', 4),
(813, 16, 'JT-0069', '3', 4),
(814, 16, 'JT-0069', '4', 4),
(815, 16, 'JT-0069', '5', 4),
(816, 17, 'JT-0153', '0', 4),
(817, 17, 'JT-0153', '1', 4),
(818, 17, 'JT-0153', '2', 4),
(819, 17, 'JT-0153', '3', 4),
(820, 17, 'JT-0153', '4', 4),
(821, 17, 'JT-0153', '5', 4),
(822, 17, 'JT-0102', '0', 3),
(823, 17, 'JT-0102', '1', 4),
(824, 17, 'JT-0102', '2', 4),
(825, 17, 'JT-0102', '3', 4),
(826, 17, 'JT-0102', '4', 4),
(827, 17, 'JT-0102', '5', 4),
(828, 17, 'JT-0069', '0', 3),
(829, 17, 'JT-0069', '1', 4),
(830, 17, 'JT-0069', '2', 4),
(831, 17, 'JT-0069', '3', 4),
(832, 17, 'JT-0069', '4', 4),
(833, 17, 'JT-0069', '5', 4),
(834, 18, 'JT-0153', '0', 4),
(835, 18, 'JT-0153', '1', 4),
(836, 18, 'JT-0153', '2', 4),
(837, 18, 'JT-0153', '3', 4),
(838, 18, 'JT-0153', '4', 4),
(839, 18, 'JT-0153', '5', 4),
(840, 18, 'JT-0049', '0', 2),
(841, 18, 'JT-0049', '1', 3),
(842, 18, 'JT-0049', '2', 3),
(843, 18, 'JT-0049', '3', 3),
(844, 18, 'JT-0049', '4', 3),
(845, 18, 'JT-0049', '5', 3),
(846, 18, 'JT-0102', '0', 3),
(847, 18, 'JT-0102', '1', 4),
(848, 18, 'JT-0102', '2', 4),
(849, 18, 'JT-0102', '3', 4),
(850, 18, 'JT-0102', '4', 4),
(851, 18, 'JT-0102', '5', 4),
(852, 18, 'JT-0069', '0', 3),
(853, 18, 'JT-0069', '1', 4),
(854, 18, 'JT-0069', '2', 4),
(855, 18, 'JT-0069', '3', 4),
(856, 18, 'JT-0069', '4', 4),
(857, 18, 'JT-0069', '5', 4),
(858, 19, 'JT-0153', '0', 4),
(859, 19, 'JT-0153', '1', 4),
(860, 19, 'JT-0153', '2', 4),
(861, 19, 'JT-0153', '3', 4),
(862, 19, 'JT-0153', '4', 4),
(863, 19, 'JT-0153', '5', 4),
(864, 19, 'JT-0102', '0', 3),
(865, 19, 'JT-0102', '1', 3),
(866, 19, 'JT-0102', '2', 3),
(867, 19, 'JT-0102', '3', 3),
(868, 19, 'JT-0102', '4', 3),
(869, 19, 'JT-0102', '5', 3),
(870, 19, 'JT-0049', '0', 2),
(871, 19, 'JT-0049', '1', 2),
(872, 19, 'JT-0049', '2', 2),
(873, 19, 'JT-0049', '3', 2),
(874, 19, 'JT-0049', '4', 2),
(875, 19, 'JT-0049', '5', 3),
(876, 19, 'JT-0069', '0', 2),
(877, 19, 'JT-0069', '1', 2),
(878, 19, 'JT-0069', '2', 2),
(879, 19, 'JT-0069', '3', 2),
(880, 19, 'JT-0069', '4', 2),
(881, 19, 'JT-0069', '5', 2),
(882, 20, 'JT-0153', '0', 4),
(883, 20, 'JT-0153', '1', 4),
(884, 20, 'JT-0153', '2', 4),
(885, 20, 'JT-0153', '3', 4),
(886, 20, 'JT-0153', '4', 4),
(887, 20, 'JT-0153', '5', 4),
(888, 20, 'JT-0049', '0', 2),
(889, 20, 'JT-0049', '1', 2),
(890, 20, 'JT-0049', '2', 3),
(891, 20, 'JT-0049', '3', 3),
(892, 20, 'JT-0049', '4', 3),
(893, 20, 'JT-0049', '5', 3),
(894, 20, 'JT-0102', '0', 3),
(895, 20, 'JT-0102', '1', 4),
(896, 20, 'JT-0102', '2', 4),
(897, 20, 'JT-0102', '3', 4),
(898, 20, 'JT-0102', '4', 4),
(899, 20, 'JT-0102', '5', 4),
(900, 20, 'JT-0069', '0', 3),
(901, 20, 'JT-0069', '1', 4),
(902, 20, 'JT-0069', '2', 4),
(903, 20, 'JT-0069', '3', 4),
(904, 20, 'JT-0069', '4', 4),
(905, 20, 'JT-0069', '5', 4),
(906, 21, 'JT-0153', '0', 4),
(907, 21, 'JT-0153', '1', 4),
(908, 21, 'JT-0153', '2', 4),
(909, 21, 'JT-0153', '3', 4),
(910, 21, 'JT-0153', '4', 4),
(911, 21, 'JT-0153', '5', 4),
(912, 22, 'JT-0153', '0', 4),
(913, 22, 'JT-0153', '1', 4),
(914, 22, 'JT-0153', '2', 4),
(915, 22, 'JT-0153', '3', 4),
(916, 22, 'JT-0153', '4', 4),
(917, 22, 'JT-0153', '5', 4),
(918, 23, 'JT-0153', '0', 4),
(919, 23, 'JT-0153', '1', 4),
(920, 23, 'JT-0153', '2', 4),
(921, 23, 'JT-0153', '3', 4),
(922, 23, 'JT-0153', '4', 4),
(923, 23, 'JT-0153', '5', 4),
(924, 24, 'JT-0153', '0', 4),
(925, 24, 'JT-0153', '1', 4),
(926, 24, 'JT-0153', '2', 4),
(927, 24, 'JT-0153', '3', 4),
(928, 24, 'JT-0153', '4', 4),
(929, 24, 'JT-0153', '5', 4),
(930, 25, 'JT-0153', '0', 4),
(931, 25, 'JT-0153', '1', 4),
(932, 25, 'JT-0153', '2', 4),
(933, 25, 'JT-0153', '3', 4),
(934, 25, 'JT-0153', '4', 4),
(935, 25, 'JT-0153', '5', 4),
(936, 26, 'JT-0153', '0', 4),
(937, 26, 'JT-0153', '1', 4),
(938, 26, 'JT-0153', '2', 4),
(939, 26, 'JT-0153', '3', 4),
(940, 26, 'JT-0153', '4', 4),
(941, 26, 'JT-0153', '5', 4),
(942, 27, 'JT-0153', '0', 4),
(943, 27, 'JT-0153', '1', 4),
(944, 27, 'JT-0153', '2', 4),
(945, 27, 'JT-0153', '3', 4),
(946, 27, 'JT-0153', '4', 4),
(947, 27, 'JT-0153', '5', 4),
(948, 28, 'JT-0153', '0', 4),
(949, 28, 'JT-0153', '1', 4),
(950, 28, 'JT-0153', '2', 4),
(951, 28, 'JT-0153', '3', 4),
(952, 28, 'JT-0153', '4', 4),
(953, 28, 'JT-0153', '5', 4),
(954, 29, 'JT-0153', '0', 0),
(955, 29, 'JT-0153', '1', 2),
(956, 29, 'JT-0153', '2', 2),
(957, 29, 'JT-0153', '3', 2),
(958, 29, 'JT-0153', '4', 2),
(959, 29, 'JT-0153', '5', 2),
(960, 30, 'JT-0153', '0', 1),
(961, 30, 'JT-0153', '1', 2),
(962, 30, 'JT-0153', '2', 3),
(963, 30, 'JT-0153', '3', 3),
(964, 30, 'JT-0153', '4', 3),
(965, 30, 'JT-0153', '5', 3),
(966, 31, 'JT-0153', '0', 1),
(967, 31, 'JT-0153', '1', 2),
(968, 31, 'JT-0153', '2', 2),
(969, 31, 'JT-0153', '3', 3),
(970, 31, 'JT-0153', '4', 3),
(971, 31, 'JT-0153', '5', 3),
(972, 32, 'JT-0153', '0', 2),
(973, 32, 'JT-0153', '1', 3),
(974, 32, 'JT-0153', '2', 3),
(975, 32, 'JT-0153', '3', 3),
(976, 32, 'JT-0153', '4', 3),
(977, 32, 'JT-0153', '5', 3),
(978, 32, 'JT-0102', '0', 1),
(979, 32, 'JT-0102', '1', 2),
(980, 32, 'JT-0102', '2', 3),
(981, 32, 'JT-0102', '3', 3),
(982, 32, 'JT-0102', '4', 3),
(983, 32, 'JT-0102', '5', 3),
(984, 33, 'JT-0153', '0', 1),
(985, 33, 'JT-0153', '1', 2),
(986, 33, 'JT-0153', '2', 2),
(987, 33, 'JT-0153', '3', 2),
(988, 33, 'JT-0153', '4', 2),
(989, 33, 'JT-0153', '5', 2),
(990, 34, 'JT-0153', '0', 4),
(991, 34, 'JT-0153', '1', 4),
(992, 34, 'JT-0153', '2', 4),
(993, 34, 'JT-0153', '3', 4),
(994, 34, 'JT-0153', '4', 4),
(995, 34, 'JT-0153', '5', 4),
(996, 34, 'JT-0102', '0', 3),
(997, 34, 'JT-0102', '1', 3),
(998, 34, 'JT-0102', '2', 4),
(999, 34, 'JT-0102', '3', 4),
(1000, 34, 'JT-0102', '4', 4),
(1001, 34, 'JT-0102', '5', 4),
(1002, 34, 'JT-0049', '0', 2),
(1003, 34, 'JT-0049', '1', 3),
(1004, 34, 'JT-0049', '2', 4),
(1005, 34, 'JT-0049', '3', 4),
(1006, 34, 'JT-0049', '4', 4),
(1007, 34, 'JT-0049', '5', 4),
(1008, 34, 'JT-0069', '0', 2),
(1009, 34, 'JT-0069', '1', 2),
(1010, 34, 'JT-0069', '2', 3),
(1011, 34, 'JT-0069', '3', 3),
(1012, 34, 'JT-0069', '4', 3),
(1013, 34, 'JT-0069', '5', 3),
(1014, 35, 'JT-0153', '0', 4),
(1015, 35, 'JT-0153', '1', 4),
(1016, 35, 'JT-0153', '2', 4),
(1017, 35, 'JT-0153', '3', 4),
(1018, 35, 'JT-0153', '4', 4),
(1019, 35, 'JT-0153', '5', 4),
(1020, 35, 'JT-0049', '0', 2),
(1021, 35, 'JT-0049', '1', 3),
(1022, 35, 'JT-0049', '2', 4),
(1023, 35, 'JT-0049', '3', 4),
(1024, 35, 'JT-0049', '4', 4),
(1025, 35, 'JT-0049', '5', 4),
(1026, 35, 'JT-0102', '0', 3),
(1027, 35, 'JT-0102', '1', 3),
(1028, 35, 'JT-0102', '2', 3),
(1029, 35, 'JT-0102', '3', 4),
(1030, 35, 'JT-0102', '4', 4),
(1031, 35, 'JT-0102', '5', 4),
(1032, 35, 'JT-0069', '0', 2),
(1033, 35, 'JT-0069', '1', 2),
(1034, 35, 'JT-0069', '2', 3),
(1035, 35, 'JT-0069', '3', 3),
(1036, 35, 'JT-0069', '4', 3),
(1037, 35, 'JT-0069', '5', 3),
(1038, 36, 'JT-0153', '0', 4),
(1039, 36, 'JT-0153', '1', 4),
(1040, 36, 'JT-0153', '2', 4),
(1041, 36, 'JT-0153', '3', 4),
(1042, 36, 'JT-0153', '4', 4),
(1043, 36, 'JT-0153', '5', 4),
(1044, 36, 'JT-0102', '0', 3),
(1045, 36, 'JT-0102', '1', 3),
(1046, 36, 'JT-0102', '2', 3),
(1047, 36, 'JT-0102', '3', 4),
(1048, 36, 'JT-0102', '4', 4),
(1049, 36, 'JT-0102', '5', 4),
(1050, 36, 'JT-0049', '0', 2),
(1051, 36, 'JT-0049', '1', 3),
(1052, 36, 'JT-0049', '2', 3),
(1053, 36, 'JT-0049', '3', 3),
(1054, 36, 'JT-0049', '4', 3),
(1055, 36, 'JT-0049', '5', 3),
(1056, 37, 'JT-0153', '0', 4),
(1057, 37, 'JT-0153', '1', 4),
(1058, 37, 'JT-0153', '2', 4),
(1059, 37, 'JT-0153', '3', 4),
(1060, 37, 'JT-0153', '4', 4),
(1061, 37, 'JT-0153', '5', 4),
(1062, 37, 'JT-0102', '0', 3),
(1063, 37, 'JT-0102', '1', 3),
(1064, 37, 'JT-0102', '2', 3),
(1065, 37, 'JT-0102', '3', 4),
(1066, 37, 'JT-0102', '4', 4),
(1067, 37, 'JT-0102', '5', 4),
(1068, 37, 'JT-0049', '0', 2),
(1069, 37, 'JT-0049', '1', 3),
(1070, 37, 'JT-0049', '2', 3),
(1071, 37, 'JT-0049', '3', 3),
(1072, 37, 'JT-0049', '4', 3),
(1073, 37, 'JT-0049', '5', 3),
(1074, 38, 'JT-0153', '0', 4),
(1075, 38, 'JT-0153', '1', 4),
(1076, 38, 'JT-0153', '2', 4),
(1077, 38, 'JT-0153', '3', 4),
(1078, 38, 'JT-0153', '4', 4),
(1079, 38, 'JT-0153', '5', 4),
(1080, 38, 'JT-0102', '0', 3),
(1081, 38, 'JT-0102', '1', 3),
(1082, 38, 'JT-0102', '2', 3),
(1083, 38, 'JT-0102', '3', 4),
(1084, 38, 'JT-0102', '4', 4),
(1085, 38, 'JT-0102', '5', 4),
(1086, 38, 'JT-0049', '0', 3),
(1087, 38, 'JT-0049', '1', 3),
(1088, 38, 'JT-0049', '2', 3),
(1089, 38, 'JT-0049', '3', 3),
(1090, 38, 'JT-0049', '4', 3),
(1091, 38, 'JT-0049', '5', 3),
(1092, 38, 'JT-0069', '0', 3),
(1093, 38, 'JT-0069', '1', 3),
(1094, 38, 'JT-0069', '2', 3),
(1095, 38, 'JT-0069', '3', 3),
(1096, 38, 'JT-0069', '4', 3),
(1097, 38, 'JT-0069', '5', 3),
(1098, 39, 'JT-0153', '0', 4),
(1099, 39, 'JT-0153', '1', 4),
(1100, 39, 'JT-0153', '2', 4),
(1101, 39, 'JT-0153', '3', 4),
(1102, 39, 'JT-0153', '4', 4),
(1103, 39, 'JT-0153', '5', 4),
(1104, 39, 'JT-0102', '0', 3),
(1105, 39, 'JT-0102', '1', 3),
(1106, 39, 'JT-0102', '2', 3),
(1107, 39, 'JT-0102', '3', 4),
(1108, 39, 'JT-0102', '4', 4),
(1109, 39, 'JT-0102', '5', 4),
(1110, 39, 'JT-0049', '0', 2),
(1111, 39, 'JT-0049', '1', 3),
(1112, 39, 'JT-0049', '2', 3),
(1113, 39, 'JT-0049', '3', 3),
(1114, 39, 'JT-0049', '4', 3),
(1115, 39, 'JT-0049', '5', 3),
(1116, 39, 'JT-0069', '0', 1),
(1117, 39, 'JT-0069', '1', 1),
(1118, 39, 'JT-0069', '2', 1),
(1119, 39, 'JT-0069', '3', 1),
(1120, 39, 'JT-0069', '4', 1),
(1121, 39, 'JT-0069', '5', 1),
(1122, 40, 'JT-0153', '0', 4),
(1123, 40, 'JT-0153', '1', 4),
(1124, 40, 'JT-0153', '2', 4),
(1125, 40, 'JT-0153', '3', 4),
(1126, 40, 'JT-0153', '4', 4),
(1127, 40, 'JT-0153', '5', 4),
(1128, 40, 'JT-0102', '0', 3),
(1129, 40, 'JT-0102', '1', 3),
(1130, 40, 'JT-0102', '2', 3),
(1131, 40, 'JT-0102', '3', 4),
(1132, 40, 'JT-0102', '4', 4),
(1133, 40, 'JT-0102', '5', 4),
(1134, 40, 'JT-0049', '0', 2),
(1135, 40, 'JT-0049', '1', 3),
(1136, 40, 'JT-0049', '2', 3),
(1137, 40, 'JT-0049', '3', 3),
(1138, 40, 'JT-0049', '4', 3),
(1139, 40, 'JT-0049', '5', 3),
(1140, 40, 'JT-0069', '0', 2),
(1141, 40, 'JT-0069', '1', 3),
(1142, 40, 'JT-0069', '2', 3),
(1143, 40, 'JT-0069', '3', 3),
(1144, 40, 'JT-0069', '4', 3),
(1145, 40, 'JT-0069', '5', 3),
(1146, 41, 'JT-0153', '0', 4),
(1147, 41, 'JT-0153', '1', 4),
(1148, 41, 'JT-0153', '2', 4),
(1149, 41, 'JT-0153', '3', 4),
(1150, 41, 'JT-0153', '4', 4),
(1151, 41, 'JT-0153', '5', 4),
(1152, 41, 'JT-0102', '0', 3),
(1153, 41, 'JT-0102', '1', 3),
(1154, 41, 'JT-0102', '2', 3),
(1155, 41, 'JT-0102', '3', 4),
(1156, 41, 'JT-0102', '4', 4),
(1157, 41, 'JT-0102', '5', 4),
(1158, 41, 'JT-0049', '0', 1),
(1159, 41, 'JT-0049', '1', 3),
(1160, 41, 'JT-0049', '2', 3),
(1161, 41, 'JT-0049', '3', 3),
(1162, 41, 'JT-0049', '4', 3),
(1163, 41, 'JT-0049', '5', 3),
(1164, 41, 'JT-0069', '0', 1),
(1165, 41, 'JT-0069', '1', 1),
(1166, 41, 'JT-0069', '2', 1),
(1167, 41, 'JT-0069', '3', 1),
(1168, 41, 'JT-0069', '4', 1),
(1169, 41, 'JT-0069', '5', 1),
(1170, 42, 'JT-0153', '0', 4),
(1171, 42, 'JT-0153', '1', 4),
(1172, 42, 'JT-0153', '2', 4),
(1173, 42, 'JT-0153', '3', 4),
(1174, 42, 'JT-0153', '4', 4),
(1175, 42, 'JT-0153', '5', 4),
(1176, 42, 'JT-0102', '0', 3),
(1177, 42, 'JT-0102', '1', 3),
(1178, 42, 'JT-0102', '2', 3),
(1179, 42, 'JT-0102', '3', 4),
(1180, 42, 'JT-0102', '4', 4),
(1181, 42, 'JT-0102', '5', 4),
(1182, 42, 'JT-0049', '0', 1),
(1183, 42, 'JT-0049', '1', 1),
(1184, 42, 'JT-0049', '2', 1),
(1185, 42, 'JT-0049', '3', 1),
(1186, 42, 'JT-0049', '4', 1),
(1187, 42, 'JT-0049', '5', 1),
(1188, 43, 'JT-0153', '0', 4),
(1189, 43, 'JT-0153', '1', 4),
(1190, 43, 'JT-0153', '2', 4),
(1191, 43, 'JT-0153', '3', 4),
(1192, 43, 'JT-0153', '4', 4),
(1193, 43, 'JT-0153', '5', 4),
(1194, 43, 'JT-0102', '0', 3),
(1195, 43, 'JT-0102', '1', 3),
(1196, 43, 'JT-0102', '2', 3),
(1197, 43, 'JT-0102', '3', 4),
(1198, 43, 'JT-0102', '4', 4),
(1199, 43, 'JT-0102', '5', 4),
(1200, 43, 'JT-0049', '0', 4),
(1201, 43, 'JT-0049', '1', 4),
(1202, 43, 'JT-0049', '2', 4),
(1203, 43, 'JT-0049', '3', 4),
(1204, 43, 'JT-0049', '4', 4),
(1205, 43, 'JT-0049', '5', 4),
(1206, 44, 'JT-0153', '0', 3),
(1207, 44, 'JT-0153', '1', 4),
(1208, 44, 'JT-0153', '2', 4),
(1209, 44, 'JT-0153', '3', 4),
(1210, 44, 'JT-0153', '4', 4),
(1211, 44, 'JT-0153', '5', 4),
(1212, 44, 'JT-0102', '0', 2),
(1213, 44, 'JT-0102', '1', 3),
(1214, 44, 'JT-0102', '2', 3),
(1215, 44, 'JT-0102', '3', 4),
(1216, 44, 'JT-0102', '4', 4),
(1217, 44, 'JT-0102', '5', 4),
(1218, 44, 'JT-0049', '0', 1),
(1219, 44, 'JT-0049', '1', 1),
(1220, 44, 'JT-0049', '2', 1),
(1221, 44, 'JT-0049', '3', 1),
(1222, 44, 'JT-0049', '4', 1),
(1223, 44, 'JT-0049', '5', 1),
(1224, 45, 'JT-0153', '0', 3),
(1225, 45, 'JT-0153', '1', 4),
(1226, 45, 'JT-0153', '2', 4),
(1227, 45, 'JT-0153', '3', 4),
(1228, 45, 'JT-0153', '4', 4),
(1229, 45, 'JT-0153', '5', 4),
(1230, 45, 'JT-0102', '0', 3),
(1231, 45, 'JT-0102', '1', 3),
(1232, 45, 'JT-0102', '2', 3),
(1233, 45, 'JT-0102', '3', 4),
(1234, 45, 'JT-0102', '4', 4),
(1235, 45, 'JT-0102', '5', 4),
(1236, 45, 'JT-0049', '0', 1),
(1237, 45, 'JT-0049', '1', 2),
(1238, 45, 'JT-0049', '2', 3),
(1239, 45, 'JT-0049', '3', 3),
(1240, 45, 'JT-0049', '4', 3),
(1241, 45, 'JT-0049', '5', 3),
(1242, 45, 'JT-0069', '0', 1),
(1243, 45, 'JT-0069', '1', 1),
(1244, 45, 'JT-0069', '2', 1),
(1245, 45, 'JT-0069', '3', 2),
(1246, 45, 'JT-0069', '4', 2),
(1247, 45, 'JT-0069', '5', 2),
(1248, 46, 'JT-0153', '0', 4),
(1249, 46, 'JT-0153', '1', 4),
(1250, 46, 'JT-0153', '2', 4),
(1251, 46, 'JT-0153', '3', 4),
(1252, 46, 'JT-0153', '4', 4),
(1253, 46, 'JT-0153', '5', 4),
(1254, 46, 'JT-0102', '0', 3),
(1255, 46, 'JT-0102', '1', 3),
(1256, 46, 'JT-0102', '2', 3),
(1257, 46, 'JT-0102', '3', 4),
(1258, 46, 'JT-0102', '4', 4),
(1259, 46, 'JT-0102', '5', 4),
(1260, 46, 'JT-0049', '0', 1),
(1261, 46, 'JT-0049', '1', 2),
(1262, 46, 'JT-0049', '2', 3),
(1263, 46, 'JT-0049', '3', 3),
(1264, 46, 'JT-0049', '4', 3),
(1265, 46, 'JT-0049', '5', 3),
(1266, 46, 'JT-0070', '0', 1),
(1267, 46, 'JT-0070', '1', 1),
(1268, 46, 'JT-0070', '2', 1),
(1269, 46, 'JT-0070', '3', 3),
(1270, 46, 'JT-0070', '4', 3),
(1271, 46, 'JT-0070', '5', 3),
(1272, 47, 'JT-0153', '0', 2),
(1273, 47, 'JT-0153', '1', 4),
(1274, 47, 'JT-0153', '2', 4),
(1275, 47, 'JT-0153', '3', 4),
(1276, 47, 'JT-0153', '4', 4),
(1277, 47, 'JT-0153', '5', 4),
(1278, 47, 'JT-0102', '0', 1),
(1279, 47, 'JT-0102', '1', 1),
(1280, 47, 'JT-0102', '2', 1),
(1281, 47, 'JT-0102', '3', 1),
(1282, 47, 'JT-0102', '4', 1),
(1283, 47, 'JT-0102', '5', 1),
(1284, 47, 'JT-0069', '0', 4),
(1285, 47, 'JT-0069', '1', 3),
(1286, 47, 'JT-0069', '2', 3),
(1287, 47, 'JT-0069', '3', 3),
(1288, 47, 'JT-0069', '4', 3),
(1289, 47, 'JT-0069', '5', 3),
(1290, 48, 'JT-0153', '0', 2),
(1291, 48, 'JT-0153', '1', 2),
(1292, 48, 'JT-0153', '2', 3),
(1293, 48, 'JT-0153', '3', 3),
(1294, 48, 'JT-0153', '4', 3),
(1295, 48, 'JT-0153', '5', 3),
(1296, 49, 'JT-0153', '0', 2),
(1297, 49, 'JT-0153', '1', 2),
(1298, 49, 'JT-0153', '2', 3),
(1299, 49, 'JT-0153', '3', 3),
(1300, 49, 'JT-0153', '4', 3),
(1301, 49, 'JT-0153', '5', 3),
(1302, 49, 'JT-0102', '0', 1),
(1303, 49, 'JT-0102', '1', 1),
(1304, 49, 'JT-0102', '2', 2),
(1305, 49, 'JT-0102', '3', 2),
(1306, 49, 'JT-0102', '4', 2),
(1307, 49, 'JT-0102', '5', 2),
(1308, 50, 'JT-0153', '0', 0),
(1309, 50, 'JT-0153', '1', 1),
(1310, 50, 'JT-0153', '2', 2),
(1311, 50, 'JT-0153', '3', 2),
(1312, 50, 'JT-0153', '4', 2),
(1313, 50, 'JT-0153', '5', 2),
(1314, 1385, 'JT-0153', '0', 4),
(1315, 1385, 'JT-0153', '1', 4),
(1316, 1385, 'JT-0153', '2', 4),
(1317, 1385, 'JT-0153', '3', 4),
(1318, 1385, 'JT-0153', '4', 4),
(1319, 1385, 'JT-0153', '5', 4),
(1320, 1385, 'JT-0102', '0', 3),
(1321, 1385, 'JT-0102', '1', 3),
(1322, 1385, 'JT-0102', '2', 4),
(1323, 1385, 'JT-0102', '3', 4),
(1324, 1385, 'JT-0102', '4', 4),
(1325, 1385, 'JT-0102', '5', 4),
(1326, 1385, 'JT-0049', '0', 4),
(1327, 1385, 'JT-0049', '1', 4),
(1328, 1385, 'JT-0049', '2', 4),
(1329, 1385, 'JT-0049', '3', 4),
(1330, 1385, 'JT-0049', '4', 4),
(1331, 1385, 'JT-0049', '5', 4),
(1332, 1385, 'JT-0069', '0', 3),
(1333, 1385, 'JT-0069', '1', 3),
(1334, 1385, 'JT-0069', '2', 3),
(1335, 1385, 'JT-0069', '3', 3),
(1336, 1385, 'JT-0069', '4', 3),
(1337, 1385, 'JT-0069', '5', 3),
(1338, 1386, 'JT-0153', '0', 4),
(1339, 1386, 'JT-0153', '1', 4),
(1340, 1386, 'JT-0153', '2', 4),
(1341, 1386, 'JT-0153', '3', 4),
(1342, 1386, 'JT-0153', '4', 4),
(1343, 1386, 'JT-0153', '5', 4),
(1344, 1386, 'JT-0102', '0', 3),
(1345, 1386, 'JT-0102', '1', 3),
(1346, 1386, 'JT-0102', '2', 4),
(1347, 1386, 'JT-0102', '3', 4),
(1348, 1386, 'JT-0102', '4', 4),
(1349, 1386, 'JT-0102', '5', 4),
(1350, 1386, 'JT-0049', '0', 3),
(1351, 1386, 'JT-0049', '1', 3),
(1352, 1386, 'JT-0049', '2', 3),
(1353, 1386, 'JT-0049', '3', 3),
(1354, 1386, 'JT-0049', '4', 3),
(1355, 1386, 'JT-0049', '5', 3),
(1356, 1386, 'JT-0069', '0', 0),
(1357, 1386, 'JT-0069', '1', 1),
(1358, 1386, 'JT-0069', '2', 2),
(1359, 1386, 'JT-0069', '3', 2),
(1360, 1386, 'JT-0069', '4', 2),
(1361, 1386, 'JT-0069', '5', 2),
(1362, 103, 'JT-0153', '0', 4),
(1363, 103, 'JT-0153', '1', 4),
(1364, 103, 'JT-0153', '2', 4),
(1365, 103, 'JT-0153', '3', 4),
(1366, 103, 'JT-0153', '4', 4),
(1367, 103, 'JT-0153', '5', 4),
(1368, 103, 'JT-0102', '0', 3),
(1369, 103, 'JT-0102', '1', 3),
(1370, 103, 'JT-0102', '2', 4),
(1371, 103, 'JT-0102', '3', 4),
(1372, 103, 'JT-0102', '4', 4),
(1373, 103, 'JT-0102', '5', 4),
(1374, 103, 'JT-0049', '0', 2),
(1375, 103, 'JT-0049', '1', 3),
(1376, 103, 'JT-0049', '2', 3),
(1377, 103, 'JT-0049', '3', 3),
(1378, 103, 'JT-0049', '4', 3),
(1379, 103, 'JT-0049', '5', 3),
(1380, 104, 'JT-0153', '0', 3),
(1381, 104, 'JT-0153', '1', 4),
(1382, 104, 'JT-0153', '2', 4),
(1383, 104, 'JT-0153', '3', 4),
(1384, 104, 'JT-0153', '4', 4),
(1385, 104, 'JT-0153', '5', 4),
(1386, 104, 'JT-0102', '0', 3),
(1387, 104, 'JT-0102', '1', 3),
(1388, 104, 'JT-0102', '2', 3),
(1389, 104, 'JT-0102', '3', 3),
(1390, 104, 'JT-0102', '4', 3),
(1391, 104, 'JT-0102', '5', 3),
(1392, 104, 'JT-0049', '0', 0),
(1393, 104, 'JT-0049', '1', 2),
(1394, 104, 'JT-0049', '2', 3),
(1395, 104, 'JT-0049', '3', 3),
(1396, 104, 'JT-0049', '4', 3),
(1397, 104, 'JT-0049', '5', 3),
(1398, 105, 'JT-0153', '0', 2),
(1399, 105, 'JT-0153', '1', 3),
(1400, 105, 'JT-0153', '2', 4),
(1401, 105, 'JT-0153', '3', 4),
(1402, 105, 'JT-0153', '4', 4),
(1403, 105, 'JT-0153', '5', 4),
(1404, 105, 'JT-0102', '0', 2),
(1405, 105, 'JT-0102', '1', 3),
(1406, 105, 'JT-0102', '2', 4),
(1407, 105, 'JT-0102', '3', 4),
(1408, 105, 'JT-0102', '4', 4),
(1409, 105, 'JT-0102', '5', 4),
(1410, 105, 'JT-0049', '0', 2),
(1411, 105, 'JT-0049', '1', 2),
(1412, 105, 'JT-0049', '2', 3),
(1413, 105, 'JT-0049', '3', 3),
(1414, 105, 'JT-0049', '4', 3),
(1415, 105, 'JT-0049', '5', 3),
(1416, 105, 'JT-0069', '0', 1),
(1417, 105, 'JT-0069', '1', 2),
(1418, 105, 'JT-0069', '2', 2),
(1419, 105, 'JT-0069', '3', 2),
(1420, 105, 'JT-0069', '4', 2),
(1421, 105, 'JT-0069', '5', 2),
(1422, 106, 'JT-0153', '0', 2),
(1423, 106, 'JT-0153', '1', 3),
(1424, 106, 'JT-0153', '2', 3),
(1425, 106, 'JT-0153', '3', 3),
(1426, 106, 'JT-0153', '4', 3),
(1427, 106, 'JT-0153', '5', 3),
(1428, 106, 'JT-0102', '0', 2),
(1429, 106, 'JT-0102', '1', 3),
(1430, 106, 'JT-0102', '2', 3),
(1431, 106, 'JT-0102', '3', 3),
(1432, 106, 'JT-0102', '4', 3),
(1433, 106, 'JT-0102', '5', 3),
(1434, 106, 'JT-0049', '0', 0),
(1435, 106, 'JT-0049', '1', 2),
(1436, 106, 'JT-0049', '2', 3),
(1437, 106, 'JT-0049', '3', 3),
(1438, 106, 'JT-0049', '4', 3),
(1439, 106, 'JT-0049', '5', 3),
(1440, 106, 'JT-0069', '0', 2),
(1441, 106, 'JT-0069', '1', 2),
(1442, 106, 'JT-0069', '2', 3),
(1443, 106, 'JT-0069', '3', 3),
(1444, 106, 'JT-0069', '4', 3),
(1445, 106, 'JT-0069', '5', 3),
(1446, 107, 'JT-0153', '0', 3),
(1447, 107, 'JT-0153', '1', 4),
(1448, 107, 'JT-0153', '2', 4),
(1449, 107, 'JT-0153', '3', 4),
(1450, 107, 'JT-0153', '4', 4),
(1451, 107, 'JT-0153', '5', 4),
(1452, 107, 'JT-0102', '0', 3),
(1453, 107, 'JT-0102', '1', 3),
(1454, 107, 'JT-0102', '2', 3),
(1455, 107, 'JT-0102', '3', 3),
(1456, 107, 'JT-0102', '4', 3),
(1457, 107, 'JT-0102', '5', 3),
(1458, 107, 'JT-0049', '0', 2),
(1459, 107, 'JT-0049', '1', 2),
(1460, 107, 'JT-0049', '2', 2),
(1461, 107, 'JT-0049', '3', 2),
(1462, 107, 'JT-0049', '4', 2),
(1463, 107, 'JT-0049', '5', 2),
(1464, 108, 'JT-0153', '0', 2),
(1465, 108, 'JT-0153', '1', 4),
(1466, 108, 'JT-0153', '2', 4),
(1467, 108, 'JT-0153', '3', 4),
(1468, 108, 'JT-0153', '4', 4),
(1469, 108, 'JT-0153', '5', 4),
(1470, 108, 'JT-0102', '0', 2),
(1471, 108, 'JT-0102', '1', 2),
(1472, 108, 'JT-0102', '2', 3),
(1473, 108, 'JT-0102', '3', 3),
(1474, 108, 'JT-0102', '4', 3),
(1475, 108, 'JT-0102', '5', 3),
(1476, 109, 'JT-0153', '0', 4),
(1477, 109, 'JT-0153', '1', 4),
(1478, 109, 'JT-0153', '2', 4),
(1479, 109, 'JT-0153', '3', 4),
(1480, 109, 'JT-0153', '4', 4),
(1481, 109, 'JT-0153', '5', 4),
(1482, 109, 'JT-0102', '0', 3),
(1483, 109, 'JT-0102', '1', 4),
(1484, 109, 'JT-0102', '2', 4),
(1485, 109, 'JT-0102', '3', 4),
(1486, 109, 'JT-0102', '4', 4),
(1487, 109, 'JT-0102', '5', 4),
(1488, 109, 'JT-0049', '0', 2),
(1489, 109, 'JT-0049', '1', 3),
(1490, 109, 'JT-0049', '2', 3),
(1491, 109, 'JT-0049', '3', 3),
(1492, 109, 'JT-0049', '4', 3),
(1493, 109, 'JT-0049', '5', 3),
(1494, 110, 'JT-0153', '0', 2),
(1495, 110, 'JT-0153', '1', 3),
(1496, 110, 'JT-0153', '2', 3),
(1497, 110, 'JT-0153', '3', 3),
(1498, 110, 'JT-0153', '4', 4),
(1499, 110, 'JT-0153', '5', 3),
(1500, 110, 'JT-0102', '0', 1),
(1501, 110, 'JT-0102', '1', 2),
(1502, 110, 'JT-0102', '2', 3),
(1503, 110, 'JT-0102', '3', 3),
(1504, 110, 'JT-0102', '4', 3),
(1505, 110, 'JT-0102', '5', 3),
(1506, 111, 'JT-0153', '0', 2),
(1507, 111, 'JT-0153', '1', 3),
(1508, 111, 'JT-0153', '2', 3),
(1509, 111, 'JT-0153', '3', 3),
(1510, 111, 'JT-0153', '4', 3),
(1511, 111, 'JT-0153', '5', 3),
(1512, 111, 'JT-0102', '0', 2),
(1513, 111, 'JT-0102', '1', 3),
(1514, 111, 'JT-0102', '2', 3),
(1515, 111, 'JT-0102', '3', 3),
(1516, 111, 'JT-0102', '4', 3),
(1517, 111, 'JT-0102', '5', 3),
(1518, 111, 'JT-0049', '0', 1),
(1519, 111, 'JT-0049', '1', 2),
(1520, 111, 'JT-0049', '2', 2),
(1521, 111, 'JT-0049', '3', 2),
(1522, 111, 'JT-0049', '4', 2),
(1523, 111, 'JT-0049', '5', 2),
(1524, 112, 'JT-0153', '0', 2),
(1525, 112, 'JT-0153', '1', 4),
(1526, 112, 'JT-0153', '2', 4),
(1527, 112, 'JT-0153', '3', 4),
(1528, 112, 'JT-0153', '4', 4),
(1529, 112, 'JT-0153', '5', 4),
(1530, 112, 'JT-0102', '0', 2),
(1531, 112, 'JT-0102', '1', 2),
(1532, 112, 'JT-0102', '2', 3),
(1533, 112, 'JT-0102', '3', 3),
(1534, 112, 'JT-0102', '4', 3),
(1535, 112, 'JT-0102', '5', 3),
(1536, 113, 'JT-0153', '0', 2),
(1537, 113, 'JT-0153', '1', 2),
(1538, 113, 'JT-0153', '2', 2),
(1539, 113, 'JT-0153', '3', 2),
(1540, 113, 'JT-0153', '4', 2),
(1541, 113, 'JT-0153', '5', 2),
(1542, 113, 'JT-0102', '0', 2),
(1543, 113, 'JT-0102', '1', 2),
(1544, 113, 'JT-0102', '2', 2),
(1545, 113, 'JT-0102', '3', 2),
(1546, 113, 'JT-0102', '4', 2),
(1547, 113, 'JT-0102', '5', 2),
(1548, 113, 'JT-0049', '0', 0),
(1549, 113, 'JT-0049', '1', 1),
(1550, 113, 'JT-0049', '2', 1),
(1551, 113, 'JT-0049', '3', 1),
(1552, 113, 'JT-0049', '4', 1),
(1553, 113, 'JT-0049', '5', 1),
(1554, 113, 'JT-0069', '0', 3),
(1555, 113, 'JT-0069', '1', 4),
(1556, 113, 'JT-0069', '2', 4),
(1557, 113, 'JT-0069', '3', 4),
(1558, 113, 'JT-0069', '4', 4),
(1559, 113, 'JT-0069', '5', 4),
(1560, 114, 'JT-0049', '0', 4),
(1561, 114, 'JT-0049', '1', 4),
(1562, 114, 'JT-0049', '2', 4),
(1563, 114, 'JT-0049', '3', 4),
(1564, 114, 'JT-0049', '4', 4),
(1565, 114, 'JT-0049', '5', 4),
(1566, 114, 'JT-0102', '0', 4),
(1567, 114, 'JT-0102', '1', 4),
(1568, 114, 'JT-0102', '2', 4),
(1569, 114, 'JT-0102', '3', 4),
(1570, 114, 'JT-0102', '4', 4),
(1571, 114, 'JT-0102', '5', 4),
(1572, 114, 'JT-0153', '0', 4),
(1573, 114, 'JT-0153', '1', 4),
(1574, 114, 'JT-0153', '2', 4),
(1575, 114, 'JT-0153', '3', 4),
(1576, 114, 'JT-0153', '4', 4),
(1577, 114, 'JT-0153', '5', 4),
(1578, 114, 'JT-0069', '0', 1),
(1579, 114, 'JT-0069', '1', 2),
(1580, 114, 'JT-0069', '2', 2),
(1581, 114, 'JT-0069', '3', 2),
(1582, 114, 'JT-0069', '4', 2),
(1583, 114, 'JT-0069', '5', 2),
(1584, 115, 'JT-0153', '0', 1),
(1585, 115, 'JT-0153', '1', 1),
(1586, 115, 'JT-0153', '2', 2),
(1587, 115, 'JT-0153', '3', 2),
(1588, 115, 'JT-0153', '4', 2),
(1589, 115, 'JT-0153', '5', 2),
(1590, 115, 'JT-0102', '0', 1),
(1591, 115, 'JT-0102', '1', 1),
(1592, 115, 'JT-0102', '2', 1),
(1593, 115, 'JT-0102', '3', 1),
(1594, 115, 'JT-0102', '4', 1),
(1595, 115, 'JT-0102', '5', 1),
(1596, 115, 'JT-0049', '0', 0),
(1597, 115, 'JT-0049', '1', 0),
(1598, 115, 'JT-0049', '2', 1),
(1599, 115, 'JT-0049', '3', 1),
(1600, 115, 'JT-0049', '4', 1),
(1601, 115, 'JT-0049', '5', 1),
(1602, 115, 'JT-0069', '0', 1),
(1603, 115, 'JT-0069', '1', 1),
(1604, 115, 'JT-0069', '2', 1),
(1605, 115, 'JT-0069', '3', 1),
(1606, 115, 'JT-0069', '4', 1),
(1607, 115, 'JT-0069', '5', 1),
(1608, 116, 'JT-0153', '0', 2),
(1609, 116, 'JT-0153', '1', 2),
(1610, 116, 'JT-0153', '2', 3),
(1611, 116, 'JT-0153', '3', 3),
(1612, 116, 'JT-0153', '4', 3),
(1613, 116, 'JT-0153', '5', 3),
(1614, 116, 'JT-0102', '0', 2),
(1615, 116, 'JT-0102', '1', 2),
(1616, 116, 'JT-0102', '2', 3),
(1617, 116, 'JT-0102', '3', 3),
(1618, 116, 'JT-0102', '4', 3),
(1619, 116, 'JT-0102', '5', 3),
(1620, 117, 'JT-0049', '0', 3),
(1621, 117, 'JT-0049', '1', 3),
(1622, 117, 'JT-0049', '2', 3),
(1623, 117, 'JT-0049', '3', 3),
(1624, 117, 'JT-0049', '4', 3),
(1625, 117, 'JT-0049', '5', 3),
(1626, 117, 'JT-0069', '0', 3),
(1627, 117, 'JT-0069', '1', 3),
(1628, 117, 'JT-0069', '2', 3),
(1629, 117, 'JT-0069', '3', 3),
(1630, 117, 'JT-0069', '4', 3),
(1631, 117, 'JT-0069', '5', 3),
(1632, 117, 'JT-0102', '0', 3),
(1633, 117, 'JT-0102', '1', 3),
(1634, 117, 'JT-0102', '2', 3),
(1635, 117, 'JT-0102', '3', 3),
(1636, 117, 'JT-0102', '4', 3),
(1637, 117, 'JT-0102', '5', 3),
(1638, 117, 'JT-0153', '0', 3),
(1639, 117, 'JT-0153', '1', 3),
(1640, 117, 'JT-0153', '2', 3),
(1641, 117, 'JT-0153', '3', 3),
(1642, 117, 'JT-0153', '4', 3),
(1643, 117, 'JT-0153', '5', 3),
(1644, 118, 'JT-0153', '0', 2),
(1645, 118, 'JT-0153', '1', 2),
(1646, 118, 'JT-0153', '2', 3),
(1647, 118, 'JT-0153', '3', 3),
(1648, 118, 'JT-0153', '4', 3),
(1649, 118, 'JT-0153', '5', 3),
(1650, 119, 'JT-0153', '0', 1),
(1651, 119, 'JT-0153', '1', 1),
(1652, 119, 'JT-0153', '2', 1),
(1653, 119, 'JT-0153', '3', 1),
(1654, 119, 'JT-0153', '4', 1),
(1655, 119, 'JT-0153', '5', 1),
(1656, 120, 'JT-0153', '0', 2),
(1657, 120, 'JT-0153', '1', 3),
(1658, 120, 'JT-0153', '2', 4),
(1659, 120, 'JT-0153', '3', 4),
(1660, 120, 'JT-0153', '4', 4),
(1661, 120, 'JT-0153', '5', 4),
(1662, 120, 'JT-0049', '0', 1),
(1663, 120, 'JT-0049', '1', 3),
(1664, 120, 'JT-0049', '2', 3),
(1665, 120, 'JT-0049', '3', 3),
(1666, 120, 'JT-0049', '4', 3),
(1667, 120, 'JT-0049', '5', 3),
(1668, 121, 'JT-0153', '0', 2),
(1669, 121, 'JT-0153', '1', 2),
(1670, 121, 'JT-0153', '2', 2),
(1671, 121, 'JT-0153', '3', 2),
(1672, 121, 'JT-0153', '4', 2),
(1673, 121, 'JT-0153', '5', 2),
(1674, 122, 'JT-0153', '0', 2),
(1675, 122, 'JT-0153', '1', 2),
(1676, 122, 'JT-0153', '2', 2),
(1677, 122, 'JT-0153', '3', 2),
(1678, 122, 'JT-0153', '4', 2),
(1679, 122, 'JT-0153', '5', 2),
(1680, 123, 'JT-0153', '0', 2),
(1681, 123, 'JT-0153', '1', 2),
(1682, 123, 'JT-0153', '2', 2),
(1683, 123, 'JT-0153', '3', 2),
(1684, 123, 'JT-0153', '4', 2),
(1685, 123, 'JT-0153', '5', 2),
(1686, 124, 'JT-0153', '0', 3),
(1687, 124, 'JT-0153', '1', 4),
(1688, 124, 'JT-0153', '2', 4),
(1689, 124, 'JT-0153', '3', 4),
(1690, 124, 'JT-0153', '4', 4),
(1691, 124, 'JT-0153', '5', 4),
(1692, 124, 'JT-0102', '0', 3),
(1693, 124, 'JT-0102', '1', 4),
(1694, 124, 'JT-0102', '2', 4),
(1695, 124, 'JT-0102', '3', 4),
(1696, 124, 'JT-0102', '4', 4),
(1697, 124, 'JT-0102', '5', 4),
(1698, 124, 'JT-0049', '0', 1),
(1699, 124, 'JT-0049', '1', 2),
(1700, 124, 'JT-0049', '2', 3),
(1701, 124, 'JT-0049', '3', 3),
(1702, 124, 'JT-0049', '4', 3),
(1703, 124, 'JT-0049', '5', 3),
(1704, 124, 'JT-0069', '0', 3),
(1705, 124, 'JT-0069', '1', 4),
(1706, 124, 'JT-0069', '2', 4),
(1707, 124, 'JT-0069', '3', 4),
(1708, 124, 'JT-0069', '4', 4),
(1709, 124, 'JT-0069', '5', 4),
(1710, 125, 'JT-0153', '0', 3),
(1711, 125, 'JT-0153', '1', 4),
(1712, 125, 'JT-0153', '2', 4),
(1713, 125, 'JT-0153', '3', 4),
(1714, 125, 'JT-0153', '4', 4),
(1715, 125, 'JT-0153', '5', 4),
(1716, 125, 'JT-0102', '0', 3),
(1717, 125, 'JT-0102', '1', 4),
(1718, 125, 'JT-0102', '2', 4),
(1719, 125, 'JT-0102', '3', 4),
(1720, 125, 'JT-0102', '4', 4),
(1721, 125, 'JT-0102', '5', 4),
(1722, 125, 'JT-0049', '0', 1),
(1723, 125, 'JT-0049', '1', 1),
(1724, 125, 'JT-0049', '2', 1),
(1725, 125, 'JT-0049', '3', 1),
(1726, 125, 'JT-0049', '4', 1),
(1727, 125, 'JT-0049', '5', 1),
(1728, 125, 'JT-0069', '0', 3),
(1729, 125, 'JT-0069', '1', 4),
(1730, 125, 'JT-0069', '2', 4),
(1731, 125, 'JT-0069', '3', 4),
(1732, 125, 'JT-0069', '4', 4),
(1733, 125, 'JT-0069', '5', 4),
(1734, 126, 'JT-0153', '0', 3),
(1735, 126, 'JT-0153', '1', 3),
(1736, 126, 'JT-0153', '2', 3),
(1737, 126, 'JT-0153', '3', 3),
(1738, 126, 'JT-0153', '4', 3),
(1739, 126, 'JT-0153', '5', 3),
(1740, 126, 'JT-0049', '0', 2),
(1741, 126, 'JT-0049', '1', 2),
(1742, 126, 'JT-0049', '2', 2),
(1743, 126, 'JT-0049', '3', 2),
(1744, 126, 'JT-0049', '4', 2),
(1745, 126, 'JT-0049', '5', 2),
(1746, 126, 'JT-0069', '0', 3),
(1747, 126, 'JT-0069', '1', 3),
(1748, 126, 'JT-0069', '2', 3),
(1749, 126, 'JT-0069', '3', 3),
(1750, 126, 'JT-0069', '4', 3),
(1751, 126, 'JT-0069', '5', 3),
(1752, 126, 'JT-0102', '0', 3),
(1753, 126, 'JT-0102', '1', 3),
(1754, 126, 'JT-0102', '2', 3),
(1755, 126, 'JT-0102', '3', 3),
(1756, 126, 'JT-0102', '4', 3),
(1757, 126, 'JT-0102', '5', 3),
(1758, 127, 'JT-0153', '0', 3),
(1759, 127, 'JT-0153', '1', 3),
(1760, 127, 'JT-0153', '2', 4),
(1761, 127, 'JT-0153', '3', 4),
(1762, 127, 'JT-0153', '4', 4),
(1763, 127, 'JT-0153', '5', 4),
(1764, 127, 'JT-0102', '0', 3),
(1765, 127, 'JT-0102', '1', 3),
(1766, 127, 'JT-0102', '2', 3),
(1767, 127, 'JT-0102', '3', 3),
(1768, 127, 'JT-0102', '4', 3),
(1769, 127, 'JT-0102', '5', 3),
(1770, 127, 'JT-0049', '0', 0),
(1771, 127, 'JT-0049', '1', 0),
(1772, 127, 'JT-0049', '2', 2),
(1773, 127, 'JT-0049', '3', 2),
(1774, 127, 'JT-0049', '4', 2),
(1775, 127, 'JT-0049', '5', 2),
(1776, 128, 'JT-0153', '0', 0),
(1777, 128, 'JT-0153', '1', 2),
(1778, 128, 'JT-0153', '2', 2),
(1779, 128, 'JT-0153', '3', 2),
(1780, 128, 'JT-0153', '4', 2),
(1781, 128, 'JT-0153', '5', 2),
(1782, 129, 'JT-0069', '0', 3),
(1783, 129, 'JT-0069', '1', 4),
(1784, 129, 'JT-0069', '2', 4),
(1785, 129, 'JT-0069', '3', 4),
(1786, 129, 'JT-0069', '4', 4),
(1787, 129, 'JT-0069', '5', 4),
(1788, 130, 'JT-0069', '0', 4),
(1789, 130, 'JT-0069', '1', 4),
(1790, 130, 'JT-0069', '2', 4),
(1791, 130, 'JT-0069', '3', 4),
(1792, 130, 'JT-0069', '4', 4),
(1793, 130, 'JT-0069', '5', 4),
(1794, 131, 'JT-0069', '0', 4),
(1795, 131, 'JT-0069', '1', 4),
(1796, 131, 'JT-0069', '2', 4),
(1797, 131, 'JT-0069', '3', 4),
(1798, 131, 'JT-0069', '4', 4),
(1799, 131, 'JT-0069', '5', 4),
(1800, 132, 'JT-0069', '0', 4),
(1801, 132, 'JT-0069', '1', 4),
(1802, 132, 'JT-0069', '2', 4),
(1803, 132, 'JT-0069', '3', 4),
(1804, 132, 'JT-0069', '4', 4),
(1805, 132, 'JT-0069', '5', 4),
(1806, 133, 'JT-0069', '0', 4),
(1807, 133, 'JT-0069', '1', 4),
(1808, 133, 'JT-0069', '2', 4),
(1809, 133, 'JT-0069', '3', 4),
(1810, 133, 'JT-0069', '4', 4),
(1811, 133, 'JT-0069', '5', 4),
(1812, 134, 'JT-0069', '0', 4),
(1813, 134, 'JT-0069', '1', 4),
(1814, 134, 'JT-0069', '2', 4),
(1815, 134, 'JT-0069', '3', 4),
(1816, 134, 'JT-0069', '4', 4),
(1817, 134, 'JT-0069', '5', 4),
(1818, 135, 'JT-0069', '0', 3),
(1819, 135, 'JT-0069', '1', 4),
(1820, 135, 'JT-0069', '2', 4),
(1821, 135, 'JT-0069', '3', 4),
(1822, 135, 'JT-0069', '4', 4),
(1823, 135, 'JT-0069', '5', 4),
(1824, 136, 'JT-0069', '0', 3),
(1825, 136, 'JT-0069', '1', 3),
(1826, 136, 'JT-0069', '2', 4),
(1827, 136, 'JT-0069', '3', 4),
(1828, 136, 'JT-0069', '4', 4),
(1829, 136, 'JT-0069', '5', 4),
(1830, 137, 'JT-0069', '0', 3),
(1831, 137, 'JT-0069', '1', 3),
(1832, 137, 'JT-0069', '2', 4),
(1833, 137, 'JT-0069', '3', 4),
(1834, 137, 'JT-0069', '4', 4),
(1835, 137, 'JT-0069', '5', 4),
(1836, 138, 'JT-0069', '0', 3),
(1837, 138, 'JT-0069', '1', 3),
(1838, 138, 'JT-0069', '2', 4),
(1839, 138, 'JT-0069', '3', 4),
(1840, 138, 'JT-0069', '4', 4),
(1841, 138, 'JT-0069', '5', 4),
(1842, 139, 'JT-0069', '0', 3),
(1843, 139, 'JT-0069', '1', 3),
(1844, 139, 'JT-0069', '2', 4),
(1845, 139, 'JT-0069', '3', 4),
(1846, 139, 'JT-0069', '4', 4),
(1847, 139, 'JT-0069', '5', 4),
(1848, 140, 'JT-0069', '0', 3),
(1849, 140, 'JT-0069', '1', 3),
(1850, 140, 'JT-0069', '2', 4),
(1851, 140, 'JT-0069', '3', 4),
(1852, 140, 'JT-0069', '4', 4),
(1853, 140, 'JT-0069', '5', 4),
(1854, 141, 'JT-0069', '0', 2),
(1855, 141, 'JT-0069', '1', 3),
(1856, 141, 'JT-0069', '2', 4),
(1857, 141, 'JT-0069', '3', 4),
(1858, 141, 'JT-0069', '4', 4),
(1859, 141, 'JT-0069', '5', 4),
(1860, 142, 'JT-0069', '0', 3),
(1861, 142, 'JT-0069', '1', 3),
(1862, 142, 'JT-0069', '2', 4),
(1863, 142, 'JT-0069', '3', 4),
(1864, 142, 'JT-0069', '4', 4),
(1865, 142, 'JT-0069', '5', 4),
(1866, 143, 'JT-0069', '0', 3),
(1867, 143, 'JT-0069', '1', 3),
(1868, 143, 'JT-0069', '2', 4),
(1869, 143, 'JT-0069', '3', 4),
(1870, 143, 'JT-0069', '4', 4),
(1871, 143, 'JT-0069', '5', 4),
(1872, 144, 'JT-0069', '0', 3),
(1873, 144, 'JT-0069', '1', 3),
(1874, 144, 'JT-0069', '2', 4),
(1875, 144, 'JT-0069', '3', 4),
(1876, 144, 'JT-0069', '4', 4),
(1877, 144, 'JT-0069', '5', 4),
(1878, 145, 'JT-0069', '0', 1),
(1879, 145, 'JT-0069', '1', 1),
(1880, 145, 'JT-0069', '2', 1),
(1881, 145, 'JT-0069', '3', 1),
(1882, 145, 'JT-0069', '4', 1),
(1883, 145, 'JT-0069', '5', 1),
(1884, 146, 'JT-0069', '0', 1),
(1885, 146, 'JT-0069', '1', 2),
(1886, 146, 'JT-0069', '2', 2),
(1887, 146, 'JT-0069', '3', 2),
(1888, 146, 'JT-0069', '4', 2),
(1889, 146, 'JT-0069', '5', 2),
(1890, 147, 'JT-0069', '0', 1),
(1891, 147, 'JT-0069', '1', 2),
(1892, 147, 'JT-0069', '2', 2),
(1893, 147, 'JT-0069', '3', 2),
(1894, 147, 'JT-0069', '4', 2),
(1895, 147, 'JT-0069', '5', 2),
(1896, 148, 'JT-0069', '0', 2),
(1897, 148, 'JT-0069', '1', 2),
(1898, 148, 'JT-0069', '2', 2),
(1899, 148, 'JT-0069', '3', 2),
(1900, 148, 'JT-0069', '4', 2),
(1901, 148, 'JT-0069', '5', 2),
(1902, 149, 'JT-0069', '0', 3),
(1903, 149, 'JT-0069', '1', 3),
(1904, 149, 'JT-0069', '2', 3),
(1905, 149, 'JT-0069', '3', 3),
(1906, 149, 'JT-0069', '4', 3),
(1907, 149, 'JT-0069', '5', 3),
(1908, 150, 'JT-0069', '0', 2),
(1909, 150, 'JT-0069', '1', 2),
(1910, 150, 'JT-0069', '2', 2),
(1911, 150, 'JT-0069', '3', 2),
(1912, 150, 'JT-0069', '4', 2),
(1913, 150, 'JT-0069', '5', 2),
(1914, 151, 'JT-0069', '0', 2),
(1915, 151, 'JT-0069', '1', 3),
(1916, 151, 'JT-0069', '2', 3),
(1917, 151, 'JT-0069', '3', 3),
(1918, 151, 'JT-0069', '4', 3),
(1919, 151, 'JT-0069', '5', 3),
(1920, 152, 'JT-0069', '0', 2),
(1921, 152, 'JT-0069', '1', 2),
(1922, 152, 'JT-0069', '2', 2),
(1923, 152, 'JT-0069', '3', 2),
(1924, 152, 'JT-0069', '4', 2),
(1925, 152, 'JT-0069', '5', 2),
(1926, 153, 'JT-0069', '0', 0),
(1927, 153, 'JT-0069', '1', 1),
(1928, 153, 'JT-0069', '2', 1),
(1929, 153, 'JT-0069', '3', 1),
(1930, 153, 'JT-0069', '4', 1),
(1931, 153, 'JT-0069', '5', 1),
(1932, 154, 'JT-0069', '0', 0),
(1933, 154, 'JT-0069', '1', 1),
(1934, 154, 'JT-0069', '2', 2),
(1935, 154, 'JT-0069', '3', 2),
(1936, 154, 'JT-0069', '4', 2),
(1937, 154, 'JT-0069', '5', 2),
(1938, 155, 'JT-0153', '0', 3),
(1939, 155, 'JT-0153', '1', 3),
(1940, 155, 'JT-0153', '2', 3),
(1941, 155, 'JT-0153', '3', 3),
(1942, 155, 'JT-0153', '4', 3),
(1943, 155, 'JT-0153', '5', 3),
(1944, 155, 'JT-0049', '0', 3),
(1945, 155, 'JT-0049', '1', 3),
(1946, 155, 'JT-0049', '2', 3),
(1947, 155, 'JT-0049', '3', 3),
(1948, 155, 'JT-0049', '4', 3),
(1949, 155, 'JT-0049', '5', 3),
(1950, 155, 'JT-0102', '0', 3),
(1951, 155, 'JT-0102', '1', 3),
(1952, 155, 'JT-0102', '2', 3),
(1953, 155, 'JT-0102', '3', 3),
(1954, 155, 'JT-0102', '4', 3),
(1955, 155, 'JT-0102', '5', 3),
(1956, 155, 'JT-0069', '0', 3),
(1957, 155, 'JT-0069', '1', 3),
(1958, 155, 'JT-0069', '2', 3),
(1959, 155, 'JT-0069', '3', 3),
(1960, 155, 'JT-0069', '4', 3),
(1961, 155, 'JT-0069', '5', 3),
(1962, 156, 'JT-0153', '0', 3),
(1963, 156, 'JT-0153', '1', 4),
(1964, 156, 'JT-0153', '2', 3),
(1965, 156, 'JT-0153', '3', 3),
(1966, 156, 'JT-0153', '4', 3),
(1967, 156, 'JT-0153', '5', 3),
(1968, 156, 'JT-0102', '0', 2),
(1969, 156, 'JT-0102', '1', 2),
(1970, 156, 'JT-0102', '2', 2),
(1971, 156, 'JT-0102', '3', 2),
(1972, 156, 'JT-0102', '4', 2),
(1973, 156, 'JT-0102', '5', 2),
(1974, 156, 'JT-0049', '0', 2),
(1975, 156, 'JT-0049', '1', 2),
(1976, 156, 'JT-0049', '2', 2),
(1977, 156, 'JT-0049', '3', 2),
(1978, 156, 'JT-0049', '4', 2),
(1979, 156, 'JT-0049', '5', 2),
(1980, 156, 'JT-0069', '0', 2),
(1981, 156, 'JT-0069', '1', 2),
(1982, 156, 'JT-0069', '2', 2),
(1983, 156, 'JT-0069', '3', 2),
(1984, 156, 'JT-0069', '4', 2),
(1985, 156, 'JT-0069', '5', 2),
(1986, 157, 'JT-0153', '0', 4),
(1987, 157, 'JT-0153', '1', 4),
(1988, 157, 'JT-0153', '2', 4),
(1989, 157, 'JT-0153', '3', 4),
(1990, 157, 'JT-0153', '4', 4),
(1991, 157, 'JT-0153', '5', 4),
(1992, 157, 'JT-0102', '0', 3),
(1993, 157, 'JT-0102', '1', 4),
(1994, 157, 'JT-0102', '2', 4),
(1995, 157, 'JT-0102', '3', 4),
(1996, 157, 'JT-0102', '4', 4),
(1997, 157, 'JT-0102', '5', 4),
(1998, 157, 'JT-0049', '0', 2),
(1999, 157, 'JT-0049', '1', 3),
(2000, 157, 'JT-0049', '2', 3),
(2001, 157, 'JT-0049', '3', 3),
(2002, 157, 'JT-0049', '4', 3),
(2003, 157, 'JT-0049', '5', 3),
(2004, 157, 'JT-0069', '0', 2),
(2005, 157, 'JT-0069', '1', 3),
(2006, 157, 'JT-0069', '2', 3),
(2007, 157, 'JT-0069', '3', 3),
(2008, 157, 'JT-0069', '4', 3),
(2009, 157, 'JT-0069', '5', 3),
(2010, 158, 'JT-0153', '0', 1),
(2011, 158, 'JT-0153', '1', 3),
(2012, 158, 'JT-0153', '2', 3),
(2013, 158, 'JT-0153', '3', 3),
(2014, 158, 'JT-0153', '4', 3),
(2015, 158, 'JT-0153', '5', 3),
(2016, 158, 'JT-0102', '0', 2),
(2017, 158, 'JT-0102', '1', 2),
(2018, 158, 'JT-0102', '2', 3),
(2019, 158, 'JT-0102', '3', 3),
(2020, 158, 'JT-0102', '4', 3),
(2021, 158, 'JT-0102', '5', 3),
(2022, 158, 'JT-0049', '0', 2),
(2023, 158, 'JT-0049', '1', 2),
(2024, 158, 'JT-0049', '2', 2),
(2025, 158, 'JT-0049', '3', 2),
(2026, 158, 'JT-0049', '4', 2),
(2027, 158, 'JT-0049', '5', 2),
(2028, 158, 'JT-0069', '0', 2),
(2029, 158, 'JT-0069', '1', 2),
(2030, 158, 'JT-0069', '2', 2),
(2031, 158, 'JT-0069', '3', 2),
(2032, 158, 'JT-0069', '4', 2),
(2033, 158, 'JT-0069', '5', 2),
(2034, 159, 'JT-0153', '0', 3),
(2035, 159, 'JT-0153', '1', 3),
(2036, 159, 'JT-0153', '2', 3),
(2037, 159, 'JT-0153', '3', 3),
(2038, 159, 'JT-0153', '4', 3),
(2039, 159, 'JT-0153', '5', 3),
(2040, 159, 'JT-0102', '0', 2),
(2041, 159, 'JT-0102', '1', 3),
(2042, 159, 'JT-0102', '2', 3),
(2043, 159, 'JT-0102', '3', 3),
(2044, 159, 'JT-0102', '4', 3),
(2045, 159, 'JT-0102', '5', 3),
(2046, 159, 'JT-0049', '0', 1),
(2047, 159, 'JT-0049', '1', 2),
(2048, 159, 'JT-0049', '2', 2),
(2049, 159, 'JT-0049', '3', 2),
(2050, 159, 'JT-0049', '4', 2),
(2051, 159, 'JT-0049', '5', 2),
(2052, 159, 'JT-0069', '0', 2),
(2053, 159, 'JT-0069', '1', 2),
(2054, 159, 'JT-0069', '2', 2),
(2055, 159, 'JT-0069', '3', 2),
(2056, 159, 'JT-0069', '4', 2),
(2057, 159, 'JT-0069', '5', 2),
(2058, 160, 'JT-0153', '0', 3),
(2059, 160, 'JT-0153', '1', 3),
(2060, 160, 'JT-0153', '2', 3),
(2061, 160, 'JT-0153', '3', 3),
(2062, 160, 'JT-0153', '4', 3),
(2063, 160, 'JT-0153', '5', 3),
(2064, 160, 'JT-0102', '0', 2),
(2065, 160, 'JT-0102', '1', 2),
(2066, 160, 'JT-0102', '2', 2),
(2067, 160, 'JT-0102', '3', 2),
(2068, 160, 'JT-0102', '4', 2),
(2069, 160, 'JT-0102', '5', 2),
(2070, 160, 'JT-0049', '0', 2),
(2071, 160, 'JT-0049', '1', 2),
(2072, 160, 'JT-0049', '2', 2),
(2073, 160, 'JT-0049', '3', 2),
(2074, 160, 'JT-0049', '4', 2),
(2075, 160, 'JT-0049', '5', 2),
(2076, 160, 'JT-0069', '0', 3),
(2077, 160, 'JT-0069', '1', 3),
(2078, 160, 'JT-0069', '2', 3),
(2079, 160, 'JT-0069', '3', 3),
(2080, 160, 'JT-0069', '4', 3),
(2081, 160, 'JT-0069', '5', 3),
(2082, 161, 'JT-0153', '0', 3),
(2083, 161, 'JT-0153', '1', 3),
(2084, 161, 'JT-0153', '2', 3),
(2085, 161, 'JT-0153', '3', 3),
(2086, 161, 'JT-0153', '4', 3),
(2087, 161, 'JT-0153', '5', 3),
(2088, 161, 'JT-0102', '0', 3),
(2089, 161, 'JT-0102', '1', 3),
(2090, 161, 'JT-0102', '2', 3),
(2091, 161, 'JT-0102', '3', 3),
(2092, 161, 'JT-0102', '4', 3),
(2093, 161, 'JT-0102', '5', 3),
(2094, 161, 'JT-0069', '0', 4),
(2095, 161, 'JT-0069', '1', 4),
(2096, 161, 'JT-0069', '2', 4),
(2097, 161, 'JT-0069', '3', 4),
(2098, 161, 'JT-0069', '4', 4),
(2099, 161, 'JT-0069', '5', 4),
(2100, 161, 'JT-0049', '0', 3),
(2101, 161, 'JT-0049', '1', 3),
(2102, 161, 'JT-0049', '2', 3),
(2103, 161, 'JT-0049', '3', 3),
(2104, 161, 'JT-0049', '4', 3),
(2105, 161, 'JT-0049', '5', 3),
(2106, 162, 'JT-0153', '0', 1),
(2107, 162, 'JT-0153', '1', 2),
(2108, 162, 'JT-0153', '2', 2),
(2109, 162, 'JT-0153', '3', 2),
(2110, 162, 'JT-0153', '4', 2),
(2111, 162, 'JT-0153', '5', 2),
(2112, 162, 'JT-0102', '0', 0),
(2113, 162, 'JT-0102', '1', 1),
(2114, 162, 'JT-0102', '2', 1),
(2115, 162, 'JT-0102', '3', 1),
(2116, 162, 'JT-0102', '4', 1),
(2117, 162, 'JT-0102', '5', 1),
(2118, 162, 'JT-0069', '0', 3),
(2119, 162, 'JT-0069', '1', 3),
(2120, 162, 'JT-0069', '2', 3),
(2121, 162, 'JT-0069', '3', 3),
(2122, 162, 'JT-0069', '4', 3),
(2123, 162, 'JT-0069', '5', 3),
(2124, 163, 'JT-0153', '0', 3),
(2125, 163, 'JT-0153', '1', 4),
(2126, 163, 'JT-0153', '2', 4),
(2127, 163, 'JT-0153', '3', 4),
(2128, 163, 'JT-0153', '4', 4),
(2129, 163, 'JT-0153', '5', 4),
(2130, 163, 'JT-0102', '0', 2),
(2131, 163, 'JT-0102', '1', 3),
(2132, 163, 'JT-0102', '2', 3),
(2133, 163, 'JT-0102', '3', 3),
(2134, 163, 'JT-0102', '4', 3),
(2135, 163, 'JT-0102', '5', 3),
(2136, 163, 'JT-0049', '0', 2),
(2137, 163, 'JT-0049', '1', 3),
(2138, 163, 'JT-0049', '2', 3),
(2139, 163, 'JT-0049', '3', 3),
(2140, 163, 'JT-0049', '4', 3),
(2141, 163, 'JT-0049', '5', 3),
(2142, 163, 'JT-0069', '0', 3),
(2143, 163, 'JT-0069', '1', 3),
(2144, 163, 'JT-0069', '2', 3),
(2145, 163, 'JT-0069', '3', 3),
(2146, 163, 'JT-0069', '4', 3),
(2147, 163, 'JT-0069', '5', 3);
INSERT INTO `competencies_directory` (`id_directory`, `id_curriculum`, `id_job_title`, `between_year`, `target`) VALUES
(2148, 164, 'JT-0153', '0', 4),
(2149, 164, 'JT-0153', '1', 4),
(2150, 164, 'JT-0153', '2', 4),
(2151, 164, 'JT-0153', '3', 4),
(2152, 164, 'JT-0153', '4', 3),
(2153, 164, 'JT-0153', '5', 3),
(2154, 164, 'JT-0102', '0', 4),
(2155, 164, 'JT-0102', '1', 4),
(2156, 164, 'JT-0102', '2', 4),
(2157, 164, 'JT-0102', '3', 4),
(2158, 164, 'JT-0102', '4', 4),
(2159, 164, 'JT-0102', '5', 4),
(2160, 164, 'JT-0049', '0', 4),
(2161, 164, 'JT-0049', '1', 4),
(2162, 164, 'JT-0049', '2', 4),
(2163, 164, 'JT-0049', '3', 4),
(2164, 164, 'JT-0049', '4', 4),
(2165, 164, 'JT-0049', '5', 4),
(2166, 164, 'JT-0069', '0', 4),
(2167, 164, 'JT-0069', '1', 4),
(2168, 164, 'JT-0069', '2', 4),
(2169, 164, 'JT-0069', '3', 4),
(2170, 164, 'JT-0069', '4', 4),
(2171, 164, 'JT-0069', '5', 4),
(2172, 165, 'JT-0153', '0', 4),
(2173, 165, 'JT-0153', '1', 4),
(2174, 165, 'JT-0153', '2', 4),
(2175, 165, 'JT-0153', '3', 4),
(2176, 165, 'JT-0153', '4', 4),
(2177, 165, 'JT-0153', '5', 4),
(2178, 165, 'JT-0102', '0', 4),
(2179, 165, 'JT-0102', '1', 4),
(2180, 165, 'JT-0102', '2', 4),
(2181, 165, 'JT-0102', '3', 4),
(2182, 165, 'JT-0102', '4', 4),
(2183, 165, 'JT-0102', '5', 4),
(2184, 165, 'JT-0049', '0', 3),
(2185, 165, 'JT-0049', '1', 3),
(2186, 165, 'JT-0049', '2', 3),
(2187, 165, 'JT-0049', '3', 3),
(2188, 165, 'JT-0049', '4', 3),
(2189, 165, 'JT-0049', '5', 3),
(2190, 165, 'JT-0069', '0', 3),
(2191, 165, 'JT-0069', '1', 3),
(2192, 165, 'JT-0069', '2', 3),
(2193, 165, 'JT-0069', '3', 3),
(2194, 165, 'JT-0069', '4', 3),
(2195, 165, 'JT-0069', '5', 3),
(2196, 166, 'JT-0153', '0', 3),
(2197, 166, 'JT-0153', '1', 3),
(2198, 166, 'JT-0153', '2', 3),
(2199, 166, 'JT-0153', '3', 3),
(2200, 166, 'JT-0153', '4', 3),
(2201, 166, 'JT-0153', '5', 3),
(2202, 166, 'JT-0102', '0', 2),
(2203, 166, 'JT-0102', '1', 2),
(2204, 166, 'JT-0102', '2', 3),
(2205, 166, 'JT-0102', '3', 3),
(2206, 166, 'JT-0102', '4', 3),
(2207, 166, 'JT-0102', '5', 3),
(2208, 166, 'JT-0049', '0', 0),
(2209, 166, 'JT-0049', '1', 2),
(2210, 166, 'JT-0049', '2', 2),
(2211, 166, 'JT-0049', '3', 2),
(2212, 166, 'JT-0049', '4', 2),
(2213, 166, 'JT-0049', '5', 2),
(2214, 166, 'JT-0069', '0', 0),
(2215, 166, 'JT-0069', '1', 2),
(2216, 166, 'JT-0069', '2', 3),
(2217, 166, 'JT-0069', '3', 3),
(2218, 166, 'JT-0069', '4', 3),
(2219, 166, 'JT-0069', '5', 3),
(2220, 167, 'JT-0049', '0', 4),
(2221, 167, 'JT-0049', '1', 4),
(2222, 167, 'JT-0049', '2', 4),
(2223, 167, 'JT-0049', '3', 4),
(2224, 167, 'JT-0049', '4', 4),
(2225, 167, 'JT-0049', '5', 4),
(2226, 167, 'JT-0069', '0', 4),
(2227, 167, 'JT-0069', '1', 4),
(2228, 167, 'JT-0069', '2', 4),
(2229, 167, 'JT-0069', '3', 4),
(2230, 167, 'JT-0069', '4', 4),
(2231, 167, 'JT-0069', '5', 4),
(2232, 167, 'JT-0102', '0', 4),
(2233, 167, 'JT-0102', '1', 4),
(2234, 167, 'JT-0102', '2', 4),
(2235, 167, 'JT-0102', '3', 4),
(2236, 167, 'JT-0102', '4', 4),
(2237, 167, 'JT-0102', '5', 4),
(2238, 167, 'JT-0153', '0', 4),
(2239, 167, 'JT-0153', '1', 4),
(2240, 167, 'JT-0153', '2', 4),
(2241, 167, 'JT-0153', '3', 4),
(2242, 167, 'JT-0153', '4', 4),
(2243, 167, 'JT-0153', '5', 4),
(2244, 168, 'JT-0049', '0', 0),
(2245, 168, 'JT-0049', '1', 1),
(2246, 168, 'JT-0049', '2', 1),
(2247, 168, 'JT-0049', '3', 1),
(2248, 168, 'JT-0049', '4', 1),
(2249, 168, 'JT-0049', '5', 1),
(2250, 168, 'JT-0069', '0', 1),
(2251, 168, 'JT-0069', '1', 1),
(2252, 168, 'JT-0069', '2', 1),
(2253, 168, 'JT-0069', '3', 1),
(2254, 168, 'JT-0069', '4', 1),
(2255, 168, 'JT-0069', '5', 1),
(2256, 168, 'JT-0102', '0', 1),
(2257, 168, 'JT-0102', '1', 1),
(2258, 168, 'JT-0102', '2', 1),
(2259, 168, 'JT-0102', '3', 1),
(2260, 168, 'JT-0102', '4', 1),
(2261, 168, 'JT-0102', '5', 1),
(2262, 168, 'JT-0153', '0', 1),
(2263, 168, 'JT-0153', '1', 1),
(2264, 168, 'JT-0153', '2', 1),
(2265, 168, 'JT-0153', '3', 1),
(2266, 168, 'JT-0153', '4', 1),
(2267, 168, 'JT-0153', '5', 1),
(2268, 169, 'JT-0153', '0', 4),
(2269, 169, 'JT-0153', '1', 4),
(2270, 169, 'JT-0153', '2', 4),
(2271, 169, 'JT-0153', '3', 4),
(2272, 169, 'JT-0153', '4', 4),
(2273, 169, 'JT-0153', '5', 4),
(2274, 169, 'JT-0102', '0', 3),
(2275, 169, 'JT-0102', '1', 3),
(2276, 169, 'JT-0102', '2', 4),
(2277, 169, 'JT-0102', '3', 4),
(2278, 169, 'JT-0102', '4', 4),
(2279, 169, 'JT-0102', '5', 4),
(2280, 169, 'JT-0049', '0', 1),
(2281, 169, 'JT-0049', '1', 1),
(2282, 169, 'JT-0049', '2', 2),
(2283, 169, 'JT-0049', '3', 2),
(2284, 169, 'JT-0049', '4', 3),
(2285, 169, 'JT-0049', '5', 3),
(2286, 170, 'JT-0153', '0', 4),
(2287, 170, 'JT-0153', '1', 4),
(2288, 170, 'JT-0153', '2', 4),
(2289, 170, 'JT-0153', '3', 4),
(2290, 170, 'JT-0153', '4', 4),
(2291, 170, 'JT-0153', '5', 4),
(2292, 170, 'JT-0102', '0', 3),
(2293, 170, 'JT-0102', '1', 3),
(2294, 170, 'JT-0102', '2', 4),
(2295, 170, 'JT-0102', '3', 4),
(2296, 170, 'JT-0102', '4', 4),
(2297, 170, 'JT-0102', '5', 4),
(2298, 170, 'JT-0049', '0', 1),
(2299, 170, 'JT-0049', '1', 1),
(2300, 170, 'JT-0049', '2', 2),
(2301, 170, 'JT-0049', '3', 2),
(2302, 170, 'JT-0049', '4', 3),
(2303, 170, 'JT-0049', '5', 3),
(2304, 171, 'JT-0153', '0', 4),
(2305, 171, 'JT-0153', '1', 4),
(2306, 171, 'JT-0153', '2', 4),
(2307, 171, 'JT-0153', '3', 4),
(2308, 171, 'JT-0153', '4', 4),
(2309, 171, 'JT-0153', '5', 4),
(2310, 171, 'JT-0102', '0', 3),
(2311, 171, 'JT-0102', '1', 3),
(2312, 171, 'JT-0102', '2', 4),
(2313, 171, 'JT-0102', '3', 4),
(2314, 171, 'JT-0102', '4', 4),
(2315, 171, 'JT-0102', '5', 4),
(2316, 171, 'JT-0049', '0', 1),
(2317, 171, 'JT-0049', '1', 1),
(2318, 171, 'JT-0049', '2', 2),
(2319, 171, 'JT-0049', '3', 2),
(2320, 171, 'JT-0049', '4', 3),
(2321, 171, 'JT-0049', '5', 3),
(2322, 172, 'JT-0153', '0', 4),
(2323, 172, 'JT-0153', '1', 4),
(2324, 172, 'JT-0153', '2', 4),
(2325, 172, 'JT-0153', '3', 4),
(2326, 172, 'JT-0153', '4', 4),
(2327, 172, 'JT-0153', '5', 4),
(2328, 172, 'JT-0102', '0', 3),
(2329, 172, 'JT-0102', '1', 3),
(2330, 172, 'JT-0102', '2', 4),
(2331, 172, 'JT-0102', '3', 4),
(2332, 172, 'JT-0102', '4', 4),
(2333, 172, 'JT-0102', '5', 4),
(2334, 172, 'JT-0049', '0', 1),
(2335, 172, 'JT-0049', '1', 1),
(2336, 172, 'JT-0049', '2', 2),
(2337, 172, 'JT-0049', '3', 2),
(2338, 172, 'JT-0049', '4', 3),
(2339, 172, 'JT-0049', '5', 3),
(2340, 173, 'JT-0153', '0', 4),
(2341, 173, 'JT-0153', '1', 4),
(2342, 173, 'JT-0153', '2', 4),
(2343, 173, 'JT-0153', '3', 4),
(2344, 173, 'JT-0153', '4', 4),
(2345, 173, 'JT-0153', '5', 4),
(2346, 173, 'JT-0102', '0', 3),
(2347, 173, 'JT-0102', '1', 3),
(2348, 173, 'JT-0102', '2', 4),
(2349, 173, 'JT-0102', '3', 4),
(2350, 173, 'JT-0102', '4', 4),
(2351, 173, 'JT-0102', '5', 4),
(2352, 173, 'JT-0049', '0', 1),
(2353, 173, 'JT-0049', '1', 1),
(2354, 173, 'JT-0049', '2', 2),
(2355, 173, 'JT-0049', '3', 2),
(2356, 173, 'JT-0049', '4', 3),
(2357, 173, 'JT-0049', '5', 3),
(2358, 174, 'JT-0153', '0', 4),
(2359, 174, 'JT-0153', '1', 4),
(2360, 174, 'JT-0153', '2', 4),
(2361, 174, 'JT-0153', '3', 4),
(2362, 174, 'JT-0153', '4', 4),
(2363, 174, 'JT-0153', '5', 4),
(2364, 174, 'JT-0102', '0', 3),
(2365, 174, 'JT-0102', '1', 3),
(2366, 174, 'JT-0102', '2', 4),
(2367, 174, 'JT-0102', '3', 4),
(2368, 174, 'JT-0102', '4', 4),
(2369, 174, 'JT-0102', '5', 4),
(2370, 174, 'JT-0049', '0', 1),
(2371, 174, 'JT-0049', '1', 1),
(2372, 174, 'JT-0049', '2', 2),
(2373, 174, 'JT-0049', '3', 2),
(2374, 174, 'JT-0049', '4', 3),
(2375, 174, 'JT-0049', '5', 3),
(2376, 175, 'JT-0153', '0', 4),
(2377, 175, 'JT-0153', '1', 4),
(2378, 175, 'JT-0153', '2', 4),
(2379, 175, 'JT-0153', '3', 4),
(2380, 175, 'JT-0153', '4', 4),
(2381, 175, 'JT-0153', '5', 4),
(2382, 175, 'JT-0102', '0', 3),
(2383, 175, 'JT-0102', '1', 3),
(2384, 175, 'JT-0102', '2', 4),
(2385, 175, 'JT-0102', '3', 4),
(2386, 175, 'JT-0102', '4', 4),
(2387, 175, 'JT-0102', '5', 4),
(2388, 175, 'JT-0049', '0', 1),
(2389, 175, 'JT-0049', '1', 1),
(2390, 175, 'JT-0049', '2', 2),
(2391, 175, 'JT-0049', '3', 2),
(2392, 175, 'JT-0049', '4', 3),
(2393, 175, 'JT-0049', '5', 3),
(2394, 176, 'JT-0153', '0', 4),
(2395, 176, 'JT-0153', '1', 4),
(2396, 176, 'JT-0153', '2', 4),
(2397, 176, 'JT-0153', '3', 4),
(2398, 176, 'JT-0153', '4', 4),
(2399, 176, 'JT-0153', '5', 4),
(2400, 176, 'JT-0102', '0', 3),
(2401, 176, 'JT-0102', '1', 3),
(2402, 176, 'JT-0102', '2', 4),
(2403, 176, 'JT-0102', '3', 4),
(2404, 176, 'JT-0102', '4', 4),
(2405, 176, 'JT-0102', '5', 4),
(2406, 176, 'JT-0049', '0', 1),
(2407, 176, 'JT-0049', '1', 1),
(2408, 176, 'JT-0049', '2', 2),
(2409, 176, 'JT-0049', '3', 2),
(2410, 176, 'JT-0049', '4', 3),
(2411, 176, 'JT-0049', '5', 3),
(2412, 178, 'JT-0153', '0', 4),
(2413, 178, 'JT-0153', '1', 4),
(2414, 178, 'JT-0153', '2', 4),
(2415, 178, 'JT-0153', '3', 4),
(2416, 178, 'JT-0153', '4', 4),
(2417, 178, 'JT-0153', '5', 4),
(2418, 178, 'JT-0102', '0', 3),
(2419, 178, 'JT-0102', '1', 3),
(2420, 178, 'JT-0102', '2', 4),
(2421, 178, 'JT-0102', '3', 4),
(2422, 178, 'JT-0102', '4', 4),
(2423, 178, 'JT-0102', '5', 4),
(2424, 178, 'JT-0049', '0', 1),
(2425, 178, 'JT-0049', '1', 1),
(2426, 178, 'JT-0049', '2', 2),
(2427, 178, 'JT-0049', '3', 2),
(2428, 178, 'JT-0049', '4', 3),
(2429, 178, 'JT-0049', '5', 3),
(2430, 177, 'JT-0153', '0', 4),
(2431, 177, 'JT-0153', '1', 4),
(2432, 177, 'JT-0153', '2', 4),
(2433, 177, 'JT-0153', '3', 4),
(2434, 177, 'JT-0153', '4', 4),
(2435, 177, 'JT-0153', '5', 4),
(2436, 177, 'JT-0102', '0', 3),
(2437, 177, 'JT-0102', '1', 3),
(2438, 177, 'JT-0102', '2', 4),
(2439, 177, 'JT-0102', '3', 4),
(2440, 177, 'JT-0102', '4', 4),
(2441, 177, 'JT-0102', '5', 4),
(2442, 177, 'JT-0049', '0', 1),
(2443, 177, 'JT-0049', '1', 1),
(2444, 177, 'JT-0049', '2', 2),
(2445, 177, 'JT-0049', '3', 2),
(2446, 177, 'JT-0049', '4', 3),
(2447, 177, 'JT-0049', '5', 3),
(2448, 179, 'JT-0153', '0', 4),
(2449, 179, 'JT-0153', '1', 4),
(2450, 179, 'JT-0153', '2', 4),
(2451, 179, 'JT-0153', '3', 4),
(2452, 179, 'JT-0153', '4', 4),
(2453, 179, 'JT-0153', '5', 4),
(2454, 179, 'JT-0102', '0', 3),
(2455, 179, 'JT-0102', '1', 3),
(2456, 179, 'JT-0102', '2', 4),
(2457, 179, 'JT-0102', '3', 4),
(2458, 179, 'JT-0102', '4', 4),
(2459, 179, 'JT-0102', '5', 4),
(2460, 179, 'JT-0049', '0', 1),
(2461, 179, 'JT-0049', '1', 1),
(2462, 179, 'JT-0049', '2', 2),
(2463, 179, 'JT-0049', '3', 2),
(2464, 179, 'JT-0049', '4', 3),
(2465, 179, 'JT-0049', '5', 3),
(2466, 180, 'JT-0153', '0', 4),
(2467, 180, 'JT-0153', '1', 4),
(2468, 180, 'JT-0153', '2', 4),
(2469, 180, 'JT-0153', '3', 4),
(2470, 180, 'JT-0153', '4', 4),
(2471, 180, 'JT-0153', '5', 4),
(2472, 180, 'JT-0102', '0', 3),
(2473, 180, 'JT-0102', '1', 3),
(2474, 180, 'JT-0102', '2', 4),
(2475, 180, 'JT-0102', '3', 4),
(2476, 180, 'JT-0102', '4', 4),
(2477, 180, 'JT-0102', '5', 4),
(2478, 180, 'JT-0049', '0', 1),
(2479, 180, 'JT-0049', '1', 1),
(2480, 180, 'JT-0049', '2', 2),
(2481, 180, 'JT-0049', '3', 2),
(2482, 180, 'JT-0049', '4', 3),
(2483, 180, 'JT-0049', '5', 3),
(2484, 181, 'JT-0153', '0', 4),
(2485, 181, 'JT-0153', '1', 4),
(2486, 181, 'JT-0153', '2', 4),
(2487, 181, 'JT-0153', '3', 4),
(2488, 181, 'JT-0153', '4', 4),
(2489, 181, 'JT-0153', '5', 4),
(2490, 181, 'JT-0102', '0', 3),
(2491, 181, 'JT-0102', '1', 3),
(2492, 181, 'JT-0102', '2', 4),
(2493, 181, 'JT-0102', '3', 4),
(2494, 181, 'JT-0102', '4', 4),
(2495, 181, 'JT-0102', '5', 4),
(2496, 181, 'JT-0049', '0', 1),
(2497, 181, 'JT-0049', '1', 1),
(2498, 181, 'JT-0049', '2', 2),
(2499, 181, 'JT-0049', '3', 2),
(2500, 181, 'JT-0049', '4', 3),
(2501, 181, 'JT-0049', '5', 3),
(2502, 182, 'JT-0153', '0', 4),
(2503, 182, 'JT-0153', '1', 4),
(2504, 182, 'JT-0153', '2', 4),
(2505, 182, 'JT-0153', '3', 4),
(2506, 182, 'JT-0153', '4', 4),
(2507, 182, 'JT-0153', '5', 4),
(2508, 182, 'JT-0102', '0', 3),
(2509, 182, 'JT-0102', '1', 3),
(2510, 182, 'JT-0102', '2', 4),
(2511, 182, 'JT-0102', '3', 4),
(2512, 182, 'JT-0102', '4', 4),
(2513, 182, 'JT-0102', '5', 4),
(2514, 182, 'JT-0049', '0', 1),
(2515, 182, 'JT-0049', '1', 1),
(2516, 182, 'JT-0049', '2', 2),
(2517, 182, 'JT-0049', '3', 2),
(2518, 182, 'JT-0049', '4', 3),
(2519, 182, 'JT-0049', '5', 3),
(2520, 183, 'JT-0153', '0', 4),
(2521, 183, 'JT-0153', '1', 4),
(2522, 183, 'JT-0153', '2', 4),
(2523, 183, 'JT-0153', '3', 4),
(2524, 183, 'JT-0153', '4', 4),
(2525, 183, 'JT-0153', '5', 4),
(2526, 183, 'JT-0102', '0', 3),
(2527, 183, 'JT-0102', '1', 3),
(2528, 183, 'JT-0102', '2', 4),
(2529, 183, 'JT-0102', '3', 4),
(2530, 183, 'JT-0102', '4', 4),
(2531, 183, 'JT-0102', '5', 4),
(2532, 183, 'JT-0049', '0', 1),
(2533, 183, 'JT-0049', '1', 1),
(2534, 183, 'JT-0049', '2', 2),
(2535, 183, 'JT-0049', '3', 2),
(2536, 183, 'JT-0049', '4', 3),
(2537, 183, 'JT-0049', '5', 3),
(2538, 184, 'JT-0153', '0', 4),
(2539, 184, 'JT-0153', '1', 4),
(2540, 184, 'JT-0153', '2', 4),
(2541, 184, 'JT-0153', '3', 4),
(2542, 184, 'JT-0153', '4', 4),
(2543, 184, 'JT-0153', '5', 4),
(2544, 184, 'JT-0102', '0', 3),
(2545, 184, 'JT-0102', '1', 3),
(2546, 184, 'JT-0102', '2', 4),
(2547, 184, 'JT-0102', '3', 4),
(2548, 184, 'JT-0102', '4', 4),
(2549, 184, 'JT-0102', '5', 4),
(2550, 184, 'JT-0069', '0', 1),
(2551, 184, 'JT-0069', '1', 1),
(2552, 184, 'JT-0069', '2', 2),
(2553, 184, 'JT-0069', '3', 2),
(2554, 184, 'JT-0069', '4', 3),
(2555, 184, 'JT-0069', '5', 3),
(2556, 185, 'JT-0153', '0', 4),
(2557, 185, 'JT-0153', '1', 4),
(2558, 185, 'JT-0153', '2', 4),
(2559, 185, 'JT-0153', '3', 4),
(2560, 185, 'JT-0153', '4', 4),
(2561, 185, 'JT-0153', '5', 4),
(2562, 185, 'JT-0102', '0', 3),
(2563, 185, 'JT-0102', '1', 3),
(2564, 185, 'JT-0102', '2', 4),
(2565, 185, 'JT-0102', '3', 4),
(2566, 185, 'JT-0102', '4', 4),
(2567, 185, 'JT-0102', '5', 4),
(2568, 185, 'JT-0049', '0', 1),
(2569, 185, 'JT-0049', '1', 1),
(2570, 185, 'JT-0049', '2', 2),
(2571, 185, 'JT-0049', '3', 2),
(2572, 185, 'JT-0049', '4', 3),
(2573, 185, 'JT-0049', '5', 3),
(2574, 186, 'JT-0153', '0', 4),
(2575, 186, 'JT-0153', '1', 4),
(2576, 186, 'JT-0153', '2', 4),
(2577, 186, 'JT-0153', '3', 4),
(2578, 186, 'JT-0153', '4', 4),
(2579, 186, 'JT-0153', '5', 4),
(2580, 186, 'JT-0102', '0', 3),
(2581, 186, 'JT-0102', '1', 3),
(2582, 186, 'JT-0102', '2', 4),
(2583, 186, 'JT-0102', '3', 4),
(2584, 186, 'JT-0102', '4', 4),
(2585, 186, 'JT-0102', '5', 4),
(2586, 186, 'JT-0049', '0', 1),
(2587, 186, 'JT-0049', '1', 1),
(2588, 186, 'JT-0049', '2', 2),
(2589, 186, 'JT-0049', '3', 2),
(2590, 186, 'JT-0049', '4', 3),
(2591, 186, 'JT-0049', '5', 3),
(2592, 187, 'JT-0153', '0', 3),
(2593, 187, 'JT-0153', '1', 3),
(2594, 187, 'JT-0153', '2', 4),
(2595, 187, 'JT-0153', '3', 4),
(2596, 187, 'JT-0153', '4', 4),
(2597, 187, 'JT-0153', '5', 4),
(2598, 187, 'JT-0102', '0', 2),
(2599, 187, 'JT-0102', '1', 3),
(2600, 187, 'JT-0102', '2', 3),
(2601, 187, 'JT-0102', '3', 4),
(2602, 187, 'JT-0102', '4', 4),
(2603, 187, 'JT-0102', '5', 4),
(2604, 187, 'JT-0049', '0', 1),
(2605, 187, 'JT-0049', '1', 1),
(2606, 187, 'JT-0049', '2', 2),
(2607, 187, 'JT-0049', '3', 2),
(2608, 187, 'JT-0049', '4', 3),
(2609, 187, 'JT-0049', '5', 3),
(2610, 187, 'JT-0069', '0', 4),
(2611, 187, 'JT-0069', '1', 4),
(2612, 187, 'JT-0069', '2', 4),
(2613, 187, 'JT-0069', '3', 4),
(2614, 187, 'JT-0069', '4', 4),
(2615, 187, 'JT-0069', '5', 4),
(2616, 188, 'JT-0153', '0', 3),
(2617, 188, 'JT-0153', '1', 3),
(2618, 188, 'JT-0153', '2', 4),
(2619, 188, 'JT-0153', '3', 4),
(2620, 188, 'JT-0153', '4', 4),
(2621, 188, 'JT-0153', '5', 4),
(2622, 188, 'JT-0102', '0', 2),
(2623, 188, 'JT-0102', '1', 3),
(2624, 188, 'JT-0102', '2', 3),
(2625, 188, 'JT-0102', '3', 4),
(2626, 188, 'JT-0102', '4', 4),
(2627, 188, 'JT-0102', '5', 4),
(2628, 188, 'JT-0049', '0', 1),
(2629, 188, 'JT-0049', '1', 1),
(2630, 188, 'JT-0049', '2', 2),
(2631, 188, 'JT-0049', '3', 2),
(2632, 188, 'JT-0049', '4', 3),
(2633, 188, 'JT-0049', '5', 3),
(2634, 188, 'JT-0069', '0', 4),
(2635, 188, 'JT-0069', '1', 4),
(2636, 188, 'JT-0069', '2', 4),
(2637, 188, 'JT-0069', '3', 4),
(2638, 188, 'JT-0069', '4', 4),
(2639, 188, 'JT-0069', '5', 4),
(2640, 190, 'JT-0153', '0', 3),
(2641, 190, 'JT-0153', '1', 3),
(2642, 190, 'JT-0153', '2', 4),
(2643, 190, 'JT-0153', '3', 4),
(2644, 190, 'JT-0153', '4', 4),
(2645, 190, 'JT-0153', '5', 4),
(2646, 190, 'JT-0102', '0', 2),
(2647, 190, 'JT-0102', '1', 3),
(2648, 190, 'JT-0102', '2', 3),
(2649, 190, 'JT-0102', '3', 4),
(2650, 190, 'JT-0102', '4', 4),
(2651, 190, 'JT-0102', '5', 4),
(2652, 190, 'JT-0049', '0', 1),
(2653, 190, 'JT-0049', '1', 1),
(2654, 190, 'JT-0049', '2', 2),
(2655, 190, 'JT-0049', '3', 2),
(2656, 190, 'JT-0049', '4', 3),
(2657, 190, 'JT-0049', '5', 3),
(2658, 190, 'JT-0069', '0', 4),
(2659, 190, 'JT-0069', '1', 4),
(2660, 190, 'JT-0069', '2', 4),
(2661, 190, 'JT-0069', '3', 4),
(2662, 190, 'JT-0069', '4', 4),
(2663, 190, 'JT-0069', '5', 4),
(2664, 189, 'JT-0153', '0', 3),
(2665, 189, 'JT-0153', '1', 3),
(2666, 189, 'JT-0153', '2', 4),
(2667, 189, 'JT-0153', '3', 4),
(2668, 189, 'JT-0153', '4', 4),
(2669, 189, 'JT-0153', '5', 4),
(2670, 189, 'JT-0102', '0', 2),
(2671, 189, 'JT-0102', '1', 3),
(2672, 189, 'JT-0102', '2', 3),
(2673, 189, 'JT-0102', '3', 4),
(2674, 189, 'JT-0102', '4', 4),
(2675, 189, 'JT-0102', '5', 4),
(2676, 189, 'JT-0049', '0', 1),
(2677, 189, 'JT-0049', '1', 1),
(2678, 189, 'JT-0049', '2', 2),
(2679, 189, 'JT-0049', '3', 2),
(2680, 189, 'JT-0049', '4', 3),
(2681, 189, 'JT-0049', '5', 3),
(2682, 189, 'JT-0069', '0', 4),
(2683, 189, 'JT-0069', '1', 4),
(2684, 189, 'JT-0069', '2', 4),
(2685, 189, 'JT-0069', '3', 4),
(2686, 189, 'JT-0069', '4', 4),
(2687, 189, 'JT-0069', '5', 4),
(2688, 191, 'JT-0153', '0', 3),
(2689, 191, 'JT-0153', '1', 3),
(2690, 191, 'JT-0153', '2', 4),
(2691, 191, 'JT-0153', '3', 4),
(2692, 191, 'JT-0153', '4', 4),
(2693, 191, 'JT-0153', '5', 4),
(2694, 191, 'JT-0102', '0', 2),
(2695, 191, 'JT-0102', '1', 3),
(2696, 191, 'JT-0102', '2', 3),
(2697, 191, 'JT-0102', '3', 4),
(2698, 191, 'JT-0102', '4', 4),
(2699, 191, 'JT-0102', '5', 4),
(2700, 191, 'JT-0049', '0', 1),
(2701, 191, 'JT-0049', '1', 1),
(2702, 191, 'JT-0049', '2', 2),
(2703, 191, 'JT-0049', '3', 2),
(2704, 191, 'JT-0049', '4', 3),
(2705, 191, 'JT-0049', '5', 3),
(2706, 191, 'JT-0069', '0', 4),
(2707, 191, 'JT-0069', '1', 4),
(2708, 191, 'JT-0069', '2', 4),
(2709, 191, 'JT-0069', '3', 4),
(2710, 191, 'JT-0069', '4', 4),
(2711, 191, 'JT-0069', '5', 4),
(2712, 192, 'JT-0102', '0', 2),
(2713, 192, 'JT-0102', '1', 3),
(2714, 192, 'JT-0102', '2', 3),
(2715, 192, 'JT-0102', '3', 3),
(2716, 192, 'JT-0102', '4', 3),
(2717, 192, 'JT-0102', '5', 3),
(2718, 193, 'JT-0102', '0', 0),
(2719, 193, 'JT-0102', '1', 1),
(2720, 193, 'JT-0102', '2', 3),
(2721, 193, 'JT-0102', '3', 3),
(2722, 193, 'JT-0102', '4', 3),
(2723, 193, 'JT-0102', '5', 3),
(2724, 194, 'JT-0069', '0', 2),
(2725, 194, 'JT-0069', '1', 3),
(2726, 194, 'JT-0069', '2', 3),
(2727, 194, 'JT-0069', '3', 3),
(2728, 194, 'JT-0069', '4', 3),
(2729, 194, 'JT-0069', '5', 3),
(2730, 1, 'JT-0046', '0', 1),
(2731, 1, 'JT-0046', '1', 2),
(2732, 1, 'JT-0046', '2', 2),
(2733, 1, 'JT-0046', '3', 2),
(2734, 1, 'JT-0046', '4', 3),
(2735, 1, 'JT-0046', '5', 3),
(2736, 1, 'JT-0047', '0', 2),
(2737, 1, 'JT-0047', '1', 2),
(2738, 1, 'JT-0047', '2', 3),
(2739, 1, 'JT-0047', '3', 3),
(2740, 1, 'JT-0047', '4', 3),
(2741, 1, 'JT-0047', '5', 3),
(2742, 1, 'JT-0054', '0', 3),
(2743, 1, 'JT-0054', '1', 4),
(2744, 1, 'JT-0054', '2', 4),
(2745, 1, 'JT-0054', '3', 4),
(2746, 1, 'JT-0054', '4', 4),
(2747, 1, 'JT-0054', '5', 4),
(2748, 2, 'JT-0046', '0', 1),
(2749, 2, 'JT-0046', '1', 2),
(2750, 2, 'JT-0046', '2', 2),
(2751, 2, 'JT-0046', '3', 2),
(2752, 2, 'JT-0046', '4', 3),
(2753, 2, 'JT-0046', '5', 3),
(2754, 2, 'JT-0047', '0', 2),
(2755, 2, 'JT-0047', '1', 2),
(2756, 2, 'JT-0047', '2', 3),
(2757, 2, 'JT-0047', '3', 3),
(2758, 2, 'JT-0047', '4', 3),
(2759, 2, 'JT-0047', '5', 3),
(2760, 2, 'JT-0054', '0', 3),
(2761, 2, 'JT-0054', '1', 4),
(2762, 2, 'JT-0054', '2', 4),
(2763, 2, 'JT-0054', '3', 4),
(2764, 2, 'JT-0054', '4', 4),
(2765, 2, 'JT-0054', '5', 4),
(2766, 3, 'JT-0046', '0', 1),
(2767, 3, 'JT-0046', '1', 2),
(2768, 3, 'JT-0046', '2', 2),
(2769, 3, 'JT-0046', '3', 2),
(2770, 3, 'JT-0046', '4', 3),
(2771, 3, 'JT-0046', '5', 3),
(2772, 3, 'JT-0047', '0', 2),
(2773, 3, 'JT-0047', '1', 2),
(2774, 3, 'JT-0047', '2', 3),
(2775, 3, 'JT-0047', '3', 3),
(2776, 3, 'JT-0047', '4', 3),
(2777, 3, 'JT-0047', '5', 3),
(2778, 3, 'JT-0054', '0', 3),
(2779, 3, 'JT-0054', '1', 4),
(2780, 3, 'JT-0054', '2', 4),
(2781, 3, 'JT-0054', '3', 4),
(2782, 3, 'JT-0054', '4', 4),
(2783, 3, 'JT-0054', '5', 4),
(2784, 4, 'JT-0046', '0', 1),
(2785, 4, 'JT-0046', '1', 2),
(2786, 4, 'JT-0046', '2', 2),
(2787, 4, 'JT-0046', '3', 2),
(2788, 4, 'JT-0046', '4', 3),
(2789, 4, 'JT-0046', '5', 3),
(2790, 4, 'JT-0047', '0', 2),
(2791, 4, 'JT-0047', '1', 2),
(2792, 4, 'JT-0047', '2', 3),
(2793, 4, 'JT-0047', '3', 3),
(2794, 4, 'JT-0047', '4', 3),
(2795, 4, 'JT-0047', '5', 3),
(2796, 4, 'JT-0054', '0', 3),
(2797, 4, 'JT-0054', '1', 4),
(2798, 4, 'JT-0054', '2', 4),
(2799, 4, 'JT-0054', '3', 4),
(2800, 4, 'JT-0054', '4', 4),
(2801, 4, 'JT-0054', '5', 4),
(2802, 5, 'JT-0046', '0', 1),
(2803, 5, 'JT-0046', '1', 2),
(2804, 5, 'JT-0046', '2', 2),
(2805, 5, 'JT-0046', '3', 2),
(2806, 5, 'JT-0046', '4', 3),
(2807, 5, 'JT-0046', '5', 3),
(2808, 5, 'JT-0047', '0', 2),
(2809, 5, 'JT-0047', '1', 2),
(2810, 5, 'JT-0047', '2', 3),
(2811, 5, 'JT-0047', '3', 3),
(2812, 5, 'JT-0047', '4', 3),
(2813, 5, 'JT-0047', '5', 3),
(2814, 5, 'JT-0054', '0', 3),
(2815, 5, 'JT-0054', '1', 4),
(2816, 5, 'JT-0054', '2', 4),
(2817, 5, 'JT-0054', '3', 4),
(2818, 5, 'JT-0054', '4', 4),
(2819, 5, 'JT-0054', '5', 4),
(2820, 6, 'JT-0046', '0', 1),
(2821, 6, 'JT-0046', '1', 2),
(2822, 6, 'JT-0046', '2', 2),
(2823, 6, 'JT-0046', '3', 2),
(2824, 6, 'JT-0046', '4', 3),
(2825, 6, 'JT-0046', '5', 3),
(2826, 6, 'JT-0047', '0', 2),
(2827, 6, 'JT-0047', '1', 2),
(2828, 6, 'JT-0047', '2', 3),
(2829, 6, 'JT-0047', '3', 3),
(2830, 6, 'JT-0047', '4', 3),
(2831, 6, 'JT-0047', '5', 3),
(2832, 6, 'JT-0054', '0', 3),
(2833, 6, 'JT-0054', '1', 4),
(2834, 6, 'JT-0054', '2', 4),
(2835, 6, 'JT-0054', '3', 4),
(2836, 6, 'JT-0054', '4', 4),
(2837, 6, 'JT-0054', '5', 4),
(2838, 8, 'JT-0046', '0', 1),
(2839, 8, 'JT-0046', '1', 2),
(2840, 8, 'JT-0046', '2', 2),
(2841, 8, 'JT-0046', '3', 2),
(2842, 8, 'JT-0046', '4', 3),
(2843, 8, 'JT-0046', '5', 3),
(2844, 8, 'JT-0047', '0', 2),
(2845, 8, 'JT-0047', '1', 2),
(2846, 8, 'JT-0047', '2', 3),
(2847, 8, 'JT-0047', '3', 3),
(2848, 8, 'JT-0047', '4', 3),
(2849, 8, 'JT-0047', '5', 3),
(2850, 8, 'JT-0054', '0', 3),
(2851, 8, 'JT-0054', '1', 4),
(2852, 8, 'JT-0054', '2', 4),
(2853, 8, 'JT-0054', '3', 4),
(2854, 8, 'JT-0054', '4', 4),
(2855, 8, 'JT-0054', '5', 4),
(2856, 7, 'JT-0046', '0', 1),
(2857, 7, 'JT-0046', '1', 2),
(2858, 7, 'JT-0046', '2', 2),
(2859, 7, 'JT-0046', '3', 2),
(2860, 7, 'JT-0046', '4', 3),
(2861, 7, 'JT-0046', '5', 3),
(2862, 7, 'JT-0047', '0', 2),
(2863, 7, 'JT-0047', '1', 2),
(2864, 7, 'JT-0047', '2', 3),
(2865, 7, 'JT-0047', '3', 3),
(2866, 7, 'JT-0047', '4', 3),
(2867, 7, 'JT-0047', '5', 3),
(2868, 7, 'JT-0054', '0', 3),
(2869, 7, 'JT-0054', '1', 4),
(2870, 7, 'JT-0054', '2', 4),
(2871, 7, 'JT-0054', '3', 4),
(2872, 7, 'JT-0054', '4', 4),
(2873, 7, 'JT-0054', '5', 4),
(2874, 10, 'JT-0046', '0', 1),
(2875, 10, 'JT-0046', '1', 2),
(2876, 10, 'JT-0046', '2', 2),
(2877, 10, 'JT-0046', '3', 2),
(2878, 10, 'JT-0046', '4', 3),
(2879, 10, 'JT-0046', '5', 3),
(2880, 10, 'JT-0047', '0', 2),
(2881, 10, 'JT-0047', '1', 2),
(2882, 10, 'JT-0047', '2', 3),
(2883, 10, 'JT-0047', '3', 3),
(2884, 10, 'JT-0047', '4', 3),
(2885, 10, 'JT-0047', '5', 3),
(2886, 10, 'JT-0054', '0', 3),
(2887, 10, 'JT-0054', '1', 4),
(2888, 10, 'JT-0054', '2', 4),
(2889, 10, 'JT-0054', '3', 4),
(2890, 10, 'JT-0054', '4', 4),
(2891, 10, 'JT-0054', '5', 4),
(2892, 11, 'JT-0046', '0', 1),
(2893, 11, 'JT-0046', '1', 2),
(2894, 11, 'JT-0046', '2', 2),
(2895, 11, 'JT-0046', '3', 2),
(2896, 11, 'JT-0046', '4', 3),
(2897, 11, 'JT-0046', '5', 3),
(2898, 11, 'JT-0047', '0', 2),
(2899, 11, 'JT-0047', '1', 2),
(2900, 11, 'JT-0047', '2', 3),
(2901, 11, 'JT-0047', '3', 3),
(2902, 11, 'JT-0047', '4', 3),
(2903, 11, 'JT-0047', '5', 3),
(2904, 11, 'JT-0054', '0', 3),
(2905, 11, 'JT-0054', '1', 4),
(2906, 11, 'JT-0054', '2', 4),
(2907, 11, 'JT-0054', '3', 4),
(2908, 11, 'JT-0054', '4', 4),
(2909, 11, 'JT-0054', '5', 4),
(2910, 12, 'JT-0046', '0', 1),
(2911, 12, 'JT-0046', '1', 2),
(2912, 12, 'JT-0046', '2', 2),
(2913, 12, 'JT-0046', '3', 2),
(2914, 12, 'JT-0046', '4', 3),
(2915, 12, 'JT-0046', '5', 3),
(2916, 12, 'JT-0047', '0', 2),
(2917, 12, 'JT-0047', '1', 2),
(2918, 12, 'JT-0047', '2', 3),
(2919, 12, 'JT-0047', '3', 3),
(2920, 12, 'JT-0047', '4', 3),
(2921, 12, 'JT-0047', '5', 3),
(2922, 12, 'JT-0054', '0', 3),
(2923, 12, 'JT-0054', '1', 4),
(2924, 12, 'JT-0054', '2', 4),
(2925, 12, 'JT-0054', '3', 4),
(2926, 12, 'JT-0054', '4', 4),
(2927, 12, 'JT-0054', '5', 4),
(2928, 13, 'JT-0046', '0', 1),
(2929, 13, 'JT-0046', '1', 2),
(2930, 13, 'JT-0046', '2', 2),
(2931, 13, 'JT-0046', '3', 2),
(2932, 13, 'JT-0046', '4', 3),
(2933, 13, 'JT-0046', '5', 3),
(2934, 13, 'JT-0047', '0', 2),
(2935, 13, 'JT-0047', '1', 2),
(2936, 13, 'JT-0047', '2', 3),
(2937, 13, 'JT-0047', '3', 3),
(2938, 13, 'JT-0047', '4', 3),
(2939, 13, 'JT-0047', '5', 3),
(2940, 13, 'JT-0054', '0', 3),
(2941, 13, 'JT-0054', '1', 4),
(2942, 13, 'JT-0054', '2', 4),
(2943, 13, 'JT-0054', '3', 4),
(2944, 13, 'JT-0054', '4', 4),
(2945, 13, 'JT-0054', '5', 4),
(2946, 14, 'JT-0046', '0', 1),
(2947, 14, 'JT-0046', '1', 2),
(2948, 14, 'JT-0046', '2', 2),
(2949, 14, 'JT-0046', '3', 2),
(2950, 14, 'JT-0046', '4', 3),
(2951, 14, 'JT-0046', '5', 3),
(2952, 14, 'JT-0047', '0', 2),
(2953, 14, 'JT-0047', '1', 2),
(2954, 14, 'JT-0047', '2', 3),
(2955, 14, 'JT-0047', '3', 3),
(2956, 14, 'JT-0047', '4', 3),
(2957, 14, 'JT-0047', '5', 3),
(2958, 14, 'JT-0054', '0', 3),
(2959, 14, 'JT-0054', '1', 4),
(2960, 14, 'JT-0054', '2', 4),
(2961, 14, 'JT-0054', '3', 4),
(2962, 14, 'JT-0054', '4', 4),
(2963, 14, 'JT-0054', '5', 4),
(2964, 15, 'JT-0046', '0', 1),
(2965, 15, 'JT-0046', '1', 2),
(2966, 15, 'JT-0046', '2', 2),
(2967, 15, 'JT-0046', '3', 2),
(2968, 15, 'JT-0046', '4', 3),
(2969, 15, 'JT-0046', '5', 3),
(2970, 15, 'JT-0047', '0', 2),
(2971, 15, 'JT-0047', '1', 2),
(2972, 15, 'JT-0047', '2', 3),
(2973, 15, 'JT-0047', '3', 3),
(2974, 15, 'JT-0047', '4', 3),
(2975, 15, 'JT-0047', '5', 3),
(2976, 15, 'JT-0054', '0', 3),
(2977, 15, 'JT-0054', '1', 4),
(2978, 15, 'JT-0054', '2', 4),
(2979, 15, 'JT-0054', '3', 4),
(2980, 15, 'JT-0054', '4', 4),
(2981, 15, 'JT-0054', '5', 4),
(2982, 16, 'JT-0046', '0', 1),
(2983, 16, 'JT-0046', '1', 2),
(2984, 16, 'JT-0046', '2', 2),
(2985, 16, 'JT-0046', '3', 2),
(2986, 16, 'JT-0046', '4', 3),
(2987, 16, 'JT-0046', '5', 3),
(2988, 16, 'JT-0047', '0', 2),
(2989, 16, 'JT-0047', '1', 2),
(2990, 16, 'JT-0047', '2', 3),
(2991, 16, 'JT-0047', '3', 3),
(2992, 16, 'JT-0047', '4', 3),
(2993, 16, 'JT-0047', '5', 3),
(2994, 16, 'JT-0054', '0', 3),
(2995, 16, 'JT-0054', '1', 4),
(2996, 16, 'JT-0054', '2', 4),
(2997, 16, 'JT-0054', '3', 4),
(2998, 16, 'JT-0054', '4', 4),
(2999, 16, 'JT-0054', '5', 4);

-- --------------------------------------------------------

--
-- Table structure for table `competencie_groups`
--

CREATE TABLE `competencie_groups` (
  `id` bigint(20) UNSIGNED NOT NULL,
  `id_skill_category` int(11) NOT NULL,
  `name` varchar(255) COLLATE utf8mb4_unicode_ci NOT NULL,
  `created_at` timestamp NULL DEFAULT NULL,
  `updated_at` timestamp NULL DEFAULT NULL
) ENGINE=InnoDB DEFAULT CHARSET=utf8mb4 COLLATE=utf8mb4_unicode_ci;

--
-- Dumping data for table `competencie_groups`
--

INSERT INTO `competencie_groups` (`id`, `id_skill_category`, `name`, `created_at`, `updated_at`) VALUES
(4, 2, 'General MNF', '2022-05-22 08:30:09', '2022-05-22 08:30:09'),
(5, 2, 'General Corporate', '2022-05-22 08:30:26', '2022-05-22 08:30:26'),
(6, 2, 'TPM', '2022-05-22 08:30:38', '2022-05-22 08:30:38'),
(7, 2, 'Focus Improvement', '2022-05-22 08:30:54', '2022-05-22 08:30:54'),
(8, 1, 'Technical', '2022-05-22 08:31:10', '2022-05-22 08:31:10'),
(9, 1, 'Basic Maintenance', '2022-05-22 08:31:24', '2022-05-22 08:31:24');

-- --------------------------------------------------------

--
-- Table structure for table `curriculum`
--

CREATE TABLE `curriculum` (
  `id_curriculum` int(11) NOT NULL,
  `no_training_module` varchar(150) NOT NULL,
  `id_skill_category` int(11) NOT NULL,
  `training_module` varchar(150) NOT NULL,
  `level` char(5) NOT NULL,
  `training_module_group` varchar(255) NOT NULL,
  `training_module_desc` text NOT NULL,
  `created_at` timestamp NULL DEFAULT NULL ON UPDATE current_timestamp(),
  `updated_At` timestamp NULL DEFAULT NULL ON UPDATE current_timestamp()
) ENGINE=InnoDB DEFAULT CHARSET=utf8mb4;

--
-- Dumping data for table `curriculum`
--

INSERT INTO `curriculum` (`id_curriculum`, `no_training_module`, `id_skill_category`, `training_module`, `level`, `training_module_group`, `training_module_desc`, `created_at`, `updated_At`) VALUES
(1, '1/KMI/GEN', 2, 'Company Strategy', 'B', '4', '\"Berisi penjelasan mengenai Sejarah Berdiri Perusahaan', '2022-06-21 07:42:06', '2022-06-21 00:42:06'),
(2, '2/KMI/GEN', 2, 'Orientation Department', 'B', '4', 'Berisi penjelasan mengenai tugas dan tanggung jawab dari masing-masing departemen dan struktur organisasi perusahaan', '2022-06-21 07:42:34', '2022-06-21 00:42:34'),
(3, '3/KMI/GEN', 2, 'KALBE Business Ethic', 'B', '4', 'Berisi tentang tata kelola etika bisnis di KALBE Group', '2022-06-21 07:42:54', '2022-06-21 00:42:54'),
(4, '4/KMI/GEN', 2, 'Company Regulation', 'B', '4', '\"Berisi penjelasan mengenai peraturan perusahaan yang berlaku yaitu Perjanjian Kerja Bersama yang sudah disepakati oleh Serikat Pekerja dan Manajemen mengenai kewajiban', '2022-06-21 07:43:10', '2022-06-21 00:43:10'),
(5, '5/KMI/GEN', 2, 'Others Information', 'B', '4', '\"Berisi tentang informasi tambahan mengenai BPJS Ketenagakerjaan', '2022-06-21 07:43:43', '2022-06-21 00:43:43'),
(6, '6/KMI/GEN', 2, 'HRIS (Human Resources Information System)', 'B', '4', '\"Berisi tentang tata cara melakukan update informasi data pribadi', '2022-06-21 07:45:00', '2022-06-21 00:45:00'),
(7, '7/KMI/GEN', 2, 'GMP (Good Manufacturing Practices)', 'B', '4', '\"Berisi penjelasan mengenai tujuan penerapan dan prinsip GMP', '2022-06-21 07:45:25', '2022-06-21 00:45:25'),
(8, '8/KMI/GEN', 2, '5P (Pemilahan, Penataan, Pembersihan, Penstandarisasian, Pembiasaan)', 'B', '4', 'Berisi penjelasan mengenai tujuan penerapan dan prinsip 5P dan kaitannya dengan GMP, perilaku 5P, 5P culture di perusahaan (target, audit, dll)', '2022-06-21 07:45:56', '2022-06-21 00:45:56'),
(9, '9/KMI/GEN', 2, 'Microbiology', 'B', '4', '\"Berisi penjelasan mengenai berbagai jenis mikroba yang dapat berdampak pada food safety', '2022-06-21 07:46:13', '2022-06-21 00:46:13'),
(10, '10/KMI/GEN', 2, 'ISO & FSSC (International Organization for Standardization & Food Safety System Certification)', 'B', '4', '\"Berisi penjelasan mengenai kebijakan Management terkait dengan sistem ISO & FSSC yang diterapkan di perusahaan', '2022-06-21 07:46:31', '2022-06-21 00:46:31'),
(11, '11/KMI/GEN', 2, 'SJH (Sistem Jaminan Halal / Halal Assurance System)', 'B', '4', '\"Berisi penjelasan mengenai kebijakan Management terkait dengan sistem SJH yang diterapkan di perusahaan', '2022-06-21 07:46:52', '2022-06-21 00:46:52'),
(12, '12/KMI/GEN', 2, 'TPM (Total Productive Management)', 'B', '4', '\"Berisi penjelasan mengenai tujuan penerapan TPM', '2022-06-21 07:47:24', '2022-06-21 00:47:24'),
(13, '13/KMI/GEN', 2, 'SMK3 (Sistem Manajemen Keselamatan & Kesehatan Kerja)', 'B', '4', '\"Berisi penjelasan mengenai kebijakan Management terkait dengan sistem SMK3 yang diterapkan di perusahaan', '2022-06-21 07:48:18', '2022-06-21 00:48:18'),
(14, '14/KMI/GEN', 2, 'I2C (Innovation & Improvement Culture)', 'B', '4', '\"Berisi penjelasan mengenai CONIM culture', '2022-06-21 07:48:41', '2022-06-21 00:48:41'),
(15, '15/KMI/GEN', 2, 'Suggestion System', 'B', '4', '- Penjelasan pentingnya SS - Contoh2 SS - Membuat laporan SS\"', '2022-06-21 07:49:13', '2022-06-21 00:49:13'),
(16, '16/KMI/GEN', 2, 'Quality Control Circle - DELTA', 'B', '4', '\"- Materi delapan langkah-tujuh alat - Contoh2 QCC - Menyusun makalah QCC\"', '2022-06-21 07:49:49', '2022-06-21 00:49:49'),
(17, '17/KMI/GEN', 2, 'Practical Problem Solving', 'I', '4', '\"- Materi practical problem solving - Contoh2 PPS - Menyusun makalah PPS\"', '2022-06-21 07:51:06', '2022-06-21 00:51:06'),
(18, '18/KMI/GEN', 2, 'New 7 Management Tools', 'I', '4', '\"- Materi new 7 Management Tools - Contoh penerapan new 7 management tools\"', '2022-06-21 07:50:46', '2022-06-21 00:50:46'),
(19, '19/KMI/GEN', 2, 'Konsep Smart Improvement', 'I', '4', '\"- Materi Smart Improvement - Contoh-contoh smart improvement\"', '2022-06-21 07:50:25', '2022-06-21 00:50:25'),
(20, '20/KMI/GEN', 2, 'Karakuri Kaizen', 'I', '4', '\"- Materi Karakuri Kaizen - Contoh-contoh Karakuri Kaizen\"', '2022-06-21 07:50:08', '2022-06-21 00:50:08'),
(21, '21/KMI/GEN', 2, 'Konsep MUDA, MURI, MURA', 'A', '4', '\'- Konsep MUDA, MURI, MURA - Workshop bentuk loss di area kerja', '2022-06-21 06:39:41', '2022-06-20 23:39:41'),
(22, '22/KMI/GEN', 2, 'PM Analysis', 'I', '4', '\"- Materi PM Analysis - Contoh penerapan PM Analysis\"', '2022-06-21 02:17:12', '2022-06-20 19:17:12'),
(23, '23/KMI/GEN', 2, 'Red Zone Analysis', 'A', '4', '\"- Materi Red Zone Analaysis - Contoh2 RZA - Menyusun makalah RZA\"', '2022-06-21 06:40:24', '2022-06-20 23:40:24'),
(24, '24/KMI/GEN', 2, 'SMED', 'A', '4', '\"- Materi Karakuri Kaizen - Contoh-contoh Karakuri Kaizen\"', '2022-06-21 06:41:33', '2022-06-20 23:41:33'),
(25, '25/KMI/GEN', 2, 'Penjurian QCC', 'I', '4', '\"- Menjadi juri yang baik - Form penilaian QCC\"', '2022-06-21 06:43:22', '2022-06-20 23:43:22'),
(26, '26/KMI/GEN', 2, 'Penjurian PPS', 'I', '4', '\"- Menjadi juri yang baik - Form penilaian PPS\"', '2022-06-21 02:19:19', '2022-06-20 19:19:19'),
(27, '27/KMI/GEN', 2, 'Improvement Web registration', 'B', '4', '\"- i2c Web - Menarik data dari web - Problem solving web\"', '2022-06-21 06:44:15', '2022-06-20 23:44:15'),
(28, '28/KMI/GEN', 2, 'Evaluasi Improvement : - Pencapaian - Analisa - Saving Cost - Level Improvement\"', 'B', '4', 'Evaluasi Improvement : - Pencapaian - Analisa - Saving Cost - Level Improvement\"', '2022-06-21 06:44:39', '2022-06-20 23:44:39'),
(29, '29/KMI/FUNC', 1, 'Organizational Design', 'B', '8', 'Berisi penjelasan mengenai Desain Organisasi', '2022-05-30 03:02:02', '2022-05-30 03:02:02'),
(30, '30/KMI/FUNC', 1, 'Job analysis', 'I', '8', 'Berisi penjelasan mengenai analisa pekerjaan per jabatan', '2022-05-30 03:02:02', '2022-05-30 03:02:02'),
(31, '31/KMI/FUNC', 1, 'Job evaluation', 'I', '8', 'Berisi penjelasan mengenai evalausi pekerjaan', '2022-05-30 03:02:02', '2022-05-30 03:02:02'),
(32, '32/KMI/FUNC', 1, 'Competency Based Management', 'I', '8', 'Berisi penjelasan mengenai Kompetensi', '2022-05-29 22:18:29', '2022-05-29 15:18:29'),
(33, '33/KMI/FUNC', 1, 'Change Management', 'A', '8', 'Berisi penjelasan mengenai perubahan manajemen', '2022-05-30 03:02:02', '2022-05-30 03:02:02'),
(34, '34/KMI/FUNC', 1, 'Employee Satisfaction Index', 'B', '8', 'Berisi mengenai cara melakukan survey untuk kepuasan karyawan terhadap perusahaan', '2022-05-30 03:02:02', '2022-05-30 03:02:02'),
(35, '35/KMI/FUNC', 1, 'Customer Satisfaction Index', 'B', '8', 'Berisi mengenai cara melakukan survey untuk kepuasan karyawan terhadap departemen', '2022-05-30 03:02:02', '2022-05-30 03:02:02'),
(36, '36/KMI/FUNC', 1, 'Proses Seleksi Karyawan Non Tetap', 'B', '8', 'Berisi penjelasan mengenai proses seleksi karyawan non-tetap', '2022-05-30 03:02:02', '2022-05-30 03:02:02'),
(37, '37/KMI/FUNC', 1, 'Basic Interviewing Skill', 'B', '8', 'Berisi penjelasan mengenai Basic Interviewing Skill', '2022-05-29 14:03:51', '2022-05-29 14:03:51'),
(38, '38/KMI/FUNC', 1, 'Input Data Karyawan ke HRIS (Pro Int)', 'B', '8', 'Berisi penjelasan mengenai Input Data Karyawan ke HRIS (Pro Int)', '2022-05-29 14:03:51', '2022-05-29 14:03:51'),
(39, '39/KMI/FUNC', 1, 'Perpanjangan Kontrak Karyawan', 'B', '8', 'Berisi penjelasan mengenai Perpanjangan Kontrak Karyawan', '2022-05-29 14:03:51', '2022-05-29 14:03:51'),
(40, '40/KMI/FUNC', 1, 'Input Data Perpanjangan Kontrak Kary ke HRIS (Pro Int)', 'B', '8', 'Berisi penjelasan mengenai Input Data Perpanjangan Kontrak Kary ke HRIS (Pro Int)', '2022-05-29 14:03:51', '2022-05-29 14:03:51'),
(41, '41/KMI/FUNC', 1, 'Prosedur Karyawan Habis Kontrak', 'B', '8', 'Berisi penjelasan mengenai Prosedur Karyawan Habis Kontrak', '2022-05-29 14:03:51', '2022-05-29 14:03:51'),
(42, '42/KMI/FUNC', 1, 'Proses Seleksi Karyawan Tetap', 'B', '8', 'Berisi penjelasan mengenai Proses Seleksi Karyawan Tetap', '2022-05-29 14:03:51', '2022-05-29 14:03:51'),
(43, '43/KMI/FUNC', 1, 'Prosedur Penerimaan Karyawan Magang/PKL', 'B', '8', 'Berisi penjelasan mengenai Prosedur Penerimaan Karyawan Magang/PKL', '2022-05-29 14:03:51', '2022-05-29 14:03:51'),
(44, '44/KMI/FUNC', 1, 'Targeted Selection Interview (Competency Based Interview )', 'I', '8', 'Berisi penjelasan mengenai Targeted Selection Interview (Competency Based Interview )', '2022-05-29 14:03:51', '2022-05-29 14:03:51'),
(45, '45/KMI/FUNC', 1, 'HRIS (Pro Int) Modul Recruitment', 'I', '8', 'Berisi penjelasan mengenai HRIS (Pro Int) Modul Recruitment', '2022-05-29 14:03:51', '2022-05-29 14:03:51'),
(46, '46/KMI/FUNC', 1, 'Recruitment Report', 'I', '8', 'Berisi penjelasan mengenai Recruitment Report', '2022-05-29 14:03:51', '2022-05-29 14:03:51'),
(47, '47/KMI/FUNC', 1, 'Prosedur Evaluasi Masa Percobaan/Pelatihan', 'I', '8', 'Berisi penjelasan mengenai Prosedur Evaluasi Masa Percobaan/Pelatihan', '2022-05-29 14:03:51', '2022-05-29 14:03:51'),
(48, '48/KMI/FUNC', 1, 'Corporate Culture', 'I', '8', 'Berisi penjelasan mengenai Corporate Culture', '2022-05-29 14:03:51', '2022-05-29 14:03:51'),
(49, '49/KMI/FUNC', 1, 'Man Power Planning', 'A', '8', 'Berisi penjelasan mengenai Man Power Planning', '2022-05-29 14:03:51', '2022-05-29 14:03:51'),
(50, '50/KMI/FUNC', 1, 'Penawaran Gaji', 'A', '8', 'Berisi penjelasan mengenai Penawaran Gaji', '2022-05-29 12:48:58', '2022-05-29 05:48:58'),
(103, '53/KMI/FUNC', 1, 'Organize training', 'B', '8', 'Berisi penjelasan mengenai Organize training', '2022-05-31 01:22:50', '2022-05-31 01:22:50'),
(104, '54/KMI/FUNC', 1, 'Training for New Employee (NEOP)', 'B', '8', 'Berisi penjelasan mengenai Training for New Employee (NEOP)', '2022-05-31 01:22:53', '2022-05-31 01:22:53'),
(105, '55/KMI/FUNC', 1, 'HRIS (Pro Int) Modul Training', 'I', '8', 'Berisi penjelasan mengenai HRIS (Pro Int) Modul Training', '2022-05-31 01:22:55', '2022-05-31 01:22:55'),
(106, '56/KMI/FUNC', 1, 'Kemampuan sebagai  trainer (TFT)', 'I', '8', 'Berisi penjelasan mengenai Kemampuan sebagai  trainer (TFT)', '2022-05-31 01:22:58', '2022-05-31 01:22:58'),
(107, '57/KMI/FUNC', 1, 'Training Evaluation', 'I', '8', 'Berisi penjelasan mengenai Training Evaluation', '2022-06-06 04:26:08', '2022-06-06 04:26:08'),
(108, '58/KMI/FUNC', 1, 'Membuat Skill Matriks', 'I', '8', 'Berisi penjelasan mengenai Membuat Skill Matriks', '2022-06-06 04:26:08', '2022-06-06 04:26:08'),
(109, '59/KMI/FUNC', 1, 'Training Report', 'I', '8', 'Berisi penjelasan mengenai Training Report', '2022-06-06 04:26:08', '2022-06-06 04:26:08'),
(110, '60/KMI/FUNC', 1, 'Analisa Kebutuhan Pelatihan', 'A', '8', 'Berisi penjelasan mengenai Analisa Kebutuhan Pelatihan', '2022-06-06 04:26:08', '2022-06-06 04:26:08'),
(111, '61/KMI/FUNC', 1, 'Follow up Training Effectiveness', 'A', '8', 'Berisi penjelasan mengenai Follow up Training Effectiveness', '2022-06-06 04:26:08', '2022-06-06 04:26:08'),
(112, '62/KMI/FUNC', 1, 'Membuat Training Matrix (Competency vs Trn )', 'A', '8', 'Berisi penjelasan mengenai Membuat Training Matrix (Competency vs Trn )', '2022-06-06 04:26:08', '2022-06-06 04:26:08'),
(113, '63/KMI/FUNC', 1, 'Prosedur Mutasi Internal', 'B', '8', 'Berisi penjelasan mengenai Prosedur Mutasi Internal', '2022-06-06 04:26:08', '2022-06-06 04:26:08'),
(114, '64/KMI/FUNC', 1, 'Survey 3 Sun Credo', 'B', '8', 'Berisi penjelasan mengenai Survey 3 Sun Credo', '2022-06-06 04:26:08', '2022-06-06 04:26:08'),
(115, '65/KMI/FUNC', 1, 'Prosedur Promosi/Demosi', 'I', '8', 'Berisi penjelasan mengenai Prosedur Promosi/Demosi', '2022-06-06 04:26:08', '2022-06-06 04:26:08'),
(116, '66/KMI/FUNC', 1, 'Prosedur People Review', 'I', '8', 'Berisi penjelasan mengenai Prosedur People Review', '2022-06-06 04:26:08', '2022-06-06 04:26:08'),
(117, '67/KMI/FUNC', 1, 'Prosedur Appraisal', 'I', '8', 'Berisi penjelasan mengenai Prosedur Appraisal', '2022-06-06 04:26:08', '2022-06-06 04:26:08'),
(118, '68/KMI/FUNC', 1, 'HRIS (Pro Int) Modul Performance Management', 'I', '8', 'Berisi penjelasan mengenai HRIS (Pro Int) Modul Performance Management', '2022-06-06 04:26:08', '2022-06-06 04:26:08'),
(119, '69/KMI/FUNC', 1, 'Prosedur Mutasi antar Perusahaan', 'A', '8', 'Berisi penjelasan mengenai Prosedur Mutasi antar Perusahaan', '2022-06-06 04:26:08', '2022-06-06 04:26:08'),
(120, '70/KMI/FUNC', 1, 'Performance Management', 'A', '8', 'Berisi penjelasan mengenai Performance Management', '2022-06-06 04:26:08', '2022-06-06 04:26:08'),
(121, '71/KMI/FUNC', 1, 'Membuat Individual Development Plan (IDP)', 'A', '8', 'Berisi penjelasan mengenai Membuat Individual Development Plan (IDP)', '2022-06-06 04:26:08', '2022-06-06 04:26:08'),
(122, '72/KMI/FUNC', 1, 'Membuat Individual Career Plan (ICP)', 'A', '8', 'Berisi penjelasan mengenai Membuat Individual Career Plan (ICP)', '2022-06-06 04:26:08', '2022-06-06 04:26:08'),
(123, '73/KMI/FUNC', 1, 'Membuat Replacement Table Chart (RTC)', 'A', '8', 'Berisi penjelasan mengenai Membuat Replacement Table Chart (RTC)', '2022-06-06 04:26:08', '2022-06-06 04:26:08'),
(124, '74/KMI/FUNC', 1, 'Prosedur Termination Karyawan Non Tetap', 'B', '8', 'Berisi penjelasan mengenai Prosedur Termination Karyawan Non Tetap', '2022-06-06 03:21:27', '2022-06-05 20:21:27'),
(125, '75/KMI/FUNC', 1, 'Prosedur Termination Karyawan Tetap', 'B', '8', 'Berisi penjelasan mengenai Prosedur Termination Karyawan Tetap', '2022-06-06 03:23:21', '2022-06-05 20:23:21'),
(126, '76/KMI/FUNC', 1, 'HRIS Modul Termination', 'B', '8', 'Berisi penjelasan mengenai HRIS Modul Termination', '2022-06-06 03:23:47', '2022-06-05 20:23:47'),
(127, '77/KMI/FUNC', 1, 'Exit Interview', 'B', '8', 'Berisi penjelasan mengenai Exit Interview', '2022-06-06 03:24:28', '2022-06-05 20:24:28'),
(128, '78/KMI/FUNC', 1, 'Manage termination', 'I', '8', 'Berisi penjelasan mengenai Manage termination', '2022-06-06 03:25:15', '2022-06-05 20:25:15'),
(129, '79/KMI/FUNC', 1, 'Perhitungan Pesangon', 'I', '8', 'Berisi penjelasan mengenai Perhitungan Pesangon', '2022-06-06 03:25:56', '2022-06-05 20:25:56'),
(130, '80/KMI/FUNC', 1, 'Prosedur Pengajuan Cuti', 'B', '8', 'Berisi penjelasan mengenai Prosedur Pengajuan Cuti', '2022-06-06 03:26:28', '2022-06-05 20:26:28'),
(131, '81/KMI/FUNC', 1, 'Prosedur Claim Medical', 'B', '8', 'Berisi penjelasan mengenai Prosedur Claim Medical', '2022-06-06 03:27:09', '2022-06-05 20:27:09'),
(132, '82/KMI/FUNC', 1, 'Perhitungan Perjalanan Dinas', 'B', '8', 'Berisi penjelasan mengenai Perhitungan Perjalanan Dinas', '2022-06-06 03:27:27', '2022-06-05 20:27:27'),
(133, '83/KMI/FUNC', 1, 'Pemberian Sumbangan Duka & Nikah', 'B', '8', 'Berisi penjelasan mengenai Pemberian Sumbangan Duka & Nikah', '2022-06-06 03:28:11', '2022-06-05 20:28:11'),
(134, '84/KMI/FUNC', 1, 'HRIS (Pro Int) Modul Personnel Management', 'B', '8', 'Berisi penjelasan mengenai HRIS (Pro Int) Modul Personnel Management', '2022-06-06 03:28:38', '2022-06-05 20:28:38'),
(135, '85/KMI/FUNC', 1, 'Absensi & masalah SPL', 'B', '8', 'Berisi penjelasan mengenai Absensi & masalah SPL', '2022-06-06 03:29:31', '2022-06-05 20:29:31'),
(136, '86/KMI/FUNC', 1, 'Proses Gaji Karyawan tetap', 'B', '8', 'Berisi penjelasan mengenai Proses Gaji Karyawan tetap', '2022-06-06 03:30:01', '2022-06-05 20:30:01'),
(137, '87/KMI/FUNC', 1, 'Proses Gaji Karyawan Outsource', 'B', '8', 'Berisi penjelasan mengenai Proses Gaji Karyawan Outsource', '2022-06-06 03:30:30', '2022-06-05 20:30:30'),
(138, '88/KMI/FUNC', 1, 'Proses Gaji Expatriate', 'B', '8', 'Berisi penjelasan mengenai Proses Gaji Expatriate', '2022-06-06 03:30:45', '2022-06-05 20:30:45'),
(139, '89/KMI/FUNC', 1, 'Klik BCA untuk gaji', 'B', '8', 'Berisi penjelasan mengenai Klik BCA untuk gaji', '2022-06-06 03:31:07', '2022-06-05 20:31:07'),
(140, '90/KMI/FUNC', 1, 'Proses THR/TAT', 'B', '8', 'Berisi penjelasan mengenai Proses THR/TAT', '2022-06-06 03:31:31', '2022-06-05 20:31:31'),
(141, '91/KMI/FUNC', 1, 'Proses Bonus', 'B', '8', 'Berisi penjelasan mengenai Proses Bonus', '2022-06-06 03:32:09', '2022-06-05 20:32:09'),
(142, '92/KMI/FUNC', 1, 'Peraturan Jamsostek & Perhitungannya', 'B', '8', 'Berisi penjelasan mengenai Peraturan Jamsostek & Perhitungannya', '2022-06-06 03:32:22', '2022-06-05 20:32:22'),
(143, '93/KMI/FUNC', 1, 'HRIS (Pro Int) Modul Time Management', 'B', '8', 'Berisi penjelasan mengenai HRIS (Pro Int) Modul Time Management', '2022-06-06 03:32:47', '2022-06-05 20:32:47'),
(144, '94/KMI/FUNC', 1, 'HRIS (Pro Int) Modul Payroll Management', 'B', '8', 'Berisi penjelasan mengenai HRIS (Pro Int) Modul Payroll Management', '2022-06-06 03:33:12', '2022-06-05 20:33:12'),
(145, '95/KMI/FUNC', 1, 'Prosedur Pengangkatan Karyawan', 'B', '8', 'Berisi penjelasan mengenai Prosedur Pengangkatan Karyawan', '2022-06-06 03:34:17', '2022-06-05 20:34:17'),
(146, '96/KMI/FUNC', 1, 'Ketentuan Pajak Penghasilan (PPh21)', 'I', '8', 'Berisi penjelasan mengenai Ketentuan Pajak Penghasilan (PPh21)', '2022-06-06 03:35:43', '2022-06-05 20:35:43'),
(147, '97/KMI/FUNC', 1, 'Dana Pensiun', 'I', '8', 'Berisi penjelasan mengenai Dana Pensiun', '2022-06-06 03:36:05', '2022-06-05 20:36:05'),
(148, '98/KMI/FUNC', 1, 'Troubleshooting HRIS (Pro Int) Modul Time Management', 'I', '8', 'Berisi penjelasan mengenai Troubleshooting HRIS (Pro Int) Modul Time Management', '2022-06-06 03:36:33', '2022-06-05 20:36:33'),
(149, '99/KMI/FUNC', 1, 'Membuat salary report', 'I', '8', 'Berisi penjelasan mengenai Membuat salary report', '2022-06-06 03:37:19', '2022-06-05 20:37:19'),
(150, '100/KMI/FUNC', 1, 'Troubleshooting HRIS (Pro Int) Modul Payroll Management', 'A', '8', 'Berisi penjelasan mengenai Troubleshooting HRIS (Pro Int) Modul Payroll Management', '2022-06-06 03:37:32', '2022-06-05 20:37:32'),
(151, '101/KMI/FUNC', 1, 'Analisa biaya', 'A', '8', 'Berisi penjelasan mengenai Analisa biaya', '2022-06-06 03:37:49', '2022-06-05 20:37:49'),
(152, '102/KMI/FUNC', 1, 'Budgeting & Controlling', 'A', '8', 'Berisi penjelasan mengenai Budgeting & Controlling', '2022-06-06 03:39:24', '2022-06-05 20:39:24'),
(153, '103/KMI/FUNC', 1, 'Compensation Management System', 'A', '8', 'Berisi penjelasan mengenai Compensation Management System', '2022-06-06 03:39:45', '2022-06-05 20:39:45'),
(154, '104/KMI/FUNC', 1, 'Membuat Salary Structure', 'A', '8', 'Berisi penjelasan mengenai Membuat Salary Structure', '2022-06-06 03:40:06', '2022-06-05 20:40:06'),
(155, '105/KMI/GEN', 2, 'Pengetahuan Program komputer (Ms.Office)', 'B', '4', 'Berisi penjelasan mengenai Pengetahuan Program komputer (Ms.Office)', '2022-06-06 03:45:29', '2022-06-05 20:45:29'),
(156, '106/KMI/FUNC', 2, 'Effective Communication Skill', 'I', '4', 'Berisi penjelasan mengenai Communication Skill', '2022-06-06 03:49:48', '2022-06-05 20:49:48'),
(157, '107/KMI/FUNC', 2, 'Presentation Skill', 'I', '4', 'Berisi penjelasan mengenai Presentation Skill', '2022-06-06 03:50:25', '2022-06-05 20:50:25'),
(158, '108/KMI/FUNC', 2, 'Negotiation Skill', 'I', '4', 'Berisi penjelasan mengenai Negotiation Skill', '2022-06-06 03:50:45', '2022-06-05 20:50:45'),
(159, '109/KMI/FUNC', 2, 'Leadership', 'I', '4', 'Berisi penjelasan mengenai Leadership', '2022-06-06 03:51:09', '2022-06-05 20:51:09'),
(160, '110/KMI/FUNC', 1, 'Bahasa Inggris', 'B', '8', 'Berisi penjelasan mengenai Bahasa Inggris', '2022-06-06 04:49:33', '2022-06-05 21:49:33'),
(161, '111/KMI/FUNC', 1, 'Penanganan Surat/Dokumen', 'B', '8', 'Berisi penjelasan mengenai Penanganan Surat/Dokumen', '2022-05-30 03:21:32', '2022-05-29 20:21:32'),
(162, '112/KMI/FUNC', 1, 'Membuat Calendar of Event', 'I', '8', 'Berisi penjelasan mengenai Membuat Calendar of Event', '2022-06-06 03:52:25', '2022-06-05 20:52:25'),
(163, '113/KMI/FUNC', 1, 'Handle and Prepare Meeting', 'I', '8', 'Berisi penjelasan mengenai Handle and Prepare Meeting', '2022-06-06 03:53:07', '2022-06-05 20:53:07'),
(164, '114/KMI/FUNC', 1, 'Prosedur Pengajuan Kas Bon', 'B', '8', 'Berisi penjelasan mengenai Prosedur Pengajuan Kas Bon', '2022-06-06 03:53:40', '2022-06-05 20:53:40'),
(165, '115/KMI/FUNC', 1, 'Prosedur Permintaan Barang di HR', 'B', '8', 'Berisi penjelasan mengenai Prosedur Permintaan Barang di HR', '2022-06-06 03:54:09', '2022-06-05 20:54:09'),
(166, '116/KMI/FUNC', 1, 'Pembuatan & Follow up NCR', 'I', '8', 'Berisi penjelasan mengenai Pembuatan & Follow up NCR', '2022-06-06 03:54:41', '2022-06-05 20:54:41'),
(167, '117/KMI/FUNC', 1, 'Prosedur Peminjaman Kendaraan Operasional', 'B', '8', 'Berisi penjelasan mengenai Prosedur Peminjaman Kendaraan Operasional', '2022-06-06 03:55:44', '2022-06-05 20:55:44'),
(168, '118/KMI/FUNC', 1, 'UU Ketenagakerjaan', 'I', '8', 'Berisi penjelasan mengenai UU Ketenagakerjaan', '2022-06-15 04:30:27', '2022-06-14 21:30:27'),
(169, '119/KMI/FUNC', 1, 'IK Proses Seleksi Karyawan Tetap', 'B', '8', 'Berisi penjelasan mengenai IK Proses Seleksi Karyawan Tetap', '2022-06-06 03:57:04', '2022-06-05 20:57:04'),
(170, '120/KMI/FUNC', 1, 'IK Proses Seleksi Karyawan Kontrak', 'B', '8', 'Berisi penjelasan mengenai IK Proses Seleksi Karyawan Kontrak', '2022-06-06 03:57:39', '2022-06-05 20:57:39'),
(171, '121/KMI/FUNC', 1, 'IK Persiapan dan Penerimaan Karyawan Baru', 'B', '8', 'Berisi penjelasan mengenai IK Persiapan dan Penerimaan Karyawan Baru', '2022-06-06 04:00:00', '2022-06-05 21:00:00'),
(172, '122/KMI/FUNC', 1, 'IK Penerimaan Karyawan Magang/PKL', 'B', '8', 'Berisi penjelasan mengenai IK Penerimaan Karyawan Magang/PKL', '2022-06-06 04:04:18', '2022-06-05 21:04:18'),
(173, '123/KMI/FUNC', 1, 'IK Perpanjangan Kontrak Alih Daya', 'B', '8', 'Berisi penjelasan mengenai IK Perpanjangan Kontrak Alih Daya', '2022-06-06 04:05:49', '2022-06-05 21:05:49'),
(174, '124/KMI/FUNC', 1, 'IK Pengisian Kinerja Karyawan', 'B', '8', 'Berisi penjelasan mengenai IK Pengisian Kinerja Karyawan', '2022-06-06 04:06:05', '2022-06-05 21:06:05'),
(175, '125/KMI/FUNC', 1, 'IK Performance Management', 'B', '8', 'Berisi penjelasan mengenai IK Performance Management', '2022-06-06 04:06:20', '2022-06-05 21:06:20'),
(176, '126/KMI/FUNC', 1, 'IK People Review', 'B', '8', 'Berisi penjelasan mengenai IK People Review', '2022-06-06 04:06:36', '2022-06-05 21:06:36'),
(177, '127/KMI/FUNC', 1, 'IK Rencana Pengembangan Tahunan', 'B', '8', 'Berisi penjelasan mengenai IK Rencana Pengembangan Tahunan', '2022-06-06 04:06:52', '2022-06-05 21:06:52'),
(178, '128/KMI/FUNC', 1, 'IK Pelatihan Eksternal', 'B', '8', 'Berisi penjelasan mengenai IK Pelatihan Eksternal', '2022-06-06 04:08:02', '2022-06-05 21:08:02'),
(179, '129/KMI/FUNC', 1, 'IK Pelatihan Internal', 'B', '8', 'Berisi penjelasan mengenai IK Pelatihan Internal', '2022-06-06 04:08:25', '2022-06-05 21:08:25'),
(180, '130/KMI/FUNC', 1, 'IK Pelatihan In-House', 'B', '8', 'Berisi penjelasan mengenai IK Pelatihan In-House', '2022-06-06 04:08:59', '2022-06-05 21:08:59'),
(181, '131/KMI/FUNC', 1, 'IK Pengangkatan Promosi', 'B', '8', 'DECS', '2022-06-06 04:09:52', '2022-06-05 21:09:52'),
(182, '132/KMI/FUNC', 1, 'IK Evaluasi Vendor Alih Daya', 'B', '8', 'Berisi penjelasan mengenai IK Evaluasi Vendor Alih Daya', '2022-06-06 04:10:37', '2022-06-05 21:10:37'),
(183, '133/KMI/FUNC', 1, 'IK Proses Seleksi Karyawan Alih Daya', 'B', '8', 'Berisi penjelasan mengenai IK Proses Seleksi Karyawan Alih Daya', '2022-06-06 04:11:04', '2022-06-05 21:11:04'),
(184, '134/KMI/FUNC', 1, 'IK Pengisian ESI dan CSI', 'B', '8', 'Berisi penjelasan mengenai IK Pengisian ESI dan CSI', '2022-06-06 04:11:21', '2022-06-05 21:11:21'),
(185, '135/KMI/FUNC', 1, 'IK Perpanjangan Kontrak Karyawan PKWT', 'B', '8', 'Berisi penjelasan mengenai IK Perpanjangan Kontrak Karyawan PKWT', '2022-06-06 04:13:17', '2022-06-05 21:13:17'),
(186, '136/KMI/FUNC', 1, 'IK Mapping Competency', 'B', '8', 'Berisi penjelasan mengenai IK Mapping Competency', '2022-06-06 04:13:36', '2022-06-05 21:13:36'),
(187, '137/KMI/FUNC', 1, 'Pembuatan SPL', 'B', '8', 'Berisi penjelasan mengenai Pembuatan SPL', '2022-06-06 04:15:23', '2022-06-05 21:15:23'),
(188, '138/KMI/FUNC', 1, 'Approve SPL', 'B', '8', 'Berisi penjelasan mengenai Approve SPL', '2022-06-06 04:15:59', '2022-06-05 21:15:59'),
(189, '139/KMI/FUNC', 1, 'Pengajuan Cuti & Ijin Upah Dibayar', 'B', '8', 'Berisi penjelasan mengenai Pengajuan Cuti & Ijin Upah Dibayar', '2022-06-06 04:21:45', '2022-06-05 21:21:45'),
(190, '140/KMI/FUNC', 1, 'Pengajuan Cuti Diluar Tanggungan (CDT)', 'B', '8', 'Berisi penjelasan mengenai Pengajuan Cuti Diluar Tanggungan (CDT)', '2022-06-06 04:23:06', '2022-06-05 21:23:06'),
(191, '141/KMI/FUNC', 1, 'Approval Cuti - Ijin Upah Diayar - CDT', 'B', '8', 'Berisi penjelasan mengenai Approval Cuti - Ijin Upah Diayar - CDT', '2022-06-06 04:23:24', '2022-06-05 21:23:24'),
(192, '142/KMI/FUNC', 1, 'ISO 45001:2018', 'I', '8', 'Berisi penjelasan mengenai perubahan ISO beserta dengan penambahan klausul terupdate', '2022-06-06 04:24:14', '2022-06-05 21:24:14'),
(193, '143/KMI/GEN', 2, 'Coaching Skill', 'B', '4', '\"Metode pengembangan karyawan dengan cara transfer ilmu', '2022-06-06 04:26:29', '2022-06-06 04:26:29'),
(194, '144/KMI/FUNC', 1, 'BPJS Ketenagakerjaan', 'B', '8', 'Mengenai cara pelaporan kecelakaan kerja serta dokumen-dokumen yang dibutuhkan', '2022-06-06 04:24:48', '2022-06-05 21:24:48'),
(195, '011/KMI/FUNC', 1, 'Prosedur pengajuan training', 'B', '8', 'Berisi penjelasan mengenai Prosedur pengajuan training', '2022-05-31 01:23:03', '2022-05-31 01:23:03'),
(196, '057/KMI/GEN', 2, 'CUSTOMER ORIENTATION', 'B', '5', 'Menempatkan prioritas tinggi pada perspektif pelanggan internal atau eksternal saat mengambil keputusan maupun mengambil tindakan; menerapkan praktik layanan yang memenuhi kebutuhan pelanggan dan organisasi.', '2022-05-31 01:21:31', '2022-05-31 01:21:31'),
(198, '015/KMI/GEN', 2, 'CONTINUOUS LEARNING AND IMPROVEMENT', 'B', '5', 'Secara aktif menggunakan pengetahuan dan keterampilan yang baru diperoleh; memulai tindakan untuk memperbaiki kondisi dan proses yang ada; mengidentifikasi peluang perbaikan, menghasilkan ide, dan menerapkan solusi.', '2022-05-31 01:29:48', '2022-05-31 01:29:48'),
(199, '016/KMI/GEN', 2, 'TPM Basic', 'B', '6', 'Metode untuk meningkatkan produktivitas di area kerja dengan cara membuat proses tersebut lebih reliable dan lebih efisien energi', '2022-05-31 01:43:40', '2022-05-31 01:43:40'),
(200, '017/KMI/GEN', 2, 'TPM PM', 'I', '6', 'Jadwal tugas pemeliharaan berdasarkan tingkat kegagalan yang diprediksi dan / atau diukur.', '2022-05-31 02:17:43', '2022-05-31 02:17:43'),
(204, '145/KMI/EFFE/FUNC', 1, 'Prosedur Patroli', 'B', '8', '\"Penggunaan amano Jadwal Patroli Peralatan patroli BAP \"', '2022-06-14 06:56:37', '2022-06-13 23:56:37'),
(205, '146/KMI/EFFE/FUNC', 1, 'Pengawasan Pengambilan Sampah', 'B', '8', '\"Jadwal pengambilan sampah Pembuatan BBK report pengambilan \"', '2022-06-14 06:59:12', '2022-06-13 23:59:12'),
(206, '147/KMI/EFFE/FUNC', 1, 'Pengawasan Barang Loading/Unloading', 'B', '8', 'Pengawasan Barang Loading/Unloading', '2022-06-14 07:58:58', '2022-06-14 00:58:58'),
(207, '148/KMI/EFFE/FUNC', 1, 'Pemeriksaan Karyawan Masuk/Keluar', 'B', '8', 'Pemeriksaan Karyawan Masuk/Keluar', '2022-06-14 07:59:27', '2022-06-14 00:59:27'),
(208, '149/KMI/EFFE/FUNC', 1, 'Pemeriksaan Karyawan Ijin Keluar', 'B', '8', 'Pemeriksaan Karyawan Ijin Keluar', '2022-06-14 08:05:54', '2022-06-14 01:05:54'),
(209, '150/KMI/EFFE/FUNC', 1, 'Pemeriksaan Tamu', 'B', '8', 'Pemeriksaan Tamu', '2022-06-14 08:48:33', '2022-06-14 01:48:33'),
(210, '151/KMI/EFFE/FUNC', 1, 'Pemeriksaan Kendaraan', 'B', '8', 'Pemeriksaan Kendaraan', '2022-06-14 08:48:48', '2022-06-14 01:48:48'),
(211, '152/KMI/EFFE/FUNC', 1, 'Pemeriksaan Loker', 'B', '8', 'Pemeriksaan Loker', '2022-06-14 08:59:23', '2022-06-14 01:59:23'),
(212, '153/KMI/EFFE/FUNC', 1, 'Pengawalan Karyawan Shift 3', 'B', '8', 'Pengawalan Karyawan Shift 3', '2022-06-14 09:02:50', '2022-06-14 02:02:50'),
(213, '154/KMI/EFFE/FUNC', 1, 'Prosedur Penanganan Kecelakaan Kerja', 'B', '8', 'Prosedur Penanganan Kecelakaan Kerja', '2022-06-14 09:09:20', '2022-06-14 02:09:20'),
(214, '155/KMI/EFFE/FUNC', 1, 'Sidak karyawan', 'I', '8', 'Sidak karyawan', '2022-06-14 09:10:11', '2022-06-14 02:10:11'),
(215, '156/KMI/EFFE/FUNC', 1, 'Penanganan Pelanggaran Karyawan', 'I', '8', 'Penanganan Pelanggaran Karyawan', '2022-06-14 09:11:13', '2022-06-14 02:11:13'),
(216, '157/KMI/EFFE/FUNC', 1, 'Penanganan Demo karyawan', 'I', '8', 'Penanganan Demo karyawan', '2022-06-15 02:46:20', '2022-06-14 19:46:20'),
(217, '158/KMI/EFFE/FUNC', 1, 'Penanganan Demo eksternal', 'I', '8', 'Penanganan Demo eksternal', '2022-06-15 02:50:07', '2022-06-14 19:50:07'),
(218, '159/KMI/EFFE/FUNC', 1, 'Prosedur Ijin Keluar', 'B', '8', 'Prosedur Ijin Keluar', '2022-06-15 02:50:34', '2022-06-14 19:50:34'),
(219, '160/KMI/EFFE/FUNC', 1, 'Tata Cara Penerimaan Tamu', 'B', '8', 'Tata Cara Penerimaan Tamu', '2022-06-15 02:51:02', '2022-06-14 19:51:02'),
(220, '161/KMI/EFFE/FUNC', 1, 'Pengecekkan APAR', 'B', '8', 'Pengecekkan APAR', '2022-06-15 02:52:05', '2022-06-14 19:52:05'),
(221, '162/KMI/EFFE/FUNC', 1, 'Pengecekkan Hydrant', 'B', '8', 'Pengecekkan Hydrant', '2022-06-15 02:52:24', '2022-06-14 19:52:24'),
(222, '163/KMI/EFFE/FUNC', 1, 'Pengecekkan Catering', 'B', '8', 'Pengecekkan Catering', '2022-06-15 02:53:09', '2022-06-14 19:53:09'),
(223, '164/KMI/EFFE/FUNC', 1, 'Pengambilan Sample Catering', 'B', '8', 'Pengambilan Sample Catering', '2022-06-15 02:53:37', '2022-06-14 19:53:37'),
(224, '165/KMI/EFFE/FUNC', 1, 'Proses Cleaning Office', 'B', '8', 'Proses Cleaning Office', '2022-06-15 03:01:15', '2022-06-14 20:01:15'),
(225, '166/KMI/EFFE/FUNC', 1, 'Proses Cleaning Ruang Meeting', 'B', '8', 'Proses Cleaning Ruang Meeting', '2022-06-15 03:03:30', '2022-06-14 20:03:30'),
(226, '167/KMI/EFFE/FUNC', 1, 'Proses Cleaning Pabrik', 'B', '8', 'Proses Cleaning Pabrik', '2022-06-15 03:04:11', '2022-06-14 20:04:11'),
(227, '168/KMI/EFFE/FUNC', 1, 'Proses Cleaning Taman', 'B', '8', 'Proses Cleaning Taman', '2022-06-15 03:07:08', '2022-06-14 20:07:08'),
(228, '169/KMI/EFFE/FUNC', 1, 'Pembuatan Air Minum', 'B', '8', 'Pembuatan Air Minum', '2022-06-15 03:07:27', '2022-06-14 20:07:27'),
(229, '170/KMI/EFFE/FUNC', 1, '\"Penyediaan Gula', ' Teh', '0', 'B', NULL, NULL),
(230, '171/KMI/EFFE/FUNC', 1, 'Penyediaan Suplemen Shift 3', 'B', '8', 'Penyediaan Suplemen Shift 3', '2022-06-15 03:12:05', '2022-06-14 20:12:05'),
(231, '172/KMI/EFFE/FUNC', 1, 'Cara Fotocopy', 'B', '8', 'Cara Fotocopy', '2022-06-15 03:12:55', '2022-06-14 20:12:55'),
(232, '173/KMI/EFFE/FUNC', 1, 'Serah terima seragam', 'B', '8', 'Serah terima seragam', '2022-06-15 03:13:11', '2022-06-14 20:13:11'),
(233, '174/KMI/EFFE/FUNC', 1, 'Pengaturan Loker', 'B', '8', 'Pengaturan Loker', '2022-06-15 03:14:32', '2022-06-14 20:14:32'),
(234, '175/KMI/EFFE/FUNC', 1, 'Pemesanan Ruang Meeting & Snack', 'B', '8', 'Pemesanan Ruang Meeting & Snack', '2022-06-15 03:14:57', '2022-06-14 20:14:57'),
(235, '176/KMI/EFFE/FUNC', 1, 'Pengaturan Seragam di Loker', 'B', '8', 'Pengaturan Seragam di Loker', '2022-06-15 03:16:05', '2022-06-14 20:16:05'),
(236, '177/KMI/EFFE/FUNC', 1, 'Pengecekkan Kendaraan Harian', 'B', '8', 'Pengecekkan Kendaraan Harian', '2022-06-15 03:16:31', '2022-06-14 20:16:31'),
(237, '178/KMI/EFFE/FUNC', 1, 'Maintenance Berkala Kendaraan', 'B', '8', 'Maintenance Berkala Kendaraan', '2022-06-15 03:16:56', '2022-06-14 20:16:56'),
(239, '180/KMI/EFFE/FUNC', 1, 'Penerimaan & Menyambungkan Telepon', 'B', '8', 'Penerimaan & Menyambungkan Telepon', '2022-06-15 03:17:28', '2022-06-14 20:17:28'),
(240, '181/KMI/EFFE/FUNC', 1, 'Pengaturan Ruang Meeting', 'B', '8', 'Pengaturan Ruang Meeting', '2022-06-15 03:25:27', '2022-06-14 20:25:27'),
(241, '182/KMI/EFFE/FUNC', 1, 'Cara Menggunakan Infocus', 'B', '8', 'Cara Menggunakan Infocus', '2022-06-15 03:25:46', '2022-06-14 20:25:46'),
(242, '183/KMI/EFFE/FUNC', 1, 'Serah Terima Invoice', 'B', '8', 'Serah Terima Invoice', '2022-06-15 03:26:10', '2022-06-14 20:26:10'),
(243, '184/KMI/EFFE/FUNC', 1, 'Ekspedisi Surat', 'B', '8', 'Ekspedisi Surat', '2022-06-15 03:26:41', '2022-06-14 20:26:41'),
(244, '185/KMI/EFFE/FUNC', 1, 'Cara menggunakan microphone', 'B', '8', 'Cara menggunakan microphone', '2022-06-15 03:27:04', '2022-06-14 20:27:04'),
(245, '186/KMI/EFFE/FUNC', 1, 'Cara menggunakan speaker', 'B', '8', 'Cara menggunakan speaker', '2022-06-15 03:27:23', '2022-06-14 20:27:23'),
(246, '187/KMI/EFFE/FUNC', 1, 'Pembuatan Kontrak Kerjasama', 'I', '8', 'Pembuatan Kontrak Kerjasama', '2022-06-15 03:30:01', '2022-06-14 20:30:01'),
(247, '188/KMI/EFFE/FUNC', 1, 'Penyediaan Seragam Kerja', 'B', '8', 'Penyediaan Seragam Kerja', '2022-06-15 03:30:26', '2022-06-14 20:30:26'),
(248, '189/KMI/EFFE/FUNC', 1, 'Prosedur Laundry', 'B', '8', 'Prosedur Laundry', '2022-06-15 03:30:53', '2022-06-14 20:30:53'),
(249, '190/KMI/EFFE/FUNC', 1, 'Pengaturan Menu Catering', 'B', '8', 'Pengaturan Menu Catering', '2022-06-15 03:31:16', '2022-06-14 20:31:16'),
(250, '191/KMI/EFFE/FUNC', 1, 'Pemesanan Makan Karyawan', 'B', '8', 'Pemesanan Makan Karyawan', '2022-06-15 03:32:07', '2022-06-14 20:32:07'),
(251, '192/KMI/EFFE/FUNC', 1, 'Prosedur Karyawan Berobat di In House Clinic', 'B', '8', 'Prosedur Karyawan Berobat di In House Clinic', '2022-06-15 03:32:27', '2022-06-14 20:32:27'),
(252, '193/KMI/EFFE/FUNC', 1, 'Pembuatan Purchase Order di Oracle', 'B', '8', 'Pembuatan Purchase Order di Oracle', '2022-06-15 03:32:44', '2022-06-14 20:32:44'),
(253, '194/KMI/EFFE/FUNC', 1, 'Prosedur Medical Check Up Tahunan', 'B', '8', 'Prosedur Medical Check Up Tahunan', '2022-06-15 03:33:18', '2022-06-14 20:33:18'),
(254, '195/KMI/EFFE/FUNC', 1, 'Follow Up Hasil Medical Check Up Tahunan', 'B', '8', 'Follow Up Hasil Medical Check Up Tahunan', '2022-06-15 03:34:03', '2022-06-14 20:34:03'),
(306, '196/KMI/EFFE/FUNC', 1, 'Kontrol Obat P3K', 'B', '8', 'Kontrol Obat P3K', '2022-06-15 03:35:31', '2022-06-14 20:35:31'),
(307, '197/KMI/EFFE/FUNC', 1, 'Kontrol ATK & Barang Consumable', 'B', '8', 'Kontrol ATK & Barang Consumable', '2022-06-15 03:36:03', '2022-06-14 20:36:03'),
(308, '198/KMI/EFFE/FUNC', 1, 'Stock Opname ATK', 'I', '8', 'Stock Opname ATK', '2022-06-15 03:36:27', '2022-06-14 20:36:27'),
(309, '199/KMI/EFFE/FUNC', 1, 'Pembuatan BBK', 'B', '8', 'Pembuatan BBK', '2022-06-15 03:38:38', '2022-06-14 20:38:38'),
(310, '200/KMI/EFFE/FUNC', 1, 'Pengadaan Konsumsi Meeting/Training', 'B', '8', 'Pengadaan Konsumsi Meeting/Training', '2022-06-15 03:39:02', '2022-06-14 20:39:02'),
(311, '201/KMI/EFFE/FUNC', 1, 'Kontrol asset perusahaan', 'B', '8', 'Kontrol asset perusahaan', '2022-06-15 03:39:37', '2022-06-14 20:39:37'),
(312, '202/KMI/EFFE/FUNC', 1, 'Prosedur Pengajuan Kasbon', 'B', '8', 'Prosedur Pengajuan Kasbon', '2022-06-15 03:40:02', '2022-06-14 20:40:02'),
(313, '203/KMI/EFFE/FUNC', 1, 'Pembuatan dan Follow up NCR', 'B', '8', 'Pembuatan dan Follow up NCR', '2022-06-15 03:41:07', '2022-06-14 20:41:07'),
(314, '204/KMI/EFFE/FUNC', 1, 'Pengambilan Sampah', 'B', '8', 'Pengambilan Sampah', '2022-06-15 03:41:33', '2022-06-14 20:41:33'),
(315, '205/KMI/EFFE/FUNC', 1, 'Pelaporan Neraca Limbah', 'I', '8', 'Pelaporan Neraca Limbah', '2022-06-15 03:41:54', '2022-06-14 20:41:54'),
(316, '206/KMI/EFFE/FUNC', 1, 'Penyimpanan Limbah B3', 'A', '8', 'Penyimpanan Limbah B3', '2022-06-15 03:42:15', '2022-06-14 20:42:15'),
(317, '207/KMI/EFFE/FUNC', 1, 'Penanganan Limbah Medis', 'B', '8', 'Penanganan Limbah Medis', '2022-06-15 03:43:03', '2022-06-14 20:43:03'),
(318, '208/KMI/EFFE/FUNC', 1, 'Pelaporan Ketenagakerjaan', 'B', '8', 'Pelaporan Ketenagakerjaan', '2022-06-15 03:43:31', '2022-06-14 20:43:31'),
(319, '209/KMI/EFFE/FUNC', 1, 'Pelaporan Kasus Hubungan Industrial', 'I', '8', 'Pelaporan Kasus Hubungan Industrial', '2022-06-15 03:45:05', '2022-06-14 20:45:05'),
(320, '210/KMI/EFFE/FUNC', 1, 'Perijinan Tenaga Kerja Asing', 'I', '8', 'Perijinan Tenaga Kerja Asing', '2022-06-15 03:45:37', '2022-06-14 20:45:37'),
(321, '211/KMI/EFFE/FUNC', 1, 'Pembuatan VISA & Passport', 'B', '8', 'Pembuatan VISA & Passport', '2022-06-15 03:46:12', '2022-06-14 20:46:12'),
(322, '212/KMI/EFFE/FUNC', 1, 'Perijinan Perluasan Bangunan', 'I', '8', 'Perijinan Perluasan Bangunan', '2022-06-15 03:46:44', '2022-06-14 20:46:44'),
(323, '213/KMI/EFFE/FUNC', 1, 'Perijinan Perluasan Usaha', 'I', '8', 'Perijinan Perluasan Usaha', '2022-06-15 04:17:36', '2022-06-14 21:17:36'),
(324, '214/KMI/EFFE/FUNC', 1, 'Pelaporan UPL-UKL', 'B', '8', 'Pelaporan UPL-UKL', '2022-06-15 04:18:01', '2022-06-14 21:18:01'),
(325, '215/KMI/EFFE/FUNC', 1, 'Pelaksanaan Uji Hiperkes', 'B', '8', 'Pelaksanaan Uji Hiperkes', '2022-06-15 04:18:35', '2022-06-14 21:18:35'),
(326, '216/KMI/EFFE/FUNC', 1, 'Follow Up Hasil Uji Hiperkes', 'I', '8', 'Follow Up Hasil Uji Hiperkes', '2022-06-15 04:18:54', '2022-06-14 21:18:54'),
(327, '217/KMI/EFFE/FUNC', 1, 'Perpanjangan STNK', 'B', '8', 'Perpanjangan STNK', '2022-06-15 04:22:29', '2022-06-14 21:22:29'),
(328, '218/KMI/EFFE/FUNC', 1, 'Pembayaran Pajak Kendaraan', 'B', '8', 'Pembayaran Pajak Kendaraan', '2022-06-15 04:23:00', '2022-06-14 21:23:00'),
(329, '219/KMI/EFFE/FUNC', 1, 'CSR Internal', 'B', '8', 'CSR Internal', '2022-06-15 04:24:58', '2022-06-14 21:24:58'),
(330, '220/KMI/EFFE/FUNC', 1, 'CSR Eksternal', 'I', '8', 'CSR Eksternal', '2022-06-15 04:25:24', '2022-06-14 21:25:24'),
(331, '221/KMI/EFFE/FUNC', 1, 'Penanganan Komplain Limbah', 'B', '8', 'Penanganan Komplain Limbah', '2022-06-15 04:26:26', '2022-06-14 21:26:26'),
(332, '222/KMI/EFFE/FUNC', 1, 'Menjalin Hubungan dengan Kawasan', 'B', '8', 'Menjalin Hubungan dengan Kawasan', '2022-06-15 04:27:06', '2022-06-14 21:27:06'),
(333, '223/KMI/EFFE/FUNC', 1, 'Menjalin Hubungan dengan Serikat', 'B', '8', 'Menjalin Hubungan dengan Serikat', '2022-06-15 04:27:40', '2022-06-14 21:27:40'),
(334, '224/KMI/EFFE/FUNC', 1, 'Tata Cara Bipartit', 'I', '8', 'Tata Cara Bipartit', '2022-06-15 04:28:09', '2022-06-14 21:28:09'),
(335, '225/KMI/EFFE/FUNC', 1, 'Prosedur Penanganan Perselisihan Hubungan Industrial', 'I', '8', 'Prosedur Penanganan Perselisihan Hubungan Industrial', '2022-06-15 04:28:51', '2022-06-14 21:28:51'),
(337, '227/KMI/EFFE/FUNC', 1, 'UU Serikat Pekerja', 'I', '8', 'UU Serikat Pekerja', '2022-06-15 04:33:14', '2022-06-14 21:33:14'),
(338, '228/KMI/EFFE/FUNC', 1, 'UU Perselisihan Hubungan Industrial', 'I', '8', 'UU Perselisihan Hubungan Industrial', '2022-06-15 04:33:42', '2022-06-14 21:33:42'),
(339, '229/KMI/EFFE/FUNC', 1, 'Memimpin Bipartit', 'I', '8', 'Memimpin Bipartit', '2022-06-15 04:34:13', '2022-06-14 21:34:13'),
(340, '230/KMI/EFFE/FUNC', 1, 'Pemberian Surat Peringatan', 'I', '8', 'Pemberian Surat Peringatan', '2022-06-15 04:34:50', '2022-06-14 21:34:50'),
(341, '231/KMI/EFFE/FUNC', 1, 'Penguasaan materi PKB', 'A', '8', 'Penguasaan materi PKB', '2022-06-15 04:35:19', '2022-06-14 21:35:19'),
(342, '232/KMI/EFFE/FUNC', 1, 'Tata Cara Perundingan PKB', 'A', '8', 'Tata Cara Perundingan PKB', '2022-06-15 04:35:40', '2022-06-14 21:35:40'),
(343, '233/KMI/EFFE/FUNC', 1, 'Organize Paguyuban', 'I', '8', 'Organize Paguyuban', '2022-06-15 04:35:58', '2022-06-14 21:35:58'),
(344, '234/KMI/MCG/FUNC', 1, 'Standart CIP Drier', 'B', '8', '\"Berisi: proses CIP', '2022-06-15 07:35:22', '2022-06-15 00:35:22'),
(345, '235/KMI/MCG/FUNC', 1, 'Standart Kerja Evaporator', 'B', '8', '\"Berisi Prinsip kerja Evaporator', '2022-06-15 07:37:58', '2022-06-15 00:37:58'),
(346, '236/KMI/MCG/FUNC', 1, 'Standart Kerja Pasteurizer', 'B', '8', '\"Berisi  PRINSIP  KERJA PASTEURISASI', '2022-06-15 07:41:25', '2022-06-15 00:41:25'),
(347, '237/KMI/MCG/FUNC', 1, 'Standart Kerja Pengoperasian Drier', 'B', '8', '\"Berisi persiapan drier', '2022-06-15 07:43:30', '2022-06-15 00:43:30'),
(348, '238/KMI/MCG/FUNC', 1, 'Standart Kerja CIP Evaporator', 'B', '8', '\"Berisi  persiapan CIP Evaporator', '2022-06-15 07:45:13', '2022-06-15 00:45:13'),
(349, '239/KMI/MCG/FUNC', 1, 'Standart Kerja CIP Transport Popwder Line', 'B', '8', '\"PERALATAN DAN PERLENGKAPAN Berisi PASANG POSISI CIP GUERIN', '2022-06-15 07:46:40', '2022-06-15 00:46:40'),
(350, '240/KMI/MCG/FUNC', 1, 'Standart Kerja Manual Cleaning Evaporator', 'B', '8', 'Berisi persiapan manual cleaning dan proses manual cleaning', '2022-06-15 07:48:52', '2022-06-15 00:48:52'),
(351, '241/KMI/MCG/FUNC', 1, 'Standart Kerja CIP Wet Proses', 'B', '8', '\"Berisi persiapan cip', '2022-06-15 07:50:26', '2022-06-15 00:50:26'),
(352, '242/KMI/MCG/FUNC', 1, 'Standart Kerja Cleaning Manual Clarifier', 'B', '8', '\"Berisi Prinsip kerja / Ruang Lingkup', '2022-06-15 07:52:41', '2022-06-15 00:52:41'),
(353, '243/KMI/MCG/FUNC', 1, 'Standart Kerja Cleaning Powder Tank', 'B', '8', '\"Berisi Prinsip kerja / Ruang Lingkup', '2022-06-15 07:53:39', '2022-06-15 00:53:39'),
(354, '244/KMI/MCG/FUNC', 1, 'Standart Kerja Manual  Cleaning Pasteurizer', 'B', '8', '\"Berisi  Prinsip kerja / Ruang Lingkup', '2022-06-15 07:58:12', '2022-06-15 00:58:12'),
(355, '245/KMI/MCG/FUNC', 1, 'Standart Kerja Pengecekan Screen Siever', 'B', '8', '\"Berisi Cara pengecekan screen siever', '2022-06-15 07:59:59', '2022-06-15 00:59:59'),
(356, '246/KMI/MCG/FUNC', 1, 'Standart Kerja Pengoperasian Hoist Crane', 'B', '8', '\"Berisi  Prinsip kerja / Ruang Lingkup', '2022-06-15 08:01:08', '2022-06-15 01:01:08'),
(357, '247/KMI/MCG/FUNC', 1, 'Standart Kerja Touble Shooting Padam Listrik', 'I', '8', '\"Berisi  Prinsip kerja', '2022-06-15 08:02:13', '2022-06-15 01:02:13'),
(358, '248/KMI/MCG/FUNC', 1, 'Standart Kerja Tote Bin Filling', 'B', '8', '\"Berisi  Prinsip kerja', '2022-06-15 08:08:00', '2022-06-15 01:08:00'),
(359, '249/KMI/MCG/FUNC', 1, 'Standart Kerja Manual Cleaning CIP Chamber', 'B', '8', '\"Berisi Prinsip kerja', '2022-06-15 08:03:53', '2022-06-15 01:03:53'),
(360, '250/KMI/MCG/FUNC', 1, 'Standart Kerja Manual Cleaning Nozzle', 'B', '8', '\"Tujuan dan Prinsip kerja / Ruang Lingkup Berisi Peralatan yang di pergunakan', '2022-06-15 08:09:43', '2022-06-15 01:09:43'),
(361, '251/KMI/MCG/FUNC', 1, 'Standart Kerja Pembersihan Sample Cock Tanki', 'B', '8', '\"Berisi Prinsip kerja', '2022-06-15 08:12:12', '2022-06-15 01:12:12'),
(362, '252/KMI/MCG/FUNC', 1, 'Standart Kerja Pemeliharaan Lingkungan Area Drier', 'B', '8', '\"Berisi pemeliharaan lingkungan kerja di area Drier', '2022-06-15 08:20:43', '2022-06-15 01:20:43'),
(363, '253/KMI/MCG/FUNC', 1, 'Standart Kerja Penanganan Rework', 'B', '8', '\"Berisi PERSIAPAN Penanganan Rework', '2022-06-15 08:21:54', '2022-06-15 01:21:54'),
(364, '254/KMI/MCG/FUNC', 1, 'Standart Kerja Penanganan Karena Kontaminasi Bahan Non Halal', 'B', '8', '\"Berisi Prinsip kerja', '2022-06-15 08:19:50', '2022-06-15 01:19:50'),
(365, '255/KMI/MCG/FUNC', 1, 'Standart Kerja Pengambilan dan Pengeluaran Barang Di CIP Store', 'B', '8', '\".BerisiTujuan pengambilan dan pengeluaran barang', '2022-06-15 08:14:10', '2022-06-15 01:14:10'),
(366, '256/KMI/MCG/FUNC', 1, 'Standart Kerja Pengenceran Larutan Sanitizer dan Desinfectant', 'B', '8', '\"Berisi Tujuan  Pengenceran larutan Sanitizer & Desinfectant', '2022-06-15 08:18:41', '2022-06-15 01:18:41'),
(367, '257/KMI/MCG/FUNC', 1, 'Standart Kerja Permintaan Pembelian Barang di CIP Store', 'B', '8', '\"Berisi Tujuan Permintaan Pembelian Barang', '2022-06-15 08:16:06', '2022-06-15 01:16:06'),
(368, '258/KMI/META/FUNC', 1, 'Fat Blend', 'B', '8', 'Memahami step-step atau langkah kerja pembuatan Fat dari preparation sampai dengan penginfutan data di Oracle', '2022-06-16 03:00:55', '2022-06-15 20:00:55'),
(369, '259/KMI/META/FUNC', 1, 'Cleaning Area Fat Blend', 'B', '8', 'Memahami langkah kerja cleaning di area Fat Blend dari preparation alat cleaning & chemical sampai dengan prosess sanitasi', '2022-06-16 03:02:04', '2022-06-15 20:02:04'),
(370, '260/KMI/META/FUNC', 1, 'Cleaning Pompa Lutz', 'B', '8', 'Memahami langkah kerja cleaning pada mesin pompa Lutz dari preparation alat cleaning & chemical sampai dengan prosess sanitasi', '2022-06-16 03:05:53', '2022-06-15 20:05:53'),
(371, '261/KMI/META/FUNC', 1, 'Eductor', 'B', '8', 'Memahami step-step atau langkah kerja dumping (Eductor) dari preparation sampai dengan penginfutan data di Loogbook', '2022-06-16 03:05:07', '2022-06-15 20:05:07'),
(372, '262/KMI/META/FUNC', 1, 'Manual Cleaning Dust Collector', 'B', '8', 'Memahami langkah kerja manual cleaning mesin Dust collector dari preparation alat cleaning & chemical sampai dengan hasil infutan reject mesin Dust Collector', '2022-06-16 03:04:27', '2022-06-15 20:04:27'),
(373, '263/KMI/META/FUNC', 1, 'Tipping Zak', 'B', '8', 'Memahami step-step atau langkah kerjaTipping Zax dari preparation sampai dengan penginfutan data di Loogbook serta membuat serah terima (MO) dengan WH', '2022-06-16 03:03:39', '2022-06-15 20:03:39'),
(374, '264/KMI/META/FUNC', 1, 'Batching', 'B', '8', 'Memahami step-step atau langkah kerja mixing (batching) dari preparation sampai dengan penginfutan data di Oracle', '2022-06-16 03:08:48', '2022-06-15 20:08:48'),
(375, '265/KMI/META/FUNC', 1, 'Trouble Shooting Emergency Stop/Listrik Padam di Area Wet Process', 'B', '8', 'Memahami step atau langkah kerja jika terjadi Emergency Stop di area wet process', '2022-06-16 03:07:13', '2022-06-15 20:07:13'),
(376, '266/KMI/META/FUNC', 1, 'Pemeliharaan Lingkungan Kerja di Area Proses', 'B', '8', 'Memahami dan melakukan pemeliharaan lingkungan kerja Idi area Wet process', '2022-06-16 03:07:53', '2022-06-15 20:07:53'),
(377, '267/KMI/META/FUNC', 1, '\"Pananganan Liquid/Powder Saat  Tertahan Dalam Proses Produksi\"', 'B', '8', 'Memamahi step dan langkah kerja saat liquid tertahan', '2022-06-16 03:10:26', '2022-06-15 20:10:26'),
(378, '268/KMI/META/FUNC', 1, '\"Personal Hygine Procedure di  Area Process & Drier\"', 'B', '8', 'Memahami dan Melakukan Personel Hyigene di area Wet process', '2022-06-16 03:11:25', '2022-06-15 20:11:25'),
(379, '269/KMI/UVE/FUNC', 1, 'Proses blending', 'A', '8', 'Materi yang berisi mengenai flow proses blending before blend dan after blend', '2022-06-16 04:19:43', '2022-06-15 21:19:43'),
(380, '270/KMI/UVE/FUNC', 1, 'Part mesin blending', 'A', '8', 'Materi yang berisi mengenai nama - nama part mesin blending', '2022-06-16 04:20:16', '2022-06-15 21:20:16'),
(381, '271/KMI/UVE/FUNC', 1, 'Oracle blending', 'A', '8', 'Materi yang berisi mengenai transact product (oracle) blending', '2022-06-16 04:20:58', '2022-06-15 21:20:58'),
(382, '272/KMI/UVE/FUNC', 1, 'Standard cleaning & Inspeksi area blending', 'A', '8', 'Materi yang berisi mengenai standard dan item yang dicleaning di area blending', '2022-06-16 04:21:31', '2022-06-15 21:21:31'),
(383, '273/KMI/UVE/FUNC', 1, 'Safety di area blending', 'A', '8', 'Materi yang berisi mengenai safety di area blending', '2022-06-16 04:22:05', '2022-06-15 21:22:05'),
(384, '274/KMI/UVE/FUNC', 1, 'Serah terima vitamin dengan dispensing (WH)', 'A', '8', 'Materi yang berisi pengetahuan tentang cara dan fungsi Serah Terima vitamin dengan dispensing (WH)', '2022-06-16 04:22:33', '2022-06-15 21:22:33'),
(385, '275/KMI/UVE/FUNC', 1, 'Forklift Blending', 'A', '8', 'Materi yang berisi cara mengoperasikan forklift yang baik dan benar.', '2022-06-16 04:24:57', '2022-06-15 21:24:57'),
(386, '276/KMI/UVE/FUNC', 1, 'Ganti Battery forklift', 'A', '8', 'Materi yang berisi cara Ganti Battery forklift yang baik dan benar.', '2022-06-16 04:27:12', '2022-06-15 21:27:12'),
(387, '277/KMI/UVE/FUNC', 1, 'Trouble shooting proses blending', 'A', '8', 'Materi yang berisi mengenai proses blending yang abnormal dan cara trouble shooting-nya  saat proses blending', '2022-06-16 04:24:17', '2022-06-15 21:24:17'),
(388, '278/KMI/UVE/FUNC', 1, 'Pengoperasian mesin blending', 'A', '8', 'Materi yang berisi cara mengoperasikan mesin blending', '2022-06-16 04:23:38', '2022-06-15 21:23:38'),
(389, '279/KMI/UVE/FUNC', 1, 'Proses dumping', 'A', '8', 'Materi yang berisi mengenai flow proses dumping', '2022-06-16 04:26:22', '2022-06-15 21:26:22'),
(390, '280/KMI/UVE/FUNC', 1, 'Part mesin dumping', 'A', '8', 'Materi yang berisi mengenai nama - nama part mesin dumping', '2022-06-16 04:28:07', '2022-06-15 21:28:07'),
(391, '281/KMI/UVE/FUNC', 1, 'Oracle dumping', 'A', '8', 'Materi yang berisi mengenai transact product (oracle) dumping', '2022-06-16 04:29:01', '2022-06-15 21:29:01'),
(392, '282/KMI/UVE/FUNC', 1, 'Standard cleaning & Inspeksi area dumping', 'I', '8', 'Materi yang berisi mengenai standard dan item yang dicleaning di area dumping', '2022-06-16 04:35:09', '2022-06-15 21:35:09'),
(393, '283/KMI/UVE/FUNC', 1, 'Trouble shooting proses dumping', 'A', '8', 'Materi yang berisi mengenai proses dumping yang abnormal dan cara trouble shooting-nya  saat proses dumping', '2022-06-16 04:30:12', '2022-06-15 21:30:12'),
(394, '284/KMI/UVE/FUNC', 1, 'Safety di area Dumping', 'I', '8', 'Materi yang berisi mengenai safety di area dumping', '2022-06-16 04:33:14', '2022-06-15 21:33:14'),
(395, '285/KMI/UVE/FUNC', 1, 'Wet cleaning Dumping', 'I', '8', 'Materi yang berisi mengenai cara melakukan wet cleaning dumping', '2022-06-16 04:36:28', '2022-06-15 21:36:28'),
(396, '286/KMI/UVE/FUNC', 1, 'Wet cleaning Dust collector dumping', 'I', '8', 'Materi yang berisi mengenai cara melakukan wet cleaning dust collector dumping', '2022-06-16 04:33:57', '2022-06-15 21:33:57'),
(397, '287/KMI/UVE/FUNC', 1, 'Forklift Dumping', 'A', '8', 'Materi yang berisi cara mengoperasikan forklift yang baik dan benar.', '2022-06-16 04:34:30', '2022-06-15 21:34:30'),
(398, '288/KMI/UVE/GEN', 2, 'GMP Area U-Vespa', 'I', '4', 'Materi yang berisi mengenai GMP di area blending dan dumping', '2022-06-16 04:31:44', '2022-06-15 21:31:44'),
(399, '289/KMI/UVE/GEN', 2, '5P Area U-Vespa', 'I', '4', 'Materi yang berisi mengenai 5P di area blending dan dumping', '2022-06-16 04:37:08', '2022-06-15 21:37:08'),
(400, '290/KMI/UVE/GEN', 2, 'AM Step 1-3', 'I', '4', 'Materi yang berisi mengenai AM step 1-3 CG U-vespa', '2022-06-16 04:32:23', '2022-06-15 21:32:23'),
(401, '291/KMI/UVE/GEN', 2, 'AM Step 4-5', 'I', '4', 'Materi yang berisi mengenai AM step 4-5 CG U-vespa', '2022-06-16 04:37:44', '2022-06-15 21:37:44'),
(402, '292/KMI/UVE/GEN', 2, 'AM Step 6-7', 'I', '4', 'Materi yang berisi mengenai AM step 6-7 CG U-vespa', '2022-06-16 04:38:33', '2022-06-15 21:38:33'),
(403, '293/KMI/UVE/GEN', 2, 'Tightening', 'I', '4', 'Materi yang berisi mengenai tightening (bolt & nut) mesin blending dan dumping', '2022-06-16 04:30:44', '2022-06-15 21:30:44'),
(404, '294/KMI/UVE/GEN', 2, 'Lubrication Dasar', 'I', '4', 'Materi yang berisi mengenai lubrikasi mesin blending', '2022-06-16 04:39:46', '2022-06-15 21:39:46'),
(405, '295/KMI/UVE/GEN', 2, 'Pneumatic Dasar', 'I', '4', 'Materi yang berisi mengenai pneumatic mesin dumping', '2022-06-16 04:40:55', '2022-06-15 21:40:55'),
(406, '296/KMI/UVE/GEN', 2, 'Hydraulic Dasar', 'I', '4', 'Materi yang berisi mengenai hydraulic mesin blending', '2022-06-16 04:41:46', '2022-06-15 21:41:46');
INSERT INTO `curriculum` (`id_curriculum`, `no_training_module`, `id_skill_category`, `training_module`, `level`, `training_module_group`, `training_module_desc`, `created_at`, `updated_At`) VALUES
(407, '297/KMI/UVE/GEN', 2, 'Drive Dasar', 'I', '4', 'Materi yang berisi mengenai drive mesin blending', '2022-06-16 04:42:24', '2022-06-15 21:42:24'),
(408, '298/KMI/UVE/GEN', 2, 'Electric Dasar', 'I', '4', 'Materi yang berisi mengenai electric mesin blending dan dumping', '2022-06-16 04:43:14', '2022-06-15 21:43:14'),
(409, '299/KMI/UVE/GEN', 2, 'Basic Process condition', 'I', '4', 'Materi yang berisi mengenai process condition (proses blending dan dumping)', '2022-06-16 04:44:03', '2022-06-15 21:44:03'),
(410, '300/KMI/UVE/GEN', 2, 'Pengoperasian Polysher', 'I', '4', 'Materi yang berisi cara mengoperasikan Polysher yang baik dan benar.', '2022-06-16 04:44:36', '2022-06-15 21:44:36'),
(411, '301/KMI/UVE/GEN', 2, 'Pengoperasian Mesin scrubber', 'I', '4', 'Materi yang berisi cara mengoperasikan mesin scrubber', '2022-06-16 04:40:14', '2022-06-15 21:40:14'),
(412, '302/KMI/SUP/FUNC', 1, 'CIP Tote Bin Washing', 'A', '8', '\"- Penjelasan kenapa di CIP dan bagian mana yang di CIP - Alat dan bahan yang digunakan saat CIP - Langkah-langkah saat melakukan CIP\"', '2022-06-16 05:54:46', '2022-06-15 22:54:46'),
(413, '303/KMI/SUP/GEN', 2, 'Manual Cleaning Cover Tote Bin', 'B', '4', '\"- Tujuan dan ruang lingkup Manual Cleaning Cover Tote Bin - Alat dan bahan yang digunakan  - Langkah-langkah saat melakukan Manual Cleaning Cover Tote Bin\"', '2022-06-16 05:55:07', '2022-06-15 22:55:07'),
(414, '304/KMI/SUP/FUNC', 1, 'Pemasangan Cover Tote Bin Bersih', 'A', '8', '\"- Tujuan dan ruang lingkup Pemasangan  Cover Tote Bin bersih - Alat dan bahan yang digunakan  - Langkah-langkah saat melakukan Pemasangan Cover Tote Bin bersih\"', '2022-06-16 05:55:42', '2022-06-15 22:55:42'),
(415, '305/KMI/SUP/FUNC', 1, 'Loading Tote Bin kotor', 'A', '8', '\"- Tujuan dan ruang lingkup Loading Tote Bin kotor - Alat dan bahan yang digunakan  - Langkah-langkah saat melakukan Loading Tote Bin kotor\"', '2022-06-16 05:56:30', '2022-06-15 22:56:30'),
(416, '306/KMI/SUP/FUNC', 1, 'Pengoperasian Panel & Mesin TBW', 'A', '8', '\"- Tujuan dan ruang lingkup Pengoperasian Panel TBW - Alat dan bahan yang digunakan  - Langkah-langkah saat melakukan Pengoprasian Panel TBW\"', '2022-06-16 05:57:25', '2022-06-15 22:57:25'),
(417, '307/KMI/SUP/FUNC', 1, 'Unloading TBW', 'A', '8', '\"- Tujuan dan ruang lingkup Unloading TBW - Alat dan bahan yang digunakan  - Langkah-langkah saat melakukan Unloading TBW\"', '2022-06-16 05:57:56', '2022-06-15 22:57:56'),
(418, '308/KMI/SUP/GEN', 2, 'Pengecasan Battrey Forklift', 'B', '4', '\"- Tujuan dan ruang lingkup Pengecasan Battrey Forklift  - Alat dan bahan yang digunakan  - Langkah-langkah saat melakukan Pengecasan Battrey Forklift\"', '2022-06-16 05:58:34', '2022-06-15 22:58:34'),
(419, '309/KMI/SUP/FUNC', 1, 'Oprasional Forklift TBW', 'A', '8', '\"- Tujuan dan ruang lingkup Oprasioanal Forklift TBW  - Alat dan bahan yang digunakan  - Langkah-langkah saat melakukan Oprasional Forklift TBW\"', '2022-06-16 06:00:52', '2022-06-15 23:00:52'),
(420, '310/KMI/SUP/GEN', 2, 'Penyiapan Material(MIP CIP) TBW', 'B', '4', '\"- Tujuan dan ruang lingkup Penyiapan material(MIP CIP) TBW  - Alat dan bahan yang digunakan  - Langkah-langkah saat melakukan Penyiapan Material(MIP CIP)TBW\"', '2022-06-16 05:59:56', '2022-06-15 22:59:56'),
(421, '311/KMI/SUP/GEN', 2, 'Cleaning Envirotment TBW', 'B', '4', '\"- Tujuan dan ruang lingkup Cleaning Envirotment - Alat dan bahan yang digunakan  - Langkah-langkah saat melakukan Cleaning Envirotment\"', '2022-06-16 05:59:12', '2022-06-15 22:59:12'),
(422, '312/KMI/GEM/FUNC', 1, 'Mengoperasikan Forklift Tipping', 'B', '8', '\"Mengoperasikan Forklift Tipping - Pengenalan Mesin Forklift - Penggunaan/operasional Mesin Forklift\"', '2022-06-16 07:02:50', '2022-06-16 00:02:50'),
(423, '313/KMI/GEM/FUNC', 1, 'Safety Forklift Tipping dan Area', 'B', '8', '\"Safety Forklift - Potensi Bahaya Forklift - Penggunaan APD di Forklfit\"', '2022-06-16 07:03:55', '2022-06-16 00:03:55'),
(424, '314/KMI/GEM/FUNC', 1, 'Standart Cleaning & Inspeksi Forklift', 'B', '8', '\"Standart Cleaning & Inspeksi Forklift - Cleaning Forklift - Inspeksi Forklift\"', '2022-06-16 07:07:03', '2022-06-16 00:07:03'),
(425, '315/KMI/GEM/FUNC', 1, 'Troubleshouting Forklift Tipping', 'I', '8', '\"Troubleshouting Forklfit - problem2x di mesin forklift\"', '2022-06-16 07:07:47', '2022-06-16 00:07:47'),
(426, '316/KMI/GEM/FUNC', 1, 'Mengoperasikan Mesin Tipping', 'B', '8', '\"Mengoperasikan Tipping - Pengenalan Mesin Tipping - Penggunaan/operasional Mesin Tipping\"', '2022-06-16 07:08:26', '2022-06-16 00:08:26'),
(427, '317/KMI/GEM/FUNC', 1, 'Safety Mesin Tipping dan Area', 'B', '8', '\"Safety Di Area Tipping - Potensi Bahaya Mesin Tiiping - Penggunaan APD di mesin Tipping\"', '2022-06-16 07:09:14', '2022-06-16 00:09:14'),
(428, '318/KMI/GEM/FUNC', 1, 'GM5P Mesin Tipping dan Area', 'B', '8', '\"GM5P - 5P di Area Tipping\"', '2022-06-16 07:10:11', '2022-06-16 00:10:11'),
(429, '319/KMI/GEM/FUNC', 1, 'Standart Cleaning & Inspeksi Mesin Tipping', 'B', '8', '\"Standart Cleaning & Inspeksi Mesin Tipping - Pemahaman CLI di Area Tiiping - Pengisian CekList CLI \"', '2022-06-16 07:11:26', '2022-06-16 00:11:26'),
(430, '320/KMI/GEM/FUNC', 1, 'Troubleshouting Mesin Tipping', 'I', '8', '\"Troubleshouting Mesin Tipping - Problem 2x di Mesin Tipping\"', '2022-06-16 07:12:02', '2022-06-16 00:12:02'),
(431, '321/KMI/GEM/FUNC', 1, 'Mengoperasikan Mesin Filling', 'B', '8', '\"Mengoperasikan Filling - Pengenalan Mesin Filling - Penggunaan/operasional Mesin Filling\"', '2022-06-16 07:13:27', '2022-06-16 00:13:27'),
(432, '322/KMI/GEM/FUNC', 1, 'Safety Mesin Filling dan Area', 'B', '8', '\"Safety Di Area Filling - Potensi Bahaya Mesin Filling - Penggunaan APD di mesin Filling\"', '2022-06-16 07:14:51', '2022-06-16 00:14:51'),
(433, '323/KMI/GEM/FUNC', 1, 'GM5P Mesin Filling dan Area', 'B', '8', '\"GM5P - 5P di Area Filling\"', '2022-06-16 07:15:53', '2022-06-16 00:15:53'),
(434, '324/KMI/GEM/FUNC', 1, 'Standart Cleaning & Inspeksi Mesin Filling', 'B', '8', '\"Standart Cleaning & Inspeksi Mesin Filling - Pemahaman CLI di Area Filling - Pengisian CekList CLI \"', '2022-06-16 07:33:16', '2022-06-16 00:33:16'),
(435, '325/KMI/GEM/FUNC', 1, 'Troubleshouting Mesin Filling', 'I', '8', '\"Troubleshouting Mesin Filling - Problem 2x di Mesin Filling\"', '2022-06-16 07:33:55', '2022-06-16 00:33:55'),
(436, '326/KMI/GEM/FUNC', 1, 'Mengoperasikan Mesin Casepacker', 'B', '8', '\"Mengoperasikan Casepacker - Pengenalan Mesin Casepacker - Penggunaan/operasional Mesin Casepacker\"', '2022-06-16 07:34:47', '2022-06-16 00:34:47'),
(437, '327/KMI/GEM/FUNC', 1, 'Safety Mesin Casepacker dan Area', 'B', '8', '\"Safety Di Area Casepacker - Potensi Bahaya di Area casepacker - Penggunaan APD di mesin casepacker\"', '2022-06-16 07:36:03', '2022-06-16 00:36:03'),
(438, '328/KMI/GEM/FUNC', 1, 'GM5P Mesin Casepacker dan Area', 'B', '8', '\"GM5P - 5P di Area Casepacker\"', '2022-06-16 07:37:01', '2022-06-16 00:37:01'),
(439, '329/KMI/GEM/FUNC', 1, 'Standart Cleaning & Inspeksi Mesin Casepacker', 'B', '8', '\"Standart Cleaning & Inspeksi Mesin Casepacker - Pemahaman CLI di Area Casepacker - Pengisian CekList CLI  \"', '2022-06-16 07:37:50', '2022-06-16 00:37:50'),
(440, '330/KMI/GEM/FUNC', 1, 'Troubleshouting Mesin Casepacker', 'I', '8', '\"Troubleshouting Mesin Casepacker - Problem 2x di Mesin casepacker\"', '2022-06-16 07:38:34', '2022-06-16 00:38:34'),
(441, '331/KMI/GEM/FUNC', 1, 'Mengoperasikan Mesin Cartoner', 'B', '8', '\"Mengoperasikan Mesin Cartoner - Pengenalan Mesin Cartoner - Penggunaan/operasional Mesin Cartoner\"', '2022-06-16 07:39:08', '2022-06-16 00:39:08'),
(442, '332/KMI/GEM/FUNC', 1, 'Safety Mesin Cartoner dan Area', 'B', '8', '\"Safety Di Area Cartoner - Potensi Bahaya di Area Cartoner - Penggunaan APD di mesin Cartoner\"', '2022-06-16 07:40:29', '2022-06-16 00:40:29'),
(443, '333/KMI/GEM/FUNC', 1, 'GM5P Mesin Cartoner dan Area', 'B', '8', '\"GM5P - 5P di Area Cartoner\"', '2022-06-16 07:41:07', '2022-06-16 00:41:07'),
(444, '334/KMI/GEM/FUNC', 1, 'Standart Cleaning & Inspeksi Mesin Cartoner', 'B', '8', '\"Standart Cleaning & Inspeksi MesinCartoner - Pemahaman CLI di AreaCartoner - Pengisian CekList CLI  \"', '2022-06-16 07:42:55', '2022-06-16 00:42:55'),
(445, '335/KMI/GEM/FUNC', 1, 'Troubleshouting Mesin Cartoner', 'I', '8', '\"Troubleshouting Mesin Cartoner - Problem 2x di Mesin Cartoner\"', '2022-06-16 07:43:26', '2022-06-16 00:43:26'),
(446, '336/KMI/GEM/FUNC', 1, 'Mengoperasikan Mesin Rotary By Step', 'B', '8', '\"Mengoperasikan Mesin Rotary By Step - Pengenalan Mesin Rotary By Step - Penggunaan/operasional Mesin Rotary By Step\"', '2022-06-16 07:42:04', '2022-06-16 00:42:04'),
(447, '337/KMI/GEM/FUNC', 1, 'Safety Mesin Rotary By Step dan Area', 'B', '8', '\"Safety Di Area Rotary By Step - Potensi Bahaya di Area Rotary By Step - Penggunaan APD di mesin Rotary By Step\"', '2022-06-16 07:45:55', '2022-06-16 00:45:55'),
(448, '338/KMI/GEM/FUNC', 1, 'GM5P Mesin Rotary By Step dan Area', 'B', '8', '\"GM5P - 5P di Area Rotary By Step\"', '2022-06-16 07:46:37', '2022-06-16 00:46:37'),
(449, '339/KMI/GEM/FUNC', 1, 'Standart Cleaning & Inspeksi Mesin Rotary By Step', 'B', '8', '\"Standart Cleaning & Inspeksi Mesin Rotary By Step - Pemahaman CLI di Area Rotary By Step - Pengisian CekList CLI  \"', '2022-06-16 07:47:17', '2022-06-16 00:47:17'),
(450, '340/KMI/GEM/FUNC', 1, 'Troubleshouting Mesin Rotary By Step', 'B', '8', '\"Troubleshouting Mesin Rotary By Step - Problem 2x di Mesin Rotary By Step\"', '2022-06-16 07:47:57', '2022-06-16 00:47:57'),
(451, '341/KMI/MAX/FUNC', 1, 'Mengoperasikan Dumping-E', 'B', '8', '\"Mengoperasikan Dumping-E - Pengenalan Proses dumpingt - Penggunaan/operasional Mesin Dumping\"', '2022-06-16 07:55:35', '2022-06-16 00:55:35'),
(452, '342/KMI/MAX/GEN', 2, 'Safety Dumping  dan Area', 'B', '4', '\"Safety Dumping - Potensi Bahaya Dumping - Penggunaan APD di Dumping\"', '2022-06-16 07:57:58', '2022-06-16 00:57:58'),
(453, '343/KMI/MAX/GEN', 2, 'Standart Cleaning & Inspeksi Dumping', 'B', '4', '\"Standart Cleaning & Inspeksi Dumping - Cleaning Dumping - Inspeksi Dumping\"', '2022-06-16 08:01:27', '2022-06-16 01:01:27'),
(454, '344/KMI/MAX/FUNC', 1, 'Troubleshouting Dumping', 'I', '8', '\"Troubleshouting Dumping - problem2x di mesin Dumping\"', '2022-06-16 08:02:23', '2022-06-16 01:02:23'),
(455, '345/KMI/MAX/FUNC', 1, 'Mengoperasikan Mesin Mixing-E', 'B', '8', '\"Mengoperasikan Mixing-E - Pengenalan Mesin Mixing - Penggunaan/operasional Mesin Mixing\"', '2022-06-16 08:04:05', '2022-06-16 01:04:05'),
(456, '346/KMI/MAX/GEN', 2, 'Safety Mesin Mixing dan Area', 'B', '4', '\"Safety Di Area Mixing - Potensi Bahaya Mesin Mixing - Penggunaan APD di mesin Mixing\"', '2022-06-16 08:05:40', '2022-06-16 01:05:40'),
(457, '347/KMI/MAX/GEN', 2, 'GM5P Mesin Mixing dan Area', 'B', '4', '\"GM5P - 5P di Area Mixing  dan Mesin\"', '2022-06-16 08:07:49', '2022-06-16 01:07:49'),
(458, '348/KMI/MAX/GEN', 2, 'Standart Cleaning & Inspeksi Mesin Mixing', 'B', '4', '\"Standart Cleaning & Inspeksi Mesin mixing - Pemahaman CLI di Area mixing - Pengisian CekList CLI \"', '2022-06-16 08:09:02', '2022-06-16 01:09:02'),
(459, '349/KMI/MAX/FUNC', 1, 'Troubleshouting Mesin Mixing', 'I', '8', '\"Troubleshouting Mesin mixing - Problem 2x di Mesin mixing\"', '2022-06-16 08:09:42', '2022-06-16 01:09:42'),
(460, '350/KMI/MAX/FUNC', 1, 'Mengoperasikan Mesin Filling-E', 'B', '8', '\"Mengoperasikan Filling-E - Pengenalan Mesin Filling - Penggunaan/operasional Mesin Filling\"', '2022-06-16 08:10:51', '2022-06-16 01:10:51'),
(461, '351/KMI/MAX/GEN', 2, 'Safety Mesin Filling dan Area', 'B', '4', '\"Safety Di Area Filling - Potensi Bahaya Mesin Filling - Penggunaan APD di mesin Filling\"', '2022-06-16 08:19:49', '2022-06-16 01:19:49'),
(462, '352/KMI/MAX/GEN', 2, 'GM5P Mesin Filling dan Area', 'B', '4', '\"GM5P - 5P di Area dan Mesin Filling\"', '2022-06-16 08:21:35', '2022-06-16 01:21:35'),
(463, '353/KMI/MAX/GEN', 2, 'Standart Cleaning & Inspeksi Mesin Filling', 'B', '4', '\"Standart Cleaning & Inspeksi Mesin Filling - Pemahaman CLI di Area Filling - Pengisian CekList CLI \"', '2022-06-16 08:22:32', '2022-06-16 01:22:32'),
(464, '354/KMI/MAX/FUNC', 1, 'Troubleshouting Mesin Filling', 'I', '8', '\"Troubleshouting Mesin Filling - Problem 2x di Mesin Filling\"', '2022-06-16 08:23:20', '2022-06-16 01:23:20'),
(465, '355/KMI/MAX/FUNC', 1, 'Mengoperasikan Mesin Casepacker-E', 'B', '8', '\"Mengoperasikan Casepacker - Pengenalan Mesin Casepacker - Penggunaan/operasional Mesin Casepacker\"', '2022-06-20 02:12:17', '2022-06-19 19:12:17'),
(466, '356/KMI/MAX/GEN', 2, 'Safety Mesin Casepacker dan Area', 'B', '4', '\"Safety Di Area Casepacker - Potensi Bahaya di Area casepacker - Penggunaan APD di mesin casepacker\"', '2022-06-20 02:13:52', '2022-06-19 19:13:52'),
(467, '357/KMI/MAX/GEN', 2, 'GM5P Mesin Casepacker dan Area', 'B', '4', '\"GM5P - 5P di Area dan Mesin Casepacker\"', '2022-06-20 02:14:49', '2022-06-19 19:14:49'),
(468, '358/KMI/MAX/GEN', 2, 'Standart Cleaning & Inspeksi Mesin Casepacker', 'B', '4', '\"Standart Cleaning & Inspeksi Mesin Casepacker - Pemahaman CLI di Area Casepacker - Pengisian CekList CLI \"', '2022-06-20 02:18:13', '2022-06-19 19:18:13'),
(469, '359/KMI/MAX/FUNC', 1, 'Troubleshouting Mesin Casepacker', 'I', '8', '\"Troubleshouting Mesin Casepacker - Problem 2x di Mesin casepacker\"', '2022-06-20 02:19:35', '2022-06-19 19:19:35'),
(470, '360/KMI/MAX/FUNC', 1, 'System of Sealer Machine', 'B', '8', '\"Systemof Mesin Sealer - Pemahaman mesin sealer - Pengisian CekList CLI \"', '2022-06-20 02:20:32', '2022-06-19 19:20:32'),
(471, '361/KMI/MAX/FUNC', 1, 'Setting of Sealer Machine', 'B', '8', '\"Setting Mesin Sealer - Pemahaman settingan mesin sealer - Pengisian CekList CLI \"', '2022-06-20 02:21:11', '2022-06-19 19:21:11'),
(472, '362/KMI/MAX/FUNC', 1, 'Installation of Duck Tapping', 'I', '8', '\"Installation of Duck Tapping - Pemahaman Duck Tapping - Pengisian CekList CLI \"', '2022-06-20 02:21:59', '2022-06-19 19:21:59'),
(473, '363/KMI/MAX/FUNC', 1, 'Substitution of Knife Sealer', 'I', '8', '\"Subtitution of Knife Sealer - Pemahaman Knife Sealer - Pengisian CekList CLI \"', '2022-06-20 02:22:50', '2022-06-19 19:22:50'),
(474, '364/KMI/MAX/FUNC', 1, 'Substitution of Roll Sealer', 'I', '8', '\"Subtitution of Roll  Sealer - Pemahaman Roll  Sealer - Pengisian CekList CLI \"', '2022-06-20 02:23:26', '2022-06-19 19:23:26'),
(475, '365/KMI/HOR/FUNC', 1, 'Pengoperasian Mesin Caping', 'B', '8', 'Berisi penjelasan mengenai tugas dan tanggung jawab dari masing-masing departemen dan struktur organisasi perusahaan', '2022-06-20 02:47:08', '2022-06-19 19:47:08'),
(476, '366/KMI/HOR/FUNC', 1, 'Pengoperasian Mesin Carton Erector', 'B', '8', 'Berisi tentang tata kelola etika bisnis di KALBE Group', '2022-06-20 02:48:05', '2022-06-19 19:48:05'),
(477, '367/KMI/HOR/FUNC', 1, 'Pengoperasian Mesin Camera Dalsa', 'B', '8', '\"Berisi penjelasan mengenai peraturan perusahaan yang berlaku yaitu Perjanjian Kerja Bersama yang sudah disepakati oleh Serikat Pekerja dan Manajemen mengenai kewajiban', '2022-06-20 02:48:32', '2022-06-19 19:48:32'),
(478, '368/KMI/HOR/FUNC', 1, 'Pengoperasian Scoopfeeder canning', 'A', '8', '\"Berisi tentang informasi tambahan mengenai BPJS Ketenagakerjaan', '2022-06-20 02:50:23', '2022-06-19 19:50:23'),
(479, '369/KMI/HOR/FUNC', 1, 'Pengoperasian Mesin Printer Image', 'B', '8', '\"Berisi tentang tata cara melakukan update informasi data pribadi', '2022-06-20 03:06:49', '2022-06-19 20:06:49'),
(480, '370/KMI/HOR/FUNC', 1, 'Pengoperasian mesin tipper', 'B', '8', 'Materi mengenai proses dan struktur powder tank', '2022-06-20 03:07:33', '2022-06-19 20:07:33'),
(481, '371/KMI/HOR/FUNC', 1, 'Proses inspeksi dan cleaning mesin tipper', 'B', '8', 'Materi mengenai proses Proses inspeksi dan cleaning mesin tipper', '2022-06-20 03:09:09', '2022-06-19 20:09:09'),
(482, '372/KMI/HOR/FUNC', 1, 'Safety Mesin tipper', 'B', '8', 'Materi mengenai safety messin tipper', '2022-06-20 03:09:31', '2022-06-19 20:09:31'),
(483, '373/KMI/HOR/FUNC', 1, 'Pengecekan siever', 'B', '8', 'Materi mengenai proses pengecekan siever', '2022-06-20 03:09:47', '2022-06-19 20:09:47'),
(484, '374/KMI/HOR/FUNC', 1, 'Troubleshooting di area powder tank', 'A', '8', 'Materi mengenai trouble shooting di powder tank', '2022-06-20 03:08:10', '2022-06-19 20:08:10'),
(485, '375/KMI/HOR/FUNC', 1, 'Safety di area powder tank', 'B', '8', 'Materi mengenai safety powder tank', '2022-06-20 03:10:09', '2022-06-19 20:10:09'),
(486, '376/KMI/HOR/FUNC', 1, 'Standar Cleaning & Inspeksi Powder Tank Area', 'B', '8', '\"Materi mengenai  standar cleaning', '2022-06-20 03:10:29', '2022-06-19 20:10:29'),
(487, '377/KMI/HOR/FUNC', 1, 'Line proses & Diagram struktur Buffer hopper', 'B', '8', 'Materi mengenai proses dan struktur buffer hopper', '2022-06-20 03:12:47', '2022-06-19 20:12:47'),
(488, '378/KMI/HOR/FUNC', 1, 'Line proses & diagram struktur Scoop Feeder', 'B', '8', 'Materi mengenai proses dan struktur scoopfeeder', '2022-06-20 03:13:11', '2022-06-19 20:13:11'),
(489, '379/KMI/HOR/FUNC', 1, 'Scoop Feeder Canning Line', 'B', '8', 'Materi mengenai pengoperasian  scoopfeeder', '2022-06-20 03:15:07', '2022-06-19 20:15:07'),
(490, '380/KMI/HOR/FUNC', 1, 'Line proses & diagram struktur Filling & Top-up Filling Machine', 'B', '8', 'Materi mengenai proses dan struktur filling& top up', '2022-06-20 03:15:31', '2022-06-19 20:15:31'),
(491, '381/KMI/HOR/FUNC', 1, 'Filling Machine operating', 'B', '8', 'Materi mengenai pengoperasian mesin filling', '2022-06-20 03:16:17', '2022-06-19 20:16:17'),
(492, '382/KMI/HOR/FUNC', 1, 'Line proses & diagram struktur Clincher', 'B', '8', 'Materi mengenai proses dan struktur filling& top up', '2022-06-20 03:16:46', '2022-06-19 20:16:46'),
(493, '383/KMI/HOR/FUNC', 1, 'Clincher operating', 'B', '8', 'Materi mengenai pengoperasian mesin Clincher', '2022-06-20 03:17:09', '2022-06-19 20:17:09'),
(494, '384/KMI/HOR/FUNC', 1, 'Line proses & diagram struktur Gassing', 'B', '8', 'Materi mengenai proses dan struktur gassing', '2022-06-20 03:17:58', '2022-06-19 20:17:58'),
(495, '385/KMI/HOR/FUNC', 1, 'Gassing operating', 'B', '8', 'Materi mengenai pengoperasian mesin gassing', '2022-06-20 03:19:49', '2022-06-19 20:19:49'),
(496, '386/KMI/HOR/FUNC', 1, 'Line proses & diagram struktur Seamer', 'B', '8', 'Materi mengenai proses dan struktur Seamer', '2022-06-20 03:21:11', '2022-06-19 20:21:11'),
(497, '387/KMI/HOR/FUNC', 1, 'Seamer operating', 'B', '8', 'Materi mengenai pengoperasian mesin Seamer', '2022-06-20 03:36:01', '2022-06-19 20:36:01'),
(498, '388/KMI/HOR/FUNC', 1, 'Line proses & diagram struktur Check Weigher 1 & 2', 'B', '8', 'Materi mengenai proses dan struktur check weigher 1&2', '2022-06-20 03:40:30', '2022-06-19 20:40:30'),
(499, '389/KMI/HOR/FUNC', 1, 'Check Weigher operating', 'B', '8', 'Materi mengenai pengoperasian mesin checkweigher', '2022-06-20 03:41:40', '2022-06-19 20:41:40'),
(500, '390/KMI/HOR/FUNC', 1, 'imaje printer operating', 'B', '8', 'Materi mengenai pengoperasian mesin printer image', '2022-06-20 03:42:06', '2022-06-19 20:42:06'),
(501, '391/KMI/HOR/FUNC', 1, 'Change over Size - Filling Canning', 'I', '8', 'Proses change over size filling canning', '2022-06-20 03:19:07', '2022-06-19 20:19:07'),
(502, '392/KMI/HOR/FUNC', 1, 'Troubleshooting di filling canning', 'B', '8', 'Troubleshooting di filling canning', '2022-06-20 03:44:15', '2022-06-19 20:44:15'),
(503, '393/KMI/HOR/FUNC', 1, 'Safety di area Filling', 'B', '8', 'Materi mengenai safety di area filling', '2022-06-20 03:46:20', '2022-06-19 20:46:20'),
(504, '394/KMI/HOR/FUNC', 1, 'Powder Handling', 'B', '8', 'Materi mengenai powder handling', '2022-06-20 03:46:49', '2022-06-19 20:46:49'),
(505, '395/KMI/HOR/FUNC', 1, 'Administration and Record Keeping filling', 'B', '8', 'Materi mengenai Administration and Record Keeping filling', '2022-06-20 03:47:20', '2022-06-19 20:47:20'),
(506, '396/KMI/HOR/FUNC', 1, 'Proses persiapan penurunan powder', 'B', '8', 'Materi mengenai proses penurunan powder', '2022-06-20 03:47:49', '2022-06-19 20:47:49'),
(507, '397/KMI/HOR/FUNC', 1, 'Standar Cleaning & Inspeksi Filling', 'B', '8', 'Materi mengenai Standar Cleaning & Inspeksi Filling', '2022-06-20 03:43:52', '2022-06-19 20:43:52'),
(508, '398/KMI/HOR/FUNC', 1, 'Proses Can Depalitizer', 'B', '8', 'Materi mengenai proses Can depalitizer', '2022-06-20 03:51:00', '2022-06-19 20:51:00'),
(509, '399/KMI/HOR/FUNC', 1, 'Line proses & diagram struktur UV conveyor', 'B', '8', 'Materi mengenai proses dan struktur UV conveyor', '2022-06-20 03:52:05', '2022-06-19 20:52:05'),
(510, '400/KMI/HOR/FUNC', 1, 'Proses Packing canning', 'B', '8', 'Materi mengenai proses packing canning', '2022-06-20 03:52:31', '2022-06-19 20:52:31'),
(511, '401/KMI/HOR/FUNC', 1, 'Safety di area packing canning', 'B', '8', 'Materi mengenai Safety di area packing canning', '2022-06-20 03:52:58', '2022-06-19 20:52:58'),
(512, '402/KMI/HOR/FUNC', 1, 'Troubleshooting di area packing', 'B', '8', 'Troubleshooting di area packing', '2022-06-20 03:54:09', '2022-06-19 20:54:09'),
(513, '403/KMI/HOR/FUNC', 1, 'Administration and Record Keeping packing', 'I', '8', 'Materi mengenai Administration and Record Keeping packing', '2022-06-20 03:54:52', '2022-06-19 20:54:52'),
(514, '404/KMI/HOR/FUNC', 1, 'Transfer slip dan transaksi finished product', 'B', '8', 'Materi mengenai proses Transfer slip dan transaksi finished product', '2022-06-20 03:55:17', '2022-06-19 20:55:17'),
(515, '405/KMI/HOR/FUNC', 1, 'Penambahan/pengembalian PM', 'I', '8', 'Materi mengenai Penambahan/pengembalian PM', '2022-06-20 03:57:45', '2022-06-19 20:57:45'),
(516, '406/KMI/HOR/FUNC', 1, 'Transaksi rework & reject powder', 'I', '8', 'Materi mengenai proses Transaksi rework & reject powder', '2022-06-20 03:59:07', '2022-06-19 20:59:07'),
(517, '407/KMI/HOR/FUNC', 1, 'Flow process Serah Terima PM', 'B', '8', 'Materi mengenai Flow process Serah Terima PM', '2022-06-20 04:34:03', '2022-06-19 21:34:03'),
(518, '408/KMI/HOR/FUNC', 1, 'Palletizer', 'B', '8', 'Materi mengenai proses paletizer', '2022-06-20 04:35:46', '2022-06-19 21:35:46'),
(519, '409/KMI/HOR/FUNC', 1, 'Hand Pallet', 'B', '8', 'Materi operasional hand pallet', '2022-06-20 04:36:12', '2022-06-19 21:36:12'),
(520, '410/KMI/HOR/FUNC', 1, 'Standar Cleaning & Inspeksi Packing', 'B', '8', 'Materi mengenai Standar Cleaning & Inspeksi Packing', '2022-06-20 04:36:39', '2022-06-19 21:36:39'),
(521, '411/KMI/HOR/FUNC', 1, 'Change over SIZE - Packing Canning', 'B', '8', 'Materi proses Change over SIZE - Packing Canning', '2022-06-20 04:37:08', '2022-06-19 21:37:08'),
(522, '412/KMI/HOR/FUNC', 1, 'Troubleshooting di area packing', 'A', '8', 'Mareti mengenai Troubleshooting di area packing', '2022-06-20 04:37:39', '2022-06-19 21:37:39'),
(523, '413/KMI/HOR/FUNC', 1, 'Production Schedule', 'I', '8', 'Materi mengenai Administration and Record Keeping packing', '2022-06-20 04:35:22', '2022-06-19 21:35:22'),
(524, '414/KMI/HOR/FUNC', 1, 'Production Code', 'B', '8', 'Materi mengenai Transfer slip dan transaksi finished product', '2022-06-20 04:34:55', '2022-06-19 21:34:55'),
(525, '415/KMI/HOR/FUNC', 1, 'Raw Material', 'B', '8', 'Materi mengenai proses Penambahan/pengembalian PM', '2022-06-20 04:38:14', '2022-06-19 21:38:14'),
(526, '416/KMI/HOR/FUNC', 1, 'Packaging Material', 'B', '8', 'Materi mengenai proses Transaksi rework & reject powder', '2022-06-20 04:38:59', '2022-06-19 21:38:59'),
(527, '417/KMI/HOR/FUNC', 1, 'Standar Mutu Finish Product', 'B', '8', 'Materi mengenai proses Flow process Serah Terima PM', '2022-06-20 04:40:41', '2022-06-19 21:40:41'),
(528, '418/KMI/HOR/FUNC', 1, 'Pengoperasian alat lem semprot', 'B', '8', 'Materi mengenai Control Panel Operation', '2022-06-20 04:41:04', '2022-06-19 21:41:04'),
(529, '419/KMI/HOR/FUNC', 1, 'Dry and Wet Cleaning', 'B', '8', 'Materi mengenai proses Dry and Wet Cleaning', '2022-06-20 04:39:52', '2022-06-19 21:39:52'),
(530, '420/KMI/HOR/GEN', 2, 'TPM Introduction', 'B', '4', 'Materi mengenai TPM Introduction', '2022-06-20 04:41:46', '2022-06-19 21:41:46'),
(531, '421/KMI/HOR/GEN', 2, 'OEE dan Konsep 8 Big Losses', 'B', '4', 'Materi mengenai OEE dan Konsep 8 Big Losses', '2022-06-20 04:42:52', '2022-06-19 21:42:52'),
(532, '422/KMI/HOR/GEN', 2, 'AM Step 1-3', 'B', '4', 'Materi mengenai AM Step 1-3', '2022-06-20 04:43:20', '2022-06-19 21:43:20'),
(533, '423/KMI/HOR/GEN', 2, '8 Steps (DELTA)', 'B', '4', 'Materi mengenai 8 Steps (DELTA)', '2022-06-20 04:43:56', '2022-06-19 21:43:56'),
(534, '424/KMI/HOR/GEN', 2, 'Tightening', 'B', '4', 'Materi mengenai Tightening', '2022-06-20 04:44:31', '2022-06-19 21:44:31'),
(535, '425/KMI/HOR/GEN', 2, 'Lubrication Dasar', 'B', '4', 'Materi mengenai Lubrication Dasar', '2022-06-20 04:45:01', '2022-06-19 21:45:01'),
(536, '426/KMI/HOR/GEN', 2, 'AM Step 4-5', 'A', '4', 'Materi mengenai AM Step 4-5', '2022-06-20 04:45:33', '2022-06-19 21:45:33'),
(537, '427/KMI/HOR/GEN', 2, 'Pneumatic Dasar', 'B', '4', 'Materi mengenai Pneumatic Dasar', '2022-06-20 04:47:21', '2022-06-19 21:47:21'),
(538, '428/KMI/HOR/GEN', 2, 'Hydraulic Dasar', 'B', '4', 'Materi mengenai Hydraulic Dasar', '2022-06-20 04:47:48', '2022-06-19 21:47:48'),
(539, '429/KMI/HOR/GEN', 2, 'Drive Dasar', 'B', '4', 'Materi mengenai Drive Dasar', '2022-06-20 04:48:05', '2022-06-19 21:48:05'),
(540, '430/KMI/HOR/GEN', 2, 'Electric Dasar', 'B', '4', 'Materi mengenai Electric Dasar', '2022-06-20 04:48:30', '2022-06-19 21:48:30'),
(541, '431/KMI/HOR/GEN', 2, 'Basic Process condition', 'B', '4', 'Materi mengenai Basic Process condition', '2022-06-20 04:46:54', '2022-06-19 21:46:54'),
(542, '432/KMI/HOR/GEN', 2, 'AM Step 6-7', 'I', '4', 'Materi mengenai AM Step 6-7', '2022-06-20 04:46:31', '2022-06-19 21:46:31'),
(543, '433/KMI/HOR/GEN', 2, 'PDCA (A3 Report & PPS)', 'I', '4', 'Materi mengenai PDCA (A3 Report & PPS)', '2022-06-20 04:48:59', '2022-06-19 21:48:59'),
(544, '434/KMI/HOR/FUNC', 1, 'Proses Pengoperasian Mesin X-Ray', 'I', '8', 'Materi mengenai Proses Pengoperasian Mesin X-ray', '2022-06-20 04:49:25', '2022-06-19 21:49:25'),
(545, '435/KMI/HOR/FUNC', 1, 'Pengoperasian Mesin Barcode Scanner', 'I', '8', 'Materi mengenai Pengoperasian Mesin barcode snanner', '2022-06-20 04:51:41', '2022-06-19 21:51:41'),
(546, '436/KMI/HOR/FUNC', 1, 'Wet Cleaning Lokal Mesin & Area Lt 3', 'I', '8', 'Materi mengenai Wet cleaning local Mesin & area lt.3', '2022-06-20 04:52:31', '2022-06-19 21:52:31'),
(547, '437/KMI/HYB/FUNC', 1, 'Pengoperasian Tiper Machine', 'B', '8', 'Materi yang berisi mengenai pengetahuan dasar pengoperasian mesin Tipper', '2022-06-20 05:04:09', '2022-06-19 22:04:09'),
(548, '438/KMI/HYB/FUNC', 1, 'Proses Check dan Roving area Powder Tank', 'B', '8', '\"Materi yang berisi mengenai pengetahuan cara memeriksa dan tugas roving diarea Powder Tank \"', '2022-06-20 05:04:48', '2022-06-19 22:04:48'),
(549, '439/KMI/HYB/FUNC', 1, 'Pengoperasian Sachet Filling Machine', 'I', '8', 'Materi yang berisi mengenai pengetahuan cara mengoperasikan mesin Filling Sachet.', '2022-06-20 05:06:10', '2022-06-19 22:06:10'),
(550, '440/KMI/HYB/FUNC', 1, 'Pengoperasian Check weigher filling.', 'B', '8', 'Materi yang berisi mengenai pengetahuan cara mengoperasikan mesin Check weigher filling Sachet', '2022-06-20 05:13:48', '2022-06-19 22:13:48'),
(551, '441/KMI/HYB/FUNC', 1, 'Proses change over filling sachet', 'B', '8', 'Materi yang berisi mengenai pengetahuan cara melakukan change over over size di mesin Filling Sachet', '2022-06-20 05:15:24', '2022-06-19 22:15:24'),
(552, '442/KMI/HYB/FUNC', 1, 'Proses packing Sachet line A', 'B', '8', 'Materi yang berisi mengenai pengetahuan cara proses packing.', '2022-06-20 05:17:25', '2022-06-19 22:17:25'),
(553, '443/KMI/HYB/FUNC', 1, 'Pengoperasian mesin inkjet printer', 'B', '8', 'Materi yang berisi mengenai pengetahuan cara mengoperasikan  mesin inkjet  printer.', '2022-06-20 05:18:04', '2022-06-19 22:18:04'),
(554, '444/KMI/HYB/FUNC', 1, 'Pengoperasian Printer Carton Box', 'B', '8', 'Materi yang berisi mengenai pengetahuan cara mengoperasikan  Printer Carton Box.', '2022-06-20 05:20:36', '2022-06-19 22:20:36'),
(555, '445/KMI/HYB/FUNC', 1, 'Pengoperasian check weigher finish good.', 'B', '8', 'Materi yang berisi mengenai pengetahuan cara mengoperasikan  check mesin weigher finish good.', '2022-06-20 05:21:22', '2022-06-19 22:21:22'),
(556, '446/KMI/HYB/FUNC', 1, 'Pengoperasian mesin  Case packer', 'B', '8', 'Materi yang berisi mengenai pengetahuan cara mengoperasikan mesin case packer', '2022-06-20 05:21:54', '2022-06-19 22:21:54'),
(557, '447/KMI/HYB/FUNC', 1, 'Proses wet cleaning Powder tank', 'B', '8', 'Materi yang berisi mengenai pengetahuan cara  melalkukan Proses Wet Cleaning diarea line Proses powder tank', '2022-06-20 06:08:48', '2022-06-19 23:08:48'),
(558, '448/KMI/HYB/FUNC', 1, 'Standart Quality Produk', 'B', '8', 'Materi yang berisi mengenai pengetahuan Standart Quality Produk', '2022-06-20 06:11:14', '2022-06-19 23:11:14'),
(559, '449/KMI/HYB/GEN', 2, 'Review Activity TPM', 'I', '4', 'Materi yang berisi mengenai pengetahuan Activity TPM', '2022-06-20 06:11:58', '2022-06-19 23:11:58'),
(560, '450/KMI/HYB/FUNC', 1, 'Pengoperasian  Mesin X-Ray', 'B', '8', 'Materi yang berisi mengenai pengetahuan cara mengoperasikan  check mesin X-Ray.', '2022-06-20 06:10:35', '2022-06-19 23:10:35'),
(561, '451/KMI/HYB/FUNC', 1, 'Pengoperasian  Mesin Cartoner (Dienst)', 'B', '8', 'Materi yang berisi mengenai pengetahuan cara mengoperasikan  check mesin Cartoner (Dienst)', '2022-06-20 06:09:48', '2022-06-19 23:09:48'),
(562, '452/KMI/GAN/FUNC', 1, 'SWI  pengujian organoleptik', 'B', '8', '\"Berisi Penjelasan mengenai pengujian organoleptik yang bertujuan untuk menjaga kualitas produk secara konsisten dari sisi organoleptik yaitu penampakan', '2022-06-21 02:21:35', '2022-06-20 19:21:35'),
(563, '453/KMI/GAN/FUNC', 1, 'SWI  pengukuran pH', 'B', '8', 'Berisi Penjelasan mengenai pengukuran pH yang bertujuan mengetahui derajat keasaman suatu sample', '2022-06-21 02:21:59', '2022-06-20 19:21:59'),
(564, '454/KMI/GAN/FUNC', 1, 'SWI  pengukuran suhu', 'B', '8', '\"Berisi Penjelasan mengenai pengukuran suhu yang bertujuan untuk mengetahui derahat panas  dari sample yang diuji dengan menggunakan termometer infra red', '2022-06-21 02:22:28', '2022-06-20 19:22:28'),
(565, '455/KMI/GAN/FUNC', 1, 'SWI  analisa lemak gerber', 'B', '8', '\"Berisi penjelasan mengenai analisa lemak metode fat gerber yang bertujuan mengetahui kadar fat dari sample yang diuji', '2022-06-21 02:23:10', '2022-06-20 19:23:10'),
(566, '456/KMI/GAN/FUNC', 1, 'SWI  analisa total solid oven', 'B', '8', 'Berisi penjelasan mengenai analisa total solid metode oven yang bertujuan Untuk mengetahui jumlah padatan yang terkandung dalam larutan susu', '2022-06-21 02:23:50', '2022-06-20 19:23:50'),
(567, '457/KMI/GAN/FUNC', 1, 'SWI analisa total solid MA', 'B', '8', 'Berisi penjelasan mengenai analisa total solid metode MA yang bertujuan Untuk mengetahui jumlah padatan yang terkandung dalam larutan susu', '2022-06-21 02:24:19', '2022-06-20 19:24:19'),
(568, '458/KMI/GAN/FUNC', 1, 'SWI analisa total solid Refraktometer', 'B', '8', 'Berisi penjelasan mengenai analisa total solid metode  refraktometer yang bertujuan Untuk mengetahui jumlah padatan yang terkandung dalam larutan susu', '2022-06-21 02:24:55', '2022-06-20 19:24:55'),
(569, '459/KMI/GAN/FUNC', 1, 'SWI pengujian sedimen', 'B', '8', '\"Berisi penjelasan mengenai pengujian sedimen yang bertujuan untuk mengetahui adanya kotoran', '2022-06-21 02:25:26', '2022-06-20 19:25:26'),
(570, '460/KMI/GAN/FUNC', 1, 'SWI pengujian vit C', 'B', '8', '\"Berisi penjelasan mengenai pengujian vitamin C yang bertujuan untuk mengetahui kadar vitamin C', '2022-06-21 02:26:15', '2022-06-20 19:26:15'),
(571, '461/KMI/GAN/FUNC', 1, 'SWI  pengujian calsium', 'B', '8', '\"Berisi penjelasan mengenai pengujian Calcium yang bertujuan untuk mengetahui kadar calcium', '2022-06-21 02:26:44', '2022-06-20 19:26:44'),
(572, '462/KMI/GAN/FUNC', 1, 'SWI  pengukuran fat globule', 'B', '8', '\"Berisi penjelasan mengenai pengujian pengukuran fat globula yang bertujuanuntuk melihat keseragaman ukuran globula sebagai tolak ukur kinerja proses homogenisasi dengan menggunakan mikroskop  \"', '2022-06-21 02:30:04', '2022-06-20 19:30:04'),
(573, '463/KMI/GAN/FUNC', 1, 'SWI  pengukuran kadar air MA-150', 'B', '8', 'Berisi penjelasan mengenai pengukuran kadar air MA-150 yang bertujuan untuk mengetahui kadar air pada susu baik sesuai dengan setinggan yang telah ditetapkan', '2022-06-21 02:30:33', '2022-06-20 19:30:33'),
(574, '464/KMI/GAN/FUNC', 1, 'SWI pengukuran bulkdensity', 'B', '8', 'Berisi penjelasan mengenai pengukuran bulkdensity yang menggunakan alat stampvolumeter dengan tujuan Untuk mengetahui tingkat kepadatan susu pada berat tertentu.', '2022-06-21 02:31:14', '2022-06-20 19:31:14'),
(575, '465/KMI/GAN/FUNC', 1, 'SWI  pengukuran solubility', 'B', '8', 'Berisi penjelasan mengenai pengukuran solubility yang bertujuan Untuk  mengetahui daya larut susu bubuk dalam air', '2022-06-21 02:31:43', '2022-06-20 19:31:43'),
(576, '466/KMI/GAN/FUNC', 1, 'SWI  pengukuran sinkers-floater', 'B', '8', 'Untuk menilai kondisi dan kebersihan dari powder ketika dilarutkan dan setelah menjadi larutan.', '2022-06-21 02:29:31', '2022-06-20 19:29:31'),
(577, '467/KMI/GAN/FUNC', 1, 'SWI pemeriksaan sieve test', 'B', '8', 'SWI pemeriksaan sieve test', '2022-06-21 02:27:23', '2022-06-20 19:27:23'),
(578, '468/KMI/GAN/FUNC', 1, 'SWI pemeriksaan leak test vacuum', 'B', '8', 'Berisi penjelasan mengenai pemeriksaan leak test vaccum yang bertujuan untuk mengetahui ada tidaknya kebocoran pada kemasan', '2022-06-21 02:32:53', '2022-06-20 19:32:53'),
(579, '469/KMI/GAN/FUNC', 1, 'SWI  pemeriksaan residual oksigen', 'B', '8', 'Berisi penjelasan mengenai pemeriksaan residual oksigen yang bertujuan untuk mengetahui kadar oksigen dalam kemasan', '2022-06-21 02:33:22', '2022-06-20 19:33:22'),
(580, '470/KMI/GAN/FUNC', 1, 'SWI  pemeriksaan double seam', 'B', '8', 'Berisi penjelsan mengenai pemeriksaan double seam pada kalemh yang bertujuan Untuk memeriksa kecukupan double seaming pada kaleng.', '2022-06-21 02:33:51', '2022-06-20 19:33:51'),
(581, '471/KMI/GAN/FUNC', 1, 'SWI  pemeriksaan packing', 'B', '8', 'Berisi penjelasan pemeriksaan packing yang bertujuan Untuk menjamin produk yang telah dikemas tidak bocor dan tidak mudah tengik.', '2022-06-21 02:34:19', '2022-06-20 19:34:19'),
(582, '472/KMI/GAN/FUNC', 1, 'SWI  cara pengambilan sample', 'B', '8', '\"Berisi  penjelasan mengenai cara pengambilan sample yang bertujuan Untuk mengetahui cara pengambilan sample yang benar', '2022-06-21 02:35:08', '2022-06-20 19:35:08'),
(583, '473/KMI/GAN/FUNC', 1, 'SWI  codding approval', 'B', '8', '\"Berisi Penjelasan mengenai pembuatan codding approval agar hasil cetakan kode pada kemasan produk jelas dan mudah dibaca. Selain itu', '2022-06-21 02:35:34', '2022-06-20 19:35:34'),
(584, '474/KMI/GAN/FUNC', 1, 'SWI  pengoperasian MA-150', 'B', '8', 'Berisi penjelasan mengenai pengeporasian MA -150 yang bertujuan  Untuk mengetahui kadar air (moisture) pada susu bubuk', '2022-06-21 02:35:54', '2022-06-20 19:35:54'),
(585, '475/KMI/GAN/FUNC', 1, 'SWI  pengoperasian alat stampvolumeter', 'B', '8', 'Berisi penjelasan mengenai pengoperasain Alat stampvolumeter yang bertujuan untuk mengetahui nilai bulkdensity suatu produk', '2022-06-21 02:36:52', '2022-06-20 19:36:52'),
(586, '476/KMI/GAN/FUNC', 1, 'SWI  pengoperasian alat oksigen analizer', 'B', '8', 'Berisi penjelasan mengenai pengoperasain alat oksigen analizer yang bertujuan untuk mengetahui nilai residual oksigen suatu produk dalam kemasan', '2022-06-21 02:37:48', '2022-06-20 19:37:48'),
(587, '477/KMI/GAN/FUNC', 1, 'SWI  pengoperasian can projector', 'B', '8', 'Berisi penjelsan mengenai pengoperasian can projector yang bertujuan agar pengoperasian can projector dilakukan dengan baik dan benar dan untuk menghindari kesalahan dalam pengoperasian yang dapat menyebabkan hasil analisa tidak akurat .', '2022-06-21 02:38:48', '2022-06-20 19:38:48'),
(588, '478/KMI/GAN/FUNC', 1, 'SWI  pengoperasian funke gerber', 'B', '8', 'Berisi penjelasan mengenai pengoperasian funke gerber yang bertujuan agar pengoperasian Funke Gerber dilakukan dengan baik dan benar dan untuk menghindari kesalahan dalam pengoperasian yang dapat menyebabkan hasil analisa tidak akurat .', '2022-06-21 02:39:11', '2022-06-20 19:39:11'),
(589, '479/KMI/GAN/FUNC', 1, 'SWI  Methode validasi kadar air', 'B', '8', 'Berisi penjelasan mengenai methode validasi kadar air yang bertujuan Untuk mengetahui ke-valid-an metode analisa kadar air (moisture) menggunakan Moisture Analizer.', '2022-06-21 02:39:44', '2022-06-20 19:39:44'),
(590, '480/KMI/GAN/FUNC', 1, 'SWI  Methode validasi total solid', 'B', '8', 'Berisi penjelasan mengenai methode validasi total solid yang bertujuan Untuk mengetahui ke-valid-an metode analisa Total Solid menggunakan Refractometer.', '2022-06-21 02:40:16', '2022-06-20 19:40:16'),
(591, '481/KMI/GAN/FUNC', 1, 'SWI Methode validasi kadar lemak', 'B', '8', 'Berisi penjelasan mengenai methode validasi kadar lemak yang bertujuan Untuk mengetahui ke-valid-an metode analisa kadar lemak menggunakan Gerber.', '2022-06-21 02:40:37', '2022-06-20 19:40:37'),
(592, '482/KMI/GAN/FUNC', 1, 'SWI Methode validasi kadar Vit C', 'B', '8', 'Berisi penjelasan mengenai methode validasi kadar vitamin C yang bertujuan  Untuk mengetahui ke-valid-an metode analisa kadar vitamin C menggunakan metode titrimetri.', '2022-06-21 02:41:18', '2022-06-20 19:41:18'),
(593, '483/KMI/GAN/FUNC', 1, 'SWI Methode validasi kadar calsium', 'B', '8', 'Berisi penjelasan mengenai methode validasi kadar calcium yang bertujuan Untuk mengetahui ke-valid-an metode analisa kadar kalsium menggunakan metode titrimetri.', '2022-06-21 02:42:20', '2022-06-20 19:42:20'),
(594, '484/KMI/GAN/FUNC', 1, 'SWI  Cara penyiapan sendok sample', 'B', '8', 'Berisi penjelasan mengenai cara penyiapan sendok sample yang bertujuan Untuk mengetahui cara penyiapan sendok yang akan digunakan untuk mengambil sample powder agar tidak terjadi kontaminasi terhadap produk.', '2022-06-21 02:44:00', '2022-06-20 19:44:00'),
(595, '485/KMI/GAN/FUNC', 1, 'SWI  pengukuran kadar air HR-83', 'B', '8', 'Berisi penjelasan mengenai pengukuran kadar air HR-83 yang bertujuan Untuk mengetahui kadar air (moisture) pada susu bubuk.', '2022-06-21 02:45:23', '2022-06-20 19:45:23'),
(596, '486/KMI/GAN/FUNC', 1, 'SWI verifikasi barcode scaner', 'B', '8', 'Berisi penjelasan mengenai verifiaksi barocode scaner yang bertujuan  Untuk memastikan  bahwa masin barcode scaner berfungsi dengan baik dapat mendeteksi apabila ada produk yang berbeda barcode.', '2022-06-21 02:45:53', '2022-06-20 19:45:53'),
(597, '487/KMI/GAN/FUNC', 1, 'SWI  input oracle mixing', 'B', '8', 'Berisi penjelasan mengenai input oracle mixing yang bertujuan Untuk memasukkan data analisa sample Mixing  dengan menggunakan system oracle sehingga dapat terintegrasi ke semua proses', '2022-06-21 02:46:21', '2022-06-20 19:46:21'),
(598, '488/KMI/GAN/FUNC', 1, 'SWI input oracle powder base', 'B', '8', 'Berisi penjelasan mengenai input oracle powder base yang bertujuan', '2022-06-21 02:44:53', '2022-06-20 19:44:53'),
(599, '489/KMI/GAN/FUNC', 1, 'SWI input oracle powder blending', 'B', '8', 'Berisi penjelasan mengenai', '2022-06-21 02:44:29', '2022-06-20 19:44:29'),
(600, '490/KMI/GAN/FUNC', 1, 'SWI pembuatan thio sulfat', 'B', '8', 'Berisi penjelasan mengenai', '2022-06-21 02:42:58', '2022-06-20 19:42:58'),
(601, '491/KMI/GAN/FUNC', 1, 'SWI pembuangan limbah', 'B', '8', 'Berisi penjelasan mengenai', '2022-06-21 02:43:31', '2022-06-20 19:43:31'),
(602, '492/KMI/GAN/FUNC', 1, 'SWI pengujuan bilangan peroksida', 'B', '8', 'Berisi penjelasan mengenai', '2022-06-21 02:50:16', '2022-06-20 19:50:16'),
(603, '493/KMI/GAN/FUNC', 1, 'SWI pemerSWIsaan kriest test', 'B', '8', 'Berisi penjelasan mengenai', '2022-06-21 02:51:13', '2022-06-20 19:51:13'),
(604, '494/KMI/GAN/FUNC', 1, 'SWI pengoperasian seal tester', 'B', '8', 'Berisi penjelasan mengenai', '2022-06-21 02:51:37', '2022-06-20 19:51:37'),
(605, '495/KMI/GAN/FUNC', 1, 'SWI pengoperasian lemari asam', 'B', '8', 'Berisi penjelasan mengenai', '2022-06-21 02:50:47', '2022-06-20 19:50:47'),
(606, '496/KMI/GAN/FUNC', 1, 'SWI pengukuran curd test', 'B', '8', 'Berisi penjelasan mengenai', '2022-06-21 02:52:03', '2022-06-20 19:52:03'),
(607, '497/KMI/GAN/FUNC', 1, 'SWI satuan operaional satuan proses produksi', 'B', '8', 'Berisi penjelasan mengenai', '2022-06-21 02:52:27', '2022-06-20 19:52:27'),
(608, '498/KMI/GAN/FUNC', 1, 'SWI pengoperasian saw machine', 'B', '8', 'Berisi penjelasan mengenai', '2022-06-21 02:49:47', '2022-06-20 19:49:47'),
(609, '499/KMI/GAN/FUNC', 1, 'SWI pengukuran density hidrometer', 'B', '8', 'Berisi penjelasan mengenai', '2022-06-21 02:49:12', '2022-06-20 19:49:12'),
(610, '500/KMI/GAN/FUNC', 1, 'SWI input oracle sample fat blend', 'B', '8', 'Berisi penjelasan mengenai', '2022-06-21 02:48:39', '2022-06-20 19:48:39'),
(611, '501/KMI/GAN/FUNC', 1, 'SWI cek on hand sample', 'B', '8', 'Berisi penjelasan mengenai', '2022-06-21 02:48:17', '2022-06-20 19:48:17'),
(612, '502/KMI/GAN/FUNC', 1, 'SWI input oracle sample finish good', 'B', '8', 'Berisi penjelasan mengenai', '2022-06-21 02:54:13', '2022-06-20 19:54:13'),
(613, '503/KMI/GAN/FUNC', 1, 'SWI menambahkan stok on hand finish good', 'B', '8', 'Berisi penjelasan mengenai', '2022-06-21 02:54:37', '2022-06-20 19:54:37'),
(614, '504/KMI/GAN/FUNC', 1, 'SWI pengecekan film test', 'B', '8', 'Berisi penjelasan mengenai', '2022-06-21 02:55:14', '2022-06-20 19:55:14'),
(615, '505/KMI/GAN/FUNC', 1, 'SWI  Verifikasi mesin filling', 'B', '8', 'Berisi penjelasan mengenai', '2022-06-21 02:55:34', '2022-06-20 19:55:34'),
(616, '506/KMI/GAN/FUNC', 1, 'SWI pengecekan buangan siever', 'B', '8', 'Berisi penjelasan mengenai', '2022-06-21 02:56:46', '2022-06-20 19:56:46'),
(617, '507/KMI/GAN/FUNC', 1, 'SWI Verifikasi formulasi blending', 'B', '8', 'Berisi penjelasan mengenai', '2022-06-21 02:57:54', '2022-06-20 19:57:54'),
(618, '508/KMI/GAN/FUNC', 1, 'SWI Verifikasi temp dan flow rate pasteurizer', 'B', '8', 'Berisi penjelasan mengenai', '2022-06-21 02:57:16', '2022-06-20 19:57:16'),
(619, '509/KMI/GAN/FUNC', 1, 'SWI Verifikasitemp mixing dan buffer tank', 'B', '8', 'Berisi penjelasan mengenai', '2022-06-21 02:56:23', '2022-06-20 19:56:23'),
(620, '510/KMI/GAN/FUNC', 1, 'SWI pengecekan sludging clarifier', 'B', '8', 'Berisi penjelasan mengenai', '2022-06-21 02:55:59', '2022-06-20 19:55:59'),
(621, '511/KMI/GAN/FUNC', 1, 'SWI pengukuran ratio fat', 'B', '8', 'Berisi penjelasan mengenai', '2022-06-21 02:53:51', '2022-06-20 19:53:51'),
(622, '512/KMI/GAN/FUNC', 1, 'SWI proses rework sisa sample', 'B', '8', 'Berisi penjelasan mengenai', '2022-06-21 02:59:29', '2022-06-20 19:59:29'),
(623, '513/KMI/GAN/FUNC', 1, 'SWIVerifikasii auger filling', 'B', '8', 'Berisi penjelasan mengenai', '2022-06-21 03:00:36', '2022-06-20 20:00:36'),
(624, '514/KMI/GAN/FUNC', 1, 'SWI pengecekan screen siever', 'B', '8', 'Berisi penjelasan mengenai', '2022-06-21 03:01:02', '2022-06-20 20:01:02'),
(625, '515/KMI/GAN/FUNC', 1, 'SWI Verifikasi X-Ray', 'B', '8', 'Berisi penjelasan mengenai', '2022-06-21 03:01:35', '2022-06-20 20:01:35'),
(626, '516/KMI/GAN/FUNC', 1, 'SWI pengecekan posisi cross jaw', 'B', '8', 'Berisi penjelasan mengenai', '2022-06-21 03:01:58', '2022-06-20 20:01:58'),
(627, '517/KMI/GAN/FUNC', 1, 'SWI pengecekan dye test', 'B', '8', 'Berisi penjelasan mengenai', '2022-06-21 03:03:02', '2022-06-20 20:03:02'),
(628, '518/KMI/GAN/FUNC', 1, 'SWI Verifikasi  material fat blend', 'B', '8', 'Berisi penjelasan mengenai', '2022-06-21 03:03:29', '2022-06-20 20:03:29'),
(629, '519/KMI/GAN/FUNC', 1, 'SWI Verifikasi  material Mayor mixing', 'B', '8', 'Berisi penjelasan mengenai', '2022-06-21 02:59:01', '2022-06-20 19:59:01'),
(630, '520/KMI/GAN/FUNC', 1, 'SWI Verifikasi material Mineral & vitamin', 'B', '8', 'Berisi penjelasan mengenai', '2022-06-21 03:02:27', '2022-06-20 20:02:27'),
(631, '521/KMI/GAN/FUNC', 1, 'SWI pengecekan viscositas larutan', 'B', '8', 'Berisi penjelasan mengenai', '2022-06-21 03:00:00', '2022-06-20 20:00:00'),
(632, '522/KMI/GAN/FUNC', 1, 'SWI Verifikasi  packaging material', 'B', '8', 'Berisi penjelasan mengenai', '2022-06-21 03:04:44', '2022-06-20 20:04:44'),
(633, '523/KMI/GAN/FUNC', 1, 'SWI Verifikasi  material metal catcher', 'B', '8', 'Berisi penjelasan mengenai', '2022-06-21 03:04:17', '2022-06-20 20:04:17'),
(634, '524/KMI/BIM/FUNC', 1, 'Pemeriksaan Standard Plate Count', 'B', '8', 'berisi tentang cara melakukan pemeriksaan Standard Plate count', '2022-06-20 07:41:09', '2022-06-20 00:41:09'),
(635, '525/KMI/BIM/FUNC', 1, 'Pemeriksaan Thermophilic Plate Count', 'B', '8', 'berisi tentang cara melakukan Pemeriksaan Thermophilic Plate Count', '2022-06-20 07:42:21', '2022-06-20 00:42:21'),
(636, '526/KMI/BIM/FUNC', 1, 'Pemeriksaan Coliform Plate Count', 'B', '8', 'berisi tentang cara melakukan Pemeriksaan Coliform Plate Count', '2022-06-20 07:42:43', '2022-06-20 00:42:43'),
(637, '527/KMI/BIM/FUNC', 1, 'Pemeriksaan Escherichia coli', 'B', '8', 'berisi tentang cara melakukan Pemeriksaan Escherichia coli', '2022-06-20 07:43:32', '2022-06-20 00:43:32'),
(638, '528/KMI/BIM/FUNC', 1, 'Pemeriksaan E. sakazakii', 'B', '8', 'berisi tentang cara melakukan Pemeriksaan E. sakazakii', '2022-06-20 07:43:03', '2022-06-20 00:43:03'),
(639, '529/KMI/BIM/FUNC', 1, 'Pemeriksaan GPT', 'B', '8', 'berisi tentang cara melakukan Pemeriksaan GPT', '2022-06-20 07:44:06', '2022-06-20 00:44:06'),
(640, '530/KMI/BIM/FUNC', 1, 'Pemeriksaan Enterobacteriacea', 'B', '8', 'berisi tentang cara melakukan Pemeriksaan Enterobacteriacea', '2022-06-20 07:44:27', '2022-06-20 00:44:27'),
(641, '531/KMI/BIM/FUNC', 1, 'Pemeriksaan Racun dalam Larutan Pengencer', 'B', '8', 'berisi tentang cara melakukan Pemeriksaan Racun dalam Larutan Pengencer', '2022-06-20 07:41:53', '2022-06-20 00:41:53'),
(642, '532/KMI/BIM/FUNC', 1, 'Pemeriksaan Air Proses Process', 'B', '8', 'berisi tentang cara melakukan Pemeriksaan Air Proses Process', '2022-06-20 07:45:05', '2022-06-20 00:45:05'),
(643, '533/KMI/BIM/FUNC', 1, 'Pemeriksaan Sisa-Sisa Detergen', 'B', '8', 'berisi tentang cara melakukan Pemeriksaan Sisa-Sisa Detergen', '2022-06-20 07:45:34', '2022-06-20 00:45:34'),
(644, '534/KMI/BIM/FUNC', 1, 'Pemeriksaan Swab Test Lid &  Scoop', 'B', '8', 'berisi tentang cara melakukan Pemeriksaan Swab Test Lid &  Scoop', '2022-06-20 07:46:28', '2022-06-20 00:46:28'),
(645, '535/KMI/BIM/FUNC', 1, 'Swabbing Test Operator', 'B', '8', 'berisi tentang cara melakukan Swabbing Test Operator', '2022-06-20 07:46:53', '2022-06-20 00:46:53'),
(646, '536/KMI/BIM/FUNC', 1, 'Pemeriksaan Swab Test Peralatan', 'B', '8', 'berisi tentang cara melakukan Pemeriksaan Swab Test Peralatan', '2022-06-20 07:47:16', '2022-06-20 00:47:16'),
(647, '537/KMI/BIM/FUNC', 1, 'Pewarnaan Bakteri Berspora', 'B', '8', 'berisi tentang cara melakukan Pewarnaan Bakteri Berspora', '2022-06-20 07:48:02', '2022-06-20 00:48:02'),
(648, '538/KMI/BIM/FUNC', 1, 'Swabbing Test Drain dan Lantai Report', 'B', '8', 'berisi tentang cara melakukan Swabbing Test Drain dan Lantai Report', '2022-06-20 07:48:27', '2022-06-20 00:48:27'),
(649, '539/KMI/BIM/FUNC', 1, 'Monitoring Alat', 'B', '8', 'berisi tentang cara melakukan Monitoring Alat', '2022-06-20 07:46:06', '2022-06-20 00:46:06'),
(650, '540/KMI/BIM/FUNC', 1, 'Pemeriksaan Mold & Yeast Plate Count', 'B', '8', 'berisi tentang cara melakukan Pemeriksaan Mold & Yeast Plate Count', '2022-06-20 07:51:36', '2022-06-20 00:51:36'),
(651, '541/KMI/BIM/FUNC', 1, 'Pembuatan Media Untuk Pemeriksaan Mikrobiology', 'B', '8', 'berisi tentang cara melakukan Pembuatan Media Untuk Pemeriksaan Mikrobiology', '2022-06-20 07:52:09', '2022-06-20 00:52:09'),
(652, '542/KMI/BIM/FUNC', 1, 'Inhibitory Test', 'B', '8', 'berisi tentang cara melakukan Inhibitory Test', '2022-06-20 07:53:01', '2022-06-20 00:53:01'),
(653, '543/KMI/BIM/FUNC', 1, 'Pemeriksaan Kontaminasi Ruangan', 'B', '8', 'berisi tentang cara melakukan Pemeriksaan Kontaminasi Ruangan', '2022-06-20 07:53:24', '2022-06-20 00:53:24'),
(654, '544/KMI/BIM/FUNC', 1, 'Pewarnaan Gram', 'B', '8', 'berisi tentang cara melakukan Pewarnaan Gram', '2022-06-20 07:54:10', '2022-06-20 00:54:10'),
(655, '545/KMI/BIM/FUNC', 1, 'Pemeriksaan Staphylococus aureus (sample Finish Product)', 'B', '8', 'berisi tentang cara melakukan Pemeriksaan Staphylococus aureus (sample Finish Product)', '2022-06-20 07:54:32', '2022-06-20 00:54:32'),
(656, '546/KMI/BIM/FUNC', 1, 'Pemeriksaan Salmonella', 'B', '8', 'berisi tentang cara melakukan Pemeriksaan Salmonella', '2022-06-20 07:54:51', '2022-06-20 00:54:51'),
(657, '547/KMI/BIM/FUNC', 1, 'Pemeriksaan Thermophilic spore', 'B', '8', 'berisi tentang cara melakukan Pemeriksaan Thermophilic spore', '2022-06-20 07:51:13', '2022-06-20 00:51:13'),
(658, '548/KMI/BIM/FUNC', 1, 'Pemeriksaan Salmonella Sampel Environmental', 'B', '8', 'berisi tentang cara melakukan Pemeriksaan Salmonella Sampel Environmental', '2022-06-20 07:56:48', '2022-06-20 00:56:48'),
(659, '549/KMI/BIM/FUNC', 1, 'Pemeriksaan Bacillus ceureus Raw Material', 'B', '8', 'berisi tentang cara melakukan Pemeriksaan Bacillus ceureus Raw Material', '2022-06-20 07:57:11', '2022-06-20 00:57:11'),
(660, '550/KMI/BIM/FUNC', 1, 'Cara Pembersihan Tumpahan Biakan', 'B', '8', 'berisi tentang cara melakukan Cara Pembersihan Tumpahan Biakan', '2022-06-20 07:57:34', '2022-06-20 00:57:34'),
(661, '551/KMI/BIM/FUNC', 1, 'Cara Penanganan Alat Gelas Yang Pecah', 'B', '8', 'berisi tentang cara melakukan Cara Penanganan Alat Gelas Yang Pecah', '2022-06-20 07:57:56', '2022-06-20 00:57:56'),
(662, '552/KMI/BIM/FUNC', 1, 'Cara Penanganan Pecahan Thermometer', 'B', '8', 'berisi tentang cara melakukan Cara Penanganan Pecahan Thermometer', '2022-06-20 07:56:24', '2022-06-20 00:56:24'),
(663, '553/KMI/BIM/FUNC', 1, 'Pemeriksaan Staphylococus aureus (Sample Non Finish Product)', 'B', '8', 'berisi tentang cara melakukan Pemeriksaan Staphylococus aureus (Sample Non Finish Product)', '2022-06-20 07:56:02', '2022-06-20 00:56:02');
INSERT INTO `curriculum` (`id_curriculum`, `no_training_module`, `id_skill_category`, `training_module`, `level`, `training_module_group`, `training_module_desc`, `created_at`, `updated_At`) VALUES
(664, '554/KMI/BIM/FUNC', 1, 'Pemeriksaan E. sakazakii menggunakan Instrumen PCR', 'B', '8', 'berisi tentang cara melakukan Pemeriksaan E. sakazakii menggunakan Instrumen PCR', '2022-06-20 07:59:40', '2022-06-20 00:59:40'),
(665, '555/KMI/BIM/FUNC', 1, 'Validasi Metode', 'B', '8', 'berisi tentang cara melakukan Validasi Metode', '2022-06-20 07:59:58', '2022-06-20 00:59:58'),
(666, '556/KMI/BIM/FUNC', 1, 'Pemeriksaan Peremajaan Bakteri', 'B', '8', 'berisi tentang cara melakukan Pemeriksaan Peremajaan Bakteri', '2022-06-20 08:00:18', '2022-06-20 01:00:18'),
(667, '557/KMI/BIM/FUNC', 1, 'Pemeriksaan Bacillus ceureus Finish Product', 'B', '8', 'berisi tentang cara melakukan Pemeriksaan Bacillus ceureus Finish Product', '2022-06-20 08:00:40', '2022-06-20 01:00:40'),
(668, '558/KMI/BIM/FUNC', 1, 'Identifikasi S. aureus Metode Staphaurex', 'B', '8', 'berisi tentang cara melakukan Identifikasi S. aureus Metode Staphaurex', '2022-06-20 08:01:06', '2022-06-20 01:01:06'),
(669, '559/KMI/BIM/FUNC', 1, 'Pemeriksaan Bacillus ceureus Swab Peralatan', 'B', '8', 'berisi tentang cara melakukan Pemeriksaan Bacillus ceureus Swab Peralatan', '2022-06-20 07:59:18', '2022-06-20 00:59:18'),
(670, '560/KMI/BIM/FUNC', 1, 'Pemeriksaan Antibiotik Finish Product', 'B', '8', 'berisi tentang cara melakukan Pemeriksaan Antibiotik Finish Product', '2022-06-20 08:03:33', '2022-06-20 01:03:33'),
(671, '561/KMI/BIM/FUNC', 1, 'Pemeriksaan Allergent Area Plant', 'B', '8', 'berisi tentang cara melakukan Pemeriksaan Allergent Area Plant', '2022-06-20 08:03:56', '2022-06-20 01:03:56'),
(672, '562/KMI/BIM/FUNC', 1, 'Pengujian Organoleptik Finish Product', 'B', '8', 'berisi tentang cara melakukan Pengujian Organoleptik Finish Product', '2022-06-20 08:02:05', '2022-06-20 01:02:05'),
(673, '563/KMI/BIM/FUNC', 1, 'Pengukuran pH', 'B', '8', 'berisi tentang cara melakukan Pengukuran pH', '2022-06-20 08:03:10', '2022-06-20 01:03:10'),
(674, '564/KMI/BIM/FUNC', 1, 'Pengujian Organoleptik Raw Material', 'B', '8', 'berisi tentang cara melakukan Pengujian Organoleptik Raw Material', '2022-06-20 08:04:35', '2022-06-20 01:04:35'),
(675, '565/KMI/BIM/FUNC', 1, 'Pengujian Organoleptik Pengenalan Rasa Dasar', 'B', '8', 'berisi tentang cara melakukan Pengujian Organoleptik Pengenalan Rasa Dasar', '2022-06-20 08:05:01', '2022-06-20 01:05:01'),
(676, '566/KMI/BIM/FUNC', 1, 'Pengujian Organoleptik Pengenalan Sifat Dasar', 'B', '8', 'berisi tentang cara melakukan Pengujian Organoleptik Pengenalan Sifat Dasar', '2022-06-20 08:02:48', '2022-06-20 01:02:48'),
(677, '567/KMI/BIM/FUNC', 1, 'Pembuatan dan Pembakuan Asam Klorida', 'B', '8', 'berisi tentang cara melakukan Pembuatan dan Pembakuan Asam Klorida', '2022-06-20 08:11:11', '2022-06-20 01:11:11'),
(678, '568/KMI/BIM/FUNC', 1, 'Pembuatan dan Pembakuan NaOH', 'B', '8', 'berisi tentang cara melakukan Pembuatan dan Pembakuan NaOH', '2022-06-20 08:12:32', '2022-06-20 01:12:32'),
(679, '569/KMI/BIM/FUNC', 1, 'Pembuatan Indikator', 'B', '8', 'berisi tentang cara melakukan Pembuatan Indikator', '2022-06-20 08:13:01', '2022-06-20 01:13:01'),
(680, '570/KMI/BIM/FUNC', 1, 'Analisa MIP CIP', 'B', '8', 'berisi tentang cara melakukan Analisa MIP CIP', '2022-06-20 08:12:06', '2022-06-20 01:12:06'),
(681, '571/KMI/BIM/FUNC', 1, 'Analisa AC 300', 'B', '8', 'berisi tentang cara melakukan Analisa AC 300', '2022-06-20 08:11:41', '2022-06-20 01:11:41'),
(682, '572/KMI/BIM/FUNC', 1, 'Pengujian Chlorine dengan Spektroquant', 'B', '8', 'berisi tentang cara melakukan Pengujian Chlorine dengan Spektroquant', '2022-06-20 08:06:40', '2022-06-20 01:06:40'),
(683, '573/KMI/BIM/FUNC', 1, 'Penentuan COD', 'B', '8', 'berisi tentang cara melakukan Penentuan COD', '2022-06-20 08:06:16', '2022-06-20 01:06:16'),
(684, '574/KMI/BIM/FUNC', 1, 'Penentuan Nitrogen Nitrit NO2-N', 'B', '8', 'berisi tentang cara melakukan Penentuan Nitrogen Nitrit NO2-N', '2022-06-20 08:13:49', '2022-06-20 01:13:49'),
(685, '575/KMI/BIM/FUNC', 1, 'Penentuan Nitrogen Nitrat NO3-N', 'B', '8', 'berisi tentang cara melakukan Penentuan Nitrogen Nitrat NO3-N', '2022-06-20 08:16:27', '2022-06-20 01:16:27'),
(686, '576/KMI/BIM/FUNC', 1, 'Penetapan MLSS (Mixed Liquor Suspended Solid)', 'B', '8', 'berisi tentang cara melakukan Penetapan MLSS (Mixed Liquor Suspended Solid)', '2022-06-20 08:16:51', '2022-06-20 01:16:51'),
(687, '577/KMI/BIM/FUNC', 1, 'Penentuan Amonium Nitrat', 'B', '8', 'berisi tentang cara melakukan Penentuan Amonium Nitrat', '2022-06-20 08:17:35', '2022-06-20 01:17:35'),
(688, '578/KMI/BIM/FUNC', 1, 'Penetapan Orthophosphat', 'B', '8', 'berisi tentang cara melakukan Penetapan Orthophosphat', '2022-06-20 08:18:09', '2022-06-20 01:18:09'),
(689, '579/KMI/BIM/FUNC', 1, 'Penentuan pH Air Limbah', 'B', '8', 'berisi tentang cara melakukan Penentuan pH Air Limbah', '2022-06-20 08:18:32', '2022-06-20 01:18:32'),
(690, '580/KMI/BIM/FUNC', 1, 'Penentuan Kadar Lactose Susu Bubuk dengan Metode UV F-Kit', 'B', '8', 'berisi tentang cara melakukan Penentuan Kadar Lactose Susu Bubuk dengan Metode UV F-Kit', '2022-06-20 08:19:21', '2022-06-20 01:19:21'),
(691, '581/KMI/BIM/FUNC', 1, 'Cara Mengoperasikan Oven Binder', 'B', '8', 'berisi tentang Cara Mengoperasikan Oven Binder', '2022-06-20 08:16:05', '2022-06-20 01:16:05'),
(692, '582/KMI/BIM/FUNC', 1, 'Cara Mengoperasikan Water Bath Memmert', 'B', '8', 'berisi tentang Cara Mengoperasikan Water Bath Memmert', '2022-06-20 08:20:41', '2022-06-20 01:20:41'),
(693, '583/KMI/BIM/FUNC', 1, 'Cara Mengoperasikan Laminar Air Flow', 'B', '8', 'berisi tentang Cara Mengoperasikan Laminar Air Flow', '2022-06-20 08:21:09', '2022-06-20 01:21:09'),
(694, '584/KMI/BIM/FUNC', 1, 'Cara Mengoperasikan Neraca Mettler', 'B', '8', 'berisi tentang Cara Mengoperasikan Neraca Mettler', '2022-06-20 08:22:54', '2022-06-20 01:22:54'),
(695, '585/KMI/BIM/FUNC', 1, 'Cara Mengoperasikan Inkubator Binder', 'B', '8', 'berisi tentang Cara Mengoperasikan Inkubator Binder', '2022-06-20 08:23:17', '2022-06-20 01:23:17'),
(696, '586/KMI/BIM/FUNC', 1, 'Cara Mengoperasikan Stirer', 'B', '8', 'berisi tentang Cara Mengoperasikan Stirer', '2022-06-20 08:23:40', '2022-06-20 01:23:40'),
(697, '587/KMI/BIM/FUNC', 1, 'Cara Mengoperasikan Colony Counter', 'B', '8', 'berisi tentang Cara Mengoperasikan Colony Counter', '2022-06-20 08:26:46', '2022-06-20 01:26:46'),
(698, '588/KMI/BIM/FUNC', 1, 'Cara Mengoperasikan Autoclave Hirayama', 'B', '8', 'berisi tentang Cara Mengoperasikan Autoclave Hirayama', '2022-06-20 08:27:15', '2022-06-20 01:27:15'),
(699, '589/KMI/BIM/FUNC', 1, 'Cara Mengoperasikan Neraca Analitik Mettler Toledo', 'B', '8', 'berisi tentang Cara Mengoperasikan Neraca Analitik Mettler Toledo', '2022-06-20 08:24:07', '2022-06-20 01:24:07'),
(700, '590/KMI/BIM/FUNC', 1, 'Air Sampler with MAS 100', 'B', '8', 'berisi tentang cara melakukan', '2022-06-20 08:22:22', '2022-06-20 01:22:22'),
(701, '591/KMI/BIM/FUNC', 1, 'Cara Mengoperasikan Mikroskop Optika', 'B', '8', 'berisi tentang Cara Mengoperasikan Mikroskop Optika', '2022-06-20 08:34:59', '2022-06-20 01:34:59'),
(702, '592/KMI/BIM/FUNC', 1, 'Cara Mengoperasikan Particle Counter', 'B', '8', 'berisi tentang Cara Mengoperasikan Particle Counter', '2022-06-20 08:34:33', '2022-06-20 01:34:33'),
(703, '593/KMI/BIM/FUNC', 1, 'Cara Mengoperasikan pH Meter', 'B', '8', 'berisi tentang Cara Mengoperasikan pH Meter', '2022-06-20 08:34:09', '2022-06-20 01:34:09'),
(704, '594/KMI/BIM/FUNC', 1, 'Cara Mengoperasikan Heating Block', 'B', '8', 'berisi tentang Cara Mengoperasikan Heating Block', '2022-06-20 08:33:38', '2022-06-20 01:33:38'),
(705, '595/KMI/BIM/FUNC', 1, 'Cara Mengoperasikan Instrumen PCR', 'B', '8', 'berisi tentang Cara Mengoperasikan Instrumen PCR', '2022-06-20 08:33:08', '2022-06-20 01:33:08'),
(706, '596/KMI/BIM/FUNC', 1, 'Cara Mengoperasikan 3M Clean Trace', 'B', '8', 'berisi tentang Cara Mengoperasikan 3M Clean Trace', '2022-06-20 08:32:43', '2022-06-20 01:32:43'),
(707, '597/KMI/BIM/FUNC', 1, 'Cara Mengoperasikan Waterbath Wishbath Shaker', 'B', '8', 'berisi tentang  Cara Mengoperasikan Waterbath Wishbath Shaker', '2022-06-20 08:32:17', '2022-06-20 01:32:17'),
(708, '598/KMI/BIM/FUNC', 1, 'Cara Mengoperasikan Lemari Es Non Freezer', 'B', '8', 'berisi tentang Cara Mengoperasikan Lemari Es Non Freezer', '2022-06-20 08:31:45', '2022-06-20 01:31:45'),
(709, '599/KMI/BIM/FUNC', 1, 'Cara Mengoperasikan Mesin Aquadest ELGA Micra', 'B', '8', 'berisi tentang Cara Mengoperasikan Mesin Aquadest ELGA Micra', '2022-06-20 08:30:59', '2022-06-20 01:30:59'),
(710, '600/KMI/BIM/FUNC', 1, 'Cara Mengoperasikan Automatic Colony Counter', 'B', '8', 'berisi tentang Cara Mengoperasikan Automatic Colony Counter', '2022-06-20 08:30:28', '2022-06-20 01:30:28'),
(711, '601/KMI/BIM/FUNC', 1, 'Cara Mengoperasikan Sterimax', 'B', '8', 'berisi tentang Cara Mengoperasikan Sterimax', '2022-06-20 08:30:03', '2022-06-20 01:30:03'),
(712, '602/KMI/BIM/FUNC', 1, 'Cara Mengoperasikan Strier V-90', 'B', '8', 'berisi tentang Cara Mengoperasikan Strier V-90', '2022-06-20 08:29:26', '2022-06-20 01:29:26'),
(713, '603/KMI/BIM/FUNC', 1, 'Cara Mengoperasikan Spectroquant Nova 60', 'B', '8', 'berisi tentang Cara Mengoperasikan Spectroquant Nova 60', '2022-06-20 08:28:33', '2022-06-20 01:28:33'),
(714, '604/KMI/BIM/FUNC', 1, 'Cara Mengoperasikan Spectroquant TR 320 (Thermoreactor)', 'B', '8', 'berisi tentang Cara Mengoperasikan Spectroquant TR 320 (Thermoreactor)', '2022-06-20 08:28:02', '2022-06-20 01:28:02'),
(715, '605/KMI/BIM/FUNC', 1, 'Cara Mengoperasikan Lemari Asam', 'B', '8', 'berisi tentang Cara Mengoperasikan Lemari Asam', '2022-06-20 08:26:11', '2022-06-20 01:26:11'),
(716, '606/KMI/BIM/FUNC', 1, 'Cara mengoperasikan Easypure D7031', 'B', '8', 'berisi tentang Cara mengoperasikan Easypure D7031', '2022-06-20 08:25:47', '2022-06-20 01:25:47'),
(717, '607/KMI/BIM/FUNC', 1, 'Cara mengoperasikan Ultrasonic Branson B5510E-DTH', 'B', '8', 'berisi tentang cara melakukan', '2022-06-20 08:25:17', '2022-06-20 01:25:17'),
(718, '608/KMI/BIM/FUNC', 1, 'Penggunaan Digimatic Caliper', 'B', '8', 'berisi tentang cara melakukan Penggunaan Digimatic Caliper', '2022-06-20 08:36:01', '2022-06-20 01:36:01'),
(719, '609/KMI/BIM/FUNC', 1, 'Penggunaan Digimatic Micrometer', 'B', '8', 'berisi tentang cara melakukan Penggunaan Digimatic Micrometer', '2022-06-20 08:36:32', '2022-06-20 01:36:32'),
(720, '610/KMI/BIM/FUNC', 1, 'Incoming Material', 'B', '8', 'berisi tentang cara melakukan Incoming Material', '2022-06-20 08:37:14', '2022-06-20 01:37:14'),
(721, '611/KMI/BIM/FUNC', 1, 'Sampling Incoming Material', 'B', '8', 'berisi tentang cara melakukan Sampling Incoming Material', '2022-06-20 08:37:43', '2022-06-20 01:37:43'),
(722, '612/KMI/BIM/FUNC', 1, 'Penyiapan Rework Material', 'B', '8', 'berisi tentang cara melakukan Penyiapan Rework Material', '2022-06-20 08:38:29', '2022-06-20 01:38:29'),
(723, '613/KMI/BIM/FUNC', 1, 'Pemeriksaan Box dan Layer', 'B', '8', 'berisi tentang cara melakukan Pemeriksaan Box dan Layer', '2022-06-20 08:38:56', '2022-06-20 01:38:56'),
(724, '614/KMI/BIM/FUNC', 1, 'Pemeriksaan Dus dan Kaft', 'B', '8', 'berisi tentang cara melakukan Pemeriksaan Dus dan Kaft', '2022-06-20 08:44:38', '2022-06-20 01:44:38'),
(725, '615/KMI/BIM/FUNC', 1, 'Pemeriksaan Kaleng dan Bottom End', 'B', '8', 'berisi tentang cara melakukan Pemeriksaan Kaleng dan Bottom End', '2022-06-20 08:46:29', '2022-06-20 01:46:29'),
(726, '616/KMI/BIM/FUNC', 1, 'Pemeriksaan Plackband', 'B', '8', 'berisi tentang cara melakukan Pemeriksaan Plackband', '2022-06-20 08:47:01', '2022-06-20 01:47:01'),
(727, '617/KMI/BIM/FUNC', 1, 'Pemeriksaan Polyroll', 'B', '8', 'berisi tentang cara melakukan Pemeriksaan Polyroll', '2022-06-20 08:47:27', '2022-06-20 01:47:27'),
(728, '618/KMI/BIM/FUNC', 1, 'Pemeriksaan Sendok', 'B', '8', 'berisi tentang cara melakukan Pemeriksaan Polyroll', '2022-06-20 08:48:02', '2022-06-20 01:48:02'),
(729, '619/KMI/BIM/FUNC', 1, 'Pemeriksaan Slip Lid', 'B', '8', 'berisi tentang cara melakukan Pemeriksaan Slip Lid', '2022-06-20 08:48:29', '2022-06-20 01:48:29'),
(730, '620/KMI/BIM/FUNC', 1, 'Pemeriksaan Sticker', 'B', '8', 'berisi tentang cara melakukan Pemeriksaan Sticker', '2022-06-20 08:45:56', '2022-06-20 01:45:56'),
(731, '621/KMI/BIM/FUNC', 1, 'Pemeriksaan Packaging Material - KPM1', 'B', '8', 'berisi tentang cara melakukan Pemeriksaan Packaging Material - KPM1', '2022-06-20 08:40:01', '2022-06-20 01:40:01'),
(732, '622/KMI/BIM/FUNC', 1, 'Pemeriksaan Kelayakan Transporter', 'B', '8', 'berisi tentang cara melakukan Pemeriksaan Kelayakan Transporter', '2022-06-20 08:40:34', '2022-06-20 01:40:34'),
(733, '623/KMI/BIM/FUNC', 1, 'Pemeriksaan Pest pada Material', 'B', '8', 'berisi tentang cara melakukan Pemeriksaan Pest pada Material', '2022-06-20 08:43:02', '2022-06-20 01:43:02'),
(734, '624/KMI/BIM/FUNC', 1, 'Proses Rework Finish Product', 'B', '8', 'berisi tentang cara melakukan Proses Rework Finish Product', '2022-06-20 08:51:14', '2022-06-20 01:51:14'),
(735, '625/KMI/BIM/FUNC', 1, 'Pengiriman Sampel Eksternal Finish Product (Morinaga)', 'B', '8', 'berisi tentang cara melakukan Pengiriman Sampel Eksternal Finish Product (Morinaga)', '2022-06-20 08:51:46', '2022-06-20 01:51:46'),
(736, '626/KMI/BIM/FUNC', 1, 'Pengiriman Sampel Eksternal Finish Product (SHP)', 'B', '8', 'berisi tentang cara melakukan Pengiriman Sampel Eksternal Finish Product (SHP)', '2022-06-20 08:54:30', '2022-06-20 01:54:30'),
(737, '627/KMI/BIM/FUNC', 1, 'Disposisi Finish Product KMI', 'B', '8', 'berisi tentang cara melakukan Disposisi Finish Product KMI', '2022-06-20 08:53:58', '2022-06-20 01:53:58'),
(738, '628/KMI/BIM/FUNC', 1, 'Disposisi Finish Product SHP', 'B', '8', 'berisi tentang cara melakukan Disposisi Finish Product SHP', '2022-06-20 08:53:39', '2022-06-20 01:53:39'),
(739, '629/KMI/BIM/FUNC', 1, 'Pembuatan CoA Finish Product KMI', 'B', '8', 'berisi tentang cara melakukan Pembuatan CoA Finish Product KMI', '2022-06-20 08:52:37', '2022-06-20 01:52:37'),
(740, '630/KMI/BIM/FUNC', 1, 'Stock Opname Gudang Laboratorium QA', 'B', '8', 'berisi tentang cara melakukan Stock Opname Gudang Laboratorium QA', '2022-06-20 08:52:05', '2022-06-20 01:52:05'),
(741, '631/KMI/CEP/FUNC', 1, 'Welding', 'I', '8', 'berisi tentang tata cara mengelas yang baik dan aman', '2022-06-21 03:49:31', '2022-06-20 20:49:31'),
(742, '632/KMI/CEP/FUNC', 1, 'Mesin Bubut', 'B', '8', 'berisi tentang tata cara membubut yang aman baik buat benda kerja maupun operator mesin bubut', '2022-06-21 03:50:16', '2022-06-20 20:50:16'),
(743, '633/KMI/CEP/FUNC', 1, 'Bearing', 'I', '8', 'berisi tentang jenis fungsi dan umur bearing', '2022-06-21 03:50:57', '2022-06-20 20:50:57'),
(744, '634/KMI/CEP/FUNC', 1, 'Clutch & Brake', 'I', '8', 'berisi tentang sistem kerja cluth break', NULL, NULL),
(745, '635/KMI/CEP/FUNC', 1, 'Bahan Teknik', 'A', '8', 'berisi tentang material teknik', '2022-06-21 03:51:48', '2022-06-20 20:51:48'),
(746, '636/KMI/CEP/FUNC', 1, 'Steam', 'I', '8', 'berisi tentang cara penanganan steam', '2022-06-21 03:52:25', '2022-06-20 20:52:25'),
(747, '637/KMI/CEP/FUNC', 1, 'Drilling & Milling Machine', 'I', '8', 'berisi tentang tata cara melakukan pengeboran dan miling', '2022-06-21 03:53:02', '2022-06-20 20:53:02'),
(748, '638/KMI/CEP/FUNC', 1, 'Balancing', 'A', '8', 'berisi tentang tata cara balncing dan lighment', '2022-06-21 03:54:57', '2022-06-20 20:54:57'),
(749, '639/KMI/CEP/FUNC', 1, 'Toleransi & Suaian', 'I', '8', 'berisi tentang batas toleransi dan suaian yang diijinkan', '2022-06-21 04:01:03', '2022-06-20 21:01:03'),
(750, '640/KMI/CEP/FUNC', 1, 'Poros & Alignment', 'I', '8', 'berisi tentang analisa poros dan cara ligment', '2022-06-21 04:01:36', '2022-06-20 21:01:36'),
(751, '641/KMI/CEP/FUNC', 1, 'Gear', 'I', '8', 'berisi tentang fungsi dan jenis -jenis gear', '2022-06-21 03:54:16', '2022-06-20 20:54:16'),
(752, '642/KMI/CEP/FUNC', 1, '\"Chain', ' Belt', '0', ' Pully\"', NULL, NULL),
(753, '643/KMI/CEP/FUNC', 1, 'Transformator ', 'I', '8', 'Transformator ', NULL, NULL),
(754, '644/KMI/CEP/FUNC', 1, 'Motor-motor listrik', 'I', '8', 'berisi tentang jenis jenis motor listrik dan bagian-bagiannya', '2022-06-21 04:15:12', '2022-06-20 21:15:12'),
(755, '645/KMI/CEP/FUNC', 1, 'Alat ukur Electric', 'I', '8', 'berisi tentang tata cara penggunaan alat ukur', '2022-06-21 04:17:16', '2022-06-20 21:17:16'),
(756, '646/KMI/CEP/FUNC', 1, 'Breaker & Sistem Proteksi', 'B', '8', 'Breaker & Sistem Proteksi', '2022-06-21 04:21:06', '2022-06-20 21:21:06'),
(757, '647/KMI/CEP/FUNC', 1, 'K3 Listrik', 'B', '8', 'berisi tentang keamanan listrik', '2022-06-21 04:22:10', '2022-06-20 21:22:10'),
(758, '648/KMI/CEP/FUNC', 1, 'Kalibrasi', 'I', '8', 'berisi tentang tata cara kalibrasi dan alat-alat yang harus dikalibrasi', '2022-06-21 04:25:19', '2022-06-20 21:25:19'),
(759, '649/KMI/CEP/FUNC', 1, 'pengenalan program PLC', 'I', '8', 'berisi tentang program program plc', '2022-06-21 04:26:18', '2022-06-20 21:26:18'),
(760, '650/KMI/CEP/FUNC', 1, 'Sensor sensor Listrik', 'B', '8', 'berisis tentang jenis dan fungsi sensor', '2022-06-21 04:27:26', '2022-06-20 21:27:26'),
(761, '651/KMI/CEP/FUNC', 1, 'Inverter', 'A', '8', 'berisi tentang tata cara setting inverter dan penggunaannya', '2022-06-21 04:28:17', '2022-06-20 21:28:17'),
(762, '652/KMI/CEP/FUNC', 1, 'PLC Siemens', 'A', '8', 'PLC Siemens', '2022-06-21 04:29:03', '2022-06-20 21:29:03'),
(763, '653/KMI/CEP/FUNC', 1, 'HMI & Wonderware', 'A', '8', 'HMI & Wonderware', '2022-06-21 04:29:27', '2022-06-20 21:29:27'),
(764, '654/KMI/CEP/FUNC', 1, 'Cara dan Prinsip kerja Boiler', 'B', '8', 'Cara dan Prinsip kerja Boiler', NULL, NULL),
(765, '655/KMI/CEP/FUNC', 1, 'Cara dan Prinsip kerja Genset', 'B', '8', 'Cara dan Prinsip kerja Genset', NULL, NULL),
(766, '656/KMI/CEP/FUNC', 1, 'Cara dan Prinsip kerja Compressor', 'B', '8', 'Cara dan Prinsip kerja Compressor', NULL, NULL),
(767, '657/KMI/CEP/FUNC', 1, 'Cara dan Prinsip kerja Chiller', 'B', '8', 'Cara dan Prinsip kerja Chiller', NULL, NULL),
(768, '658/KMI/CEP/FUNC', 1, 'Cara dan Prinsip kerja Ice Water', 'B', '8', 'Cara dan Prinsip kerja Ice Water', NULL, NULL),
(769, '659/KMI/CEP/FUNC', 1, 'Cara dan Prinsip kerja Pompa', 'B', '8', 'Cara dan Prinsip kerja Pompa', NULL, NULL),
(770, '660/KMI/CEP/FUNC', 1, 'Cara dan Prinsip kerja WTP', 'B', '8', 'Cara dan Prinsip kerja WTP', NULL, NULL),
(771, '661/KMI/CEP/FUNC', 1, 'Cara dan Prinsip kerja WWTP', 'B', '8', 'Cara dan Prinsip kerja WWTP', NULL, NULL),
(772, '662/KMI/CEP/FUNC', 1, 'Maintenance & troubleshooting AC Split & Standing', 'B', '8', 'Maintenance & troubleshooting AC Split & Standing', '2022-06-21 04:31:31', '2022-06-20 21:31:31'),
(773, '663/KMI/CEP/FUNC', 1, '\"Maintenance & Troubleshooting AHU', ' FCU', '0', ' FUE', NULL, NULL),
(774, '664/KMI/CEP/FUNC', 1, 'Fire Alarm System', 'I', '8', 'Fire Alarm System', '2022-06-21 04:32:24', '2022-06-20 21:32:24'),
(775, '665/KMI/CEP/FUNC', 1, 'PABX System', 'A', '8', 'PABX System', '2022-06-21 04:33:01', '2022-06-20 21:33:01'),
(776, '666/KMI/CEP/FUNC', 1, 'Serial Number Sparepart', 'B', '8', 'Serial Number Sparepart', '2022-06-21 04:33:58', '2022-06-20 21:33:58'),
(777, '667/KMI/CEP/FUNC', 1, 'Penerimaan Sparepart', 'B', '8', 'Penerimaan Sparepart', '2022-06-21 04:36:06', '2022-06-20 21:36:06'),
(778, '668/KMI/CEP/FUNC', 1, 'Lokasi Penyimpanan Sparepart', 'B', '8', 'Lokasi Penyimpanan Sparepart', '2022-06-21 04:36:31', '2022-06-20 21:36:31'),
(779, '669/KMI/CEP/FUNC', 1, 'Pengambilan Sparepart', 'B', '8', 'Pengambilan Sparepart', '2022-06-21 04:34:55', '2022-06-20 21:34:55'),
(780, '670/KMI/CEP/FUNC', 1, 'Pengecekan Density Solar', 'B', '8', 'Pengecekan Density Solar', '2022-06-21 04:35:45', '2022-06-20 21:35:45'),
(781, '671/KMI/CEP/FUNC', 1, 'Peminjaman Tools', 'B', '8', 'Peminjaman Tools', '2022-06-21 04:35:24', '2022-06-20 21:35:24'),
(782, '672/KMI/CEP/FUNC', 1, 'Issued Sparepart', 'B', '8', 'Issued Sparepart', '2022-06-21 04:34:17', '2022-06-20 21:34:17'),
(783, '673/KMI/CEP/FUNC', 1, 'Pembuatan BPB dan BBK', 'I', '8', 'Pembuatan BPB dan BBK', '2022-06-21 04:39:02', '2022-06-20 21:39:02'),
(784, '674/KMI/CEP/FUNC', 1, 'Pembuatan PR', 'I', '8', 'Pembuatan PR', '2022-06-21 04:39:19', '2022-06-20 21:39:19'),
(785, '675/KMI/CEP/FUNC', 1, 'Pemahaman Inventory dan sub inventory', 'I', '8', 'Pemahaman Inventory dan sub inventory', '2022-06-21 04:39:40', '2022-06-20 21:39:40'),
(786, '676/KMI/CEP/FUNC', 1, 'Pembacaan Katalog Produk', 'B', '8', 'Pembacaan Katalog Produk', '2022-06-21 04:38:08', '2022-06-20 21:38:08'),
(787, '677/KMI/CEP/FUNC', 1, 'Pembelian Sparepart', 'I', '8', 'Pembelian Sparepart', '2022-06-21 04:38:34', '2022-06-20 21:38:34'),
(788, '678/KMI/CEP/FUNC', 1, 'System ORACLE', 'I', '8', 'System ORACLE', '2022-06-21 04:37:42', '2022-06-20 21:37:42'),
(789, '679/KMI/CEP/FUNC', 1, 'TPM Introduction', 'B', '8', 'TPM Introduction', NULL, NULL),
(790, '680/KMI/CEP/FUNC', 1, 'OEE dan Konsep 8 Big Losses', 'I', '8', 'OEE dan Konsep 8 Big Losses', NULL, NULL),
(791, '681/KMI/CEP/FUNC', 1, 'AM Step 1-3', 'B', '8', 'AM Step 1-3', '2022-06-21 04:49:38', '2022-06-20 21:49:38'),
(792, '682/KMI/CEP/FUNC', 1, '8 Steps ()DELTA', 'B', '8', '8 Steps ()DELTA', '2022-06-21 04:50:00', '2022-06-20 21:50:00'),
(793, '683/KMI/CEP/FUNC', 1, 'Tightening', 'B', '8', 'Tightening', '2022-06-21 04:50:36', '2022-06-20 21:50:36'),
(794, '684/KMI/CEP/FUNC', 1, 'Lubrication Dasar', 'B', '8', 'Lubrication Dasar', '2022-06-21 04:51:24', '2022-06-20 21:51:24'),
(795, '685/KMI/CEP/FUNC', 1, 'AM Step 4-5', 'I', '8', 'AM Step 4-5', '2022-06-21 04:51:51', '2022-06-20 21:51:51'),
(796, '686/KMI/CEP/FUNC', 1, 'Pneumatic Dasar', 'B', '8', 'Pneumatic Dasar', '2022-06-21 04:52:15', '2022-06-20 21:52:15'),
(797, '687/KMI/CEP/FUNC', 1, 'Hydraulic Dasar', 'B', '8', 'Hydraulic Dasar', '2022-06-21 04:55:45', '2022-06-20 21:55:45'),
(798, '688/KMI/CEP/FUNC', 1, 'Drive Dasar', 'B', '8', 'Drive Dasar', '2022-06-21 04:53:55', '2022-06-20 21:53:55'),
(799, '689/KMI/CEP/FUNC', 1, 'Electric Dasar', 'B', '8', 'Electric Dasar', '2022-06-21 04:54:58', '2022-06-20 21:54:58'),
(800, '690/KMI/CEP/FUNC', 1, 'Basic Process condition', 'I', '8', 'Basic Process condition', '2022-06-21 04:59:30', '2022-06-20 21:59:30'),
(801, '691/KMI/CEP/FUNC', 1, 'AM Step 6-7', 'A', '8', 'AM Step 6-7', '2022-06-21 05:01:17', '2022-06-20 22:01:17'),
(802, '692/KMI/CEP/FUNC', 1, 'PDCA (A3 Report & PPS)', 'I', '8', 'PDCA (A3 Report & PPS)', '2022-06-21 05:02:10', '2022-06-20 22:02:10'),
(803, '693/KMI/CEP/FUNC', 1, '7 Tools & New Management Tools', 'I', '8', '7 Tools & New Management Tools', '2022-06-21 05:03:59', '2022-06-20 22:03:59'),
(804, '694/KMI/CEP/FUNC', 1, 'Why Why Analysis', 'I', '8', 'Why Why Analysis', '2022-06-21 05:06:20', '2022-06-20 22:06:20'),
(805, '695/KMI/CEP/FUNC', 1, 'PM Analysis', 'A', '8', 'PM Analysis', '2022-06-21 05:09:16', '2022-06-20 22:09:16'),
(806, '696/KMI/CEP/FUNC', 1, 'Kalibrasi Temperature', 'I', '8', 'Kalibrasi Temperature', '2022-06-21 05:10:51', '2022-06-20 22:10:51'),
(807, '697/KMI/CEP/FUNC', 1, 'Kalibrasi Pressure', 'I', '8', 'Kalibrasi Pressure', '2022-06-21 05:11:34', '2022-06-20 22:11:34'),
(808, '698/KMI/CEP/FUNC', 1, 'Kalibrasi Timbangan', 'I', '8', 'Kalibrasi Timbangan', '2022-06-21 05:11:59', '2022-06-20 22:11:59'),
(809, '699/KMI/CEP/FUNC', 1, 'PLC Omron', 'A', '8', 'PLC Omron', '2022-06-21 05:12:20', '2022-06-20 22:12:20'),
(810, '700/KMI/CEP/FUNC', 1, 'PLC Mitshubisi', 'A', '8', 'PLC Mitshubisi', '2022-06-21 05:12:45', '2022-06-20 22:12:45'),
(811, '701/KMI/CEP/FUNC', 1, 'PLC panasonic', 'A', '8', 'PLC panasonic', '2022-06-21 05:13:19', '2022-06-20 22:13:19'),
(812, '702/KMI/CEP/FUNC', 1, 'PLC LG', 'A', '8', 'PLC LG', '2022-06-21 05:13:40', '2022-06-20 22:13:40'),
(813, '703/KMI/CEP/FUNC', 1, 'Create Asset Oracle', 'I', '8', 'Create Asset Oracle', '2022-06-21 05:54:24', '2022-06-20 22:54:24'),
(814, '704/KMI/CEP/FUNC', 1, '\"Maintenance Activity', ' Rout', '0', '8', NULL, NULL),
(815, '705/KMI/CEP/FUNC', 1, 'Maintenance Workbench', 'I', '8', 'Maintenance Workbench', '2022-06-21 05:54:58', '2022-06-20 22:54:58'),
(816, '706/KMI/CEP/FUNC', 1, 'Asset Hierarchy', 'I', '8', 'Asset Hierarchy', '2022-06-21 05:55:48', '2022-06-20 22:55:48'),
(817, '707/KMI/CEP/FUNC', 1, 'Create WR', 'B', '8', 'Create WR', '2022-06-21 05:58:25', '2022-06-20 22:58:25'),
(818, '708/KMI/CEP/FUNC', 1, 'Create WO', 'I', '8', 'Create WO', '2022-06-21 05:58:52', '2022-06-20 22:58:52'),
(819, '709/KMI/CEP/FUNC', 1, 'Complete WO', 'I', '8', 'Complete WO', '2022-06-21 05:59:06', '2022-06-20 22:59:06'),
(820, '710/KMI/CEP/FUNC', 1, 'Closed WO', 'I', '8', 'Closed WO', '2022-06-21 05:57:57', '2022-06-20 22:57:57'),
(821, '711/KMI/CEP/FUNC', 1, 'Corrective Maintenance', 'A', '8', 'Corrective Maintenance', '2022-06-21 06:02:08', '2022-06-20 23:02:08'),
(822, '712/KMI/CEP/FUNC', 1, 'Maintenance Building', 'A', '8', 'Maintenance Building', NULL, NULL),
(823, '713/KMI/CEP/FUNC', 1, 'Penggantian Oli', 'A', '8', 'Penggantian Oli', '2022-06-21 06:03:02', '2022-06-20 23:03:02'),
(824, '714/KMI/CEP/FUNC', 1, 'Penggantian Belt', 'A', '8', 'Penggantian Belt', '2022-06-21 06:04:25', '2022-06-20 23:04:25'),
(825, '715/KMI/CEP/FUNC', 1, 'Penggantian Bearing', 'A', '8', 'Penggantian Bearing', '2022-06-21 06:06:21', '2022-06-20 23:06:21'),
(826, '716/KMI/CEP/FUNC', 1, 'Work Request', 'I', '8', 'Work Request', NULL, NULL),
(827, '717/KMI/CEP/FUNC', 1, 'Work Order', 'I', '8', 'Work Order', NULL, NULL),
(828, '718/KMI/CEP/FUNC', 1, 'Validasi Pengecekan Bearing', 'A', '8', 'Validasi Pengecekan Bearing', '2022-06-21 06:08:05', '2022-06-20 23:08:05'),
(829, '719/KMI/CEP/FUNC', 1, 'Fuel Oil System', 'A', '8', 'Fuel Oil System', '2022-06-21 06:09:36', '2022-06-20 23:09:36'),
(830, '720/KMI/CEP/FUNC', 1, 'Pemeriksaan / Pengujian Fire Alarm System', 'A', '8', 'Pemeriksaan / Pengujian Fire Alarm System', '2022-06-21 06:10:29', '2022-06-20 23:10:29'),
(831, '721/KMI/CEP/FUNC', 1, 'Penggantian Filter Udara', 'A', '8', 'Penggantian Filter Udara', '2022-06-21 06:12:37', '2022-06-20 23:12:37'),
(832, '722/KMI/CEP/FUNC', 1, 'Penggantian Filter Air Shower', 'A', '8', 'Penggantian Filter Air Shower', '2022-06-21 06:11:39', '2022-06-20 23:11:39'),
(833, '723/KMI/CEP/FUNC', 1, 'Pengambilan Spare Part', 'A', '8', 'Pengambilan Spare Part', '2022-06-21 06:13:25', '2022-06-20 23:13:25'),
(834, '724/KMI/CEP/FUNC', 1, 'Penerimaan Spare Part', 'A', '8', 'Penerimaan Spare Part', '2022-06-21 06:13:57', '2022-06-20 23:13:57'),
(835, '725/KMI/CEP/FUNC', 1, 'Pembelian  Spare Part', 'A', '8', 'Pembelian  Spare Part', '2022-06-21 06:14:23', '2022-06-20 23:14:23'),
(836, '726/KMI/CEP/FUNC', 1, 'Pengecekan Density dan Grounding Solar', 'A', '8', 'Pengecekan Density dan Grounding Solar', NULL, NULL),
(837, '727/KMI/CEP/FUNC', 1, 'Peminjaman Tools', 'A', '8', 'Peminjaman Tools', '2022-06-21 06:19:10', '2022-06-20 23:19:10'),
(838, '728/KMI/CEP/FUNC', 1, 'Serial Number Spare Part', 'A', '8', 'Serial Number Spare Part', NULL, NULL),
(839, '729/KMI/CEP/FUNC', 1, 'Kalibrasi Conductivity Meter', 'A', '8', 'Kalibrasi Conductivity Meter', '2022-06-21 06:19:56', '2022-06-20 23:19:56'),
(840, '730/KMI/CEP/FUNC', 1, 'Work Request', 'I', '8', 'Work Request', NULL, NULL),
(841, '731/KMI/CEP/FUNC', 1, 'Penanganan Back Up PLC', 'A', '8', 'Penanganan Back Up PLC', '2022-06-21 06:20:44', '2022-06-20 23:20:44'),
(842, '732/KMI/CEP/FUNC', 1, 'Pemeriksaan Intensitas Pencahayaan', 'A', '8', 'Pemeriksaan Intensitas Pencahayaan', '2022-06-21 06:21:06', '2022-06-20 23:21:06'),
(843, '733/KMI/SAU/FUNC', 1, 'Flow Process Boiler', 'B', '8', 'training flow proses boiler', '2022-06-21 06:51:14', '2022-06-20 23:51:14'),
(844, '734/KMI/SAU/FUNC', 1, '\"Line proses & diagram struktur mesin Softener', ' HWT', '0', ' Steam Header', NULL, NULL),
(845, '735/KMI/SAU/FUNC', 1, 'Standar Cleaning  & Inspeksi Boiler', 'B', '8', 'Pembuatan list  untuk cleaning dan inspeksi boiler', '2022-06-21 06:54:01', '2022-06-20 23:54:01'),
(846, '736/KMI/SAU/FUNC', 1, 'Safety di area Boiler', 'B', '8', 'Safety di area Boiler', '2022-06-21 06:54:41', '2022-06-20 23:54:41'),
(847, '737/KMI/SAU/FUNC', 1, 'Administration and Check sheet Boiler', 'B', '8', 'Administration and Check sheet Boiler', '2022-06-21 06:55:10', '2022-06-20 23:55:10'),
(848, '738/KMI/SAU/FUNC', 1, 'Maintenance Boiler', 'I', '8', 'Maintenance Boiler', '2022-06-21 06:55:44', '2022-06-20 23:55:44'),
(849, '739/KMI/SAU/FUNC', 1, 'Troubleshooting Boiler', 'A', '8', 'Troubleshooting Boiler', '2022-06-21 06:56:16', '2022-06-20 23:56:16'),
(850, '740/KMI/SAU/FUNC', 1, 'Flow Process Air Compressor', 'B', '8', 'Flow Process Air Compressor', '2022-06-21 06:57:45', '2022-06-20 23:57:45'),
(851, '741/KMI/SAU/FUNC', 1, '\"Line proses & diagram struktur mesin Air Compressor', ' Air', '0', ' Tangki Reservoir.\"', NULL, NULL),
(852, '742/KMI/SAU/FUNC', 1, 'Standar Cleaning  & Inspeksi Air Compressor', 'B', '8', 'Standar Cleaning  & Inspeksi Air Compressor', '2022-06-21 06:58:24', '2022-06-20 23:58:24'),
(853, '743/KMI/SAU/FUNC', 1, 'Safety di area Boiler', 'B', '8', 'Safety di area Boiler', '2022-06-21 06:59:06', '2022-06-20 23:59:06'),
(854, '744/KMI/SAU/FUNC', 1, 'Administration and Check sheet Air Compressor', 'B', '8', 'Administration and Check sheet Air Compressor', '2022-06-21 06:59:34', '2022-06-20 23:59:34'),
(855, '745/KMI/SAU/FUNC', 1, 'Maintenance Air Compressor', 'I', '8', 'Maintenance Air Compressor', '2022-06-21 07:00:53', '2022-06-21 00:00:53'),
(856, '746/KMI/SAU/FUNC', 1, 'Troubleshooting Air Compressor', 'A', '8', 'Troubleshooting Air Compressor', '2022-06-21 07:01:45', '2022-06-21 00:01:45'),
(857, '747/KMI/SAU/FUNC', 1, 'Flow Process Chiller', 'B', '8', 'Flow Process Chiller', '2022-06-21 07:02:20', '2022-06-21 00:02:20'),
(858, '748/KMI/SAU/FUNC', 1, '\"Line proses & diagram struktur mesin Chiller', ' Cool', '0', 'B', NULL, NULL),
(859, '749/KMI/SAU/FUNC', 1, 'Standar Cleaning  & Inspeksi Chiller', 'B', '8', 'Standar Cleaning  & Inspeksi Chiller', '2022-06-21 07:02:47', '2022-06-21 00:02:47'),
(860, '750/KMI/SAU/FUNC', 1, 'Safety di area Chiller', 'B', '8', 'Safety di area Chiller', '2022-06-21 07:03:27', '2022-06-21 00:03:27'),
(861, '751/KMI/SAU/FUNC', 1, 'Administration and Check sheet Chiller', 'B', '8', 'Administration and Check sheet Chiller', '2022-06-21 07:04:05', '2022-06-21 00:04:05'),
(862, '752/KMI/SAU/FUNC', 1, 'Maintenance Chiller', 'I', '8', 'Maintenance Chiller', '2022-06-21 07:04:46', '2022-06-21 00:04:46'),
(863, '753/KMI/SAU/FUNC', 1, 'Troubleshooting Chiller', 'A', '8', 'Troubleshooting Chiller', '2022-06-21 07:05:25', '2022-06-21 00:05:25'),
(864, '754/KMI/SAU/FUNC', 1, 'Flow Process Ice Water', 'B', '8', 'Flow Process Ice Water', '2022-06-21 07:06:01', '2022-06-21 00:06:01'),
(865, '755/KMI/SAU/FUNC', 1, '\"Line proses & diagram struktur mesin Compressor Ice water', ' Cond', '0', 'B', NULL, NULL),
(866, '756/KMI/SAU/FUNC', 1, 'Standar Cleaning  & Inspeksi  Ice Water', 'B', '8', 'Standar Cleaning  & Inspeksi  Ice Water', '2022-06-21 07:06:29', '2022-06-21 00:06:29'),
(867, '757/KMI/SAU/FUNC', 1, 'Safety di area Ice Water', 'B', '8', 'Safety di area Ice Water', '2022-06-21 07:06:56', '2022-06-21 00:06:56'),
(868, '758/KMI/SAU/FUNC', 1, 'Administration and Check sheet Ice Water', 'B', '8', 'Administration and Check sheet Ice Water', '2022-06-21 07:07:28', '2022-06-21 00:07:28'),
(869, '759/KMI/SAU/FUNC', 1, 'Maintenance Ice Water', 'I', '8', 'Maintenance Ice Water', '2022-06-21 07:08:24', '2022-06-21 00:08:24'),
(870, '760/KMI/SAU/FUNC', 1, 'Troubleshooting Ice Water', 'A', '8', 'Troubleshooting Ice Water', '2022-06-21 07:07:59', '2022-06-21 00:07:59'),
(871, '761/KMI/SAU/FUNC', 1, 'Flow Process Genset', 'B', '8', 'Flow Process Genset', '2022-06-21 07:10:41', '2022-06-21 00:10:41'),
(872, '762/KMI/SAU/FUNC', 1, 'Line proses & diagram struktur mesin genset', 'B', '8', 'Line proses & diagram struktur mesin genset', '2022-06-21 07:13:01', '2022-06-21 00:13:01'),
(873, '763/KMI/SAU/FUNC', 1, 'Standar Cleaning  & Inspeksi Genset', 'B', '8', 'Standar Cleaning  & Inspeksi Genset', '2022-06-21 07:12:33', '2022-06-21 00:12:33'),
(874, '764/KMI/SAU/FUNC', 1, 'Safety di area Genset', 'B', '8', 'Safety di area Genset', '2022-06-21 07:13:26', '2022-06-21 00:13:26'),
(875, '765/KMI/SAU/FUNC', 1, 'Administration and Check sheet Genset', 'B', '8', 'Administration and Check sheet Genset', '2022-06-21 07:12:07', '2022-06-21 00:12:07'),
(876, '766/KMI/SAU/FUNC', 1, 'Maintenance Genset', 'I', '8', 'Maintenance Genset', '2022-06-21 07:11:32', '2022-06-21 00:11:32'),
(877, '767/KMI/SAU/FUNC', 1, 'Troubleshooting Genset', 'A', '8', 'Troubleshooting Genset', '2022-06-21 07:14:20', '2022-06-21 00:14:20'),
(878, '768/KMI/SAU/FUNC', 1, 'Flow Process Pompa PW', 'B', '8', 'Flow Process Pompa PW', '2022-06-21 07:18:59', '2022-06-21 00:18:59'),
(879, '769/KMI/SAU/FUNC', 1, 'Line proses & diagram struktur Pompa PW', 'B', '8', 'Line proses & diagram struktur Pompa PW', '2022-06-21 07:21:18', '2022-06-21 00:21:18'),
(880, '770/KMI/SAU/FUNC', 1, 'Standar Cleaning  & Inspeksi Pompa PW', 'B', '8', 'Standar Cleaning  & Inspeksi Pompa PW', '2022-06-21 07:21:41', '2022-06-21 00:21:41'),
(881, '771/KMI/SAU/FUNC', 1, 'Safety di area Pompa PW', 'B', '8', 'Safety di area Pompa PW', '2022-06-21 07:22:03', '2022-06-21 00:22:03'),
(882, '772/KMI/SAU/FUNC', 1, 'Administration and Check sheet Pompa PW', 'B', '8', 'Administration and Check sheet Pompa PW', '2022-06-21 07:22:27', '2022-06-21 00:22:27'),
(883, '773/KMI/SAU/FUNC', 1, 'Maintenance Pompa PW', 'I', '8', 'Maintenance Pompa PW', '2022-06-21 07:19:30', '2022-06-21 00:19:30'),
(884, '774/KMI/SAU/FUNC', 1, 'Troubleshooting Pompa PW', 'A', '8', 'Troubleshooting Pompa PW', '2022-06-21 07:19:59', '2022-06-21 00:19:59'),
(885, '775/KMI/SAU/FUNC', 1, 'Flow Process WTP', 'B', '8', 'Flow Process WTP', '2022-06-21 07:20:26', '2022-06-21 00:20:26'),
(886, '776/KMI/SAU/FUNC', 1, 'Line proses & diagram struktur WTP', 'B', '8', 'Line proses & diagram struktur WTP', '2022-06-21 07:20:47', '2022-06-21 00:20:47'),
(887, '777/KMI/SAU/FUNC', 1, 'Standar Cleaning  & Inspeksi WTP', 'B', '8', 'Standar Cleaning  & Inspeksi WTP', '2022-06-21 07:23:06', '2022-06-21 00:23:06'),
(888, '778/KMI/SAU/FUNC', 1, 'Safety di area WTP', 'B', '8', 'Safety di area WTP', '2022-06-21 07:23:30', '2022-06-21 00:23:30'),
(889, '779/KMI/SAU/FUNC', 1, 'Administration and Check sheet WTP', 'B', '8', 'Administration and Check sheet WTP', '2022-06-21 07:24:28', '2022-06-21 00:24:28'),
(890, '780/KMI/SAU/FUNC', 1, 'Maintenance WTP', 'I', '8', 'Maintenance WTP', '2022-06-21 07:25:06', '2022-06-21 00:25:06'),
(891, '781/KMI/SAU/FUNC', 1, 'Troubleshooting WTP', 'A', '8', 'Troubleshooting WTP', '2022-06-21 07:25:37', '2022-06-21 00:25:37'),
(892, '782/KMI/SAU/FUNC', 1, 'Flow Process WWTP', 'B', '8', 'Flow Process WWTP', '2022-06-21 07:26:46', '2022-06-21 00:26:46'),
(893, '783/KMI/SAU/FUNC', 1, 'Line proses & diagram struktur WWTP', 'B', '8', 'Line proses & diagram struktur WWTP', '2022-06-21 07:27:12', '2022-06-21 00:27:12'),
(894, '784/KMI/SAU/FUNC', 1, 'Standar Cleaning  & Inspeksi WWTP', 'B', '8', 'Standar Cleaning  & Inspeksi WWTP', '2022-06-21 07:27:35', '2022-06-21 00:27:35'),
(895, '785/KMI/SAU/FUNC', 1, 'Safety di area WWTP', 'B', '8', 'Safety di area WWTP', '2022-06-21 07:28:00', '2022-06-21 00:28:00'),
(896, '786/KMI/SAU/FUNC', 1, 'Administration and Check sheet WWTP', 'B', '8', 'Administration and Check sheet WWTP', '2022-06-21 07:28:26', '2022-06-21 00:28:26'),
(897, '787/KMI/SAU/FUNC', 1, 'Maintenance WWTP', 'I', '8', 'Maintenance WWTP', '2022-06-21 07:29:10', '2022-06-21 00:29:10'),
(898, '788/KMI/SAU/FUNC', 1, 'Troubleshooting WWTP', 'A', '8', 'Troubleshooting WWTP', '2022-06-21 07:29:31', '2022-06-21 00:29:31'),
(899, '789/KMI/SAU/FUNC', 1, 'TPM Introduction', 'B', '8', 'TPM Introduction', '2022-06-21 07:29:56', '2022-06-21 00:29:56'),
(900, '790/KMI/SAU/FUNC', 1, 'OEE dan Konsep 8 Big Losses', 'I', '8', 'OEE dan Konsep 8 Big Losses', '2022-06-21 07:30:47', '2022-06-21 00:30:47'),
(901, '791/KMI/SAU/FUNC', 1, 'AM Step 1-3', 'B', '8', 'AM Step 1-3', '2022-06-21 07:31:10', '2022-06-21 00:31:10'),
(902, '792/KMI/SAU/FUNC', 1, '8 Steps ()DELTA', 'B', '8', '8 Steps ()DELTA', '2022-06-21 07:31:38', '2022-06-21 00:31:38'),
(903, '793/KMI/SAU/FUNC', 1, 'Tightening', 'B', '8', 'Tightening', '2022-06-21 07:32:14', '2022-06-21 00:32:14'),
(904, '794/KMI/SAU/FUNC', 1, 'Lubrication Dasar', 'B', '8', 'Lubrication Dasar', '2022-06-21 07:32:41', '2022-06-21 00:32:41'),
(905, '795/KMI/SAU/FUNC', 1, 'AM Step 4-5', 'I', '8', 'AM Step 4-5', '2022-06-21 07:33:39', '2022-06-21 00:33:39'),
(906, '796/KMI/SAU/FUNC', 1, 'Pneumatic Dasar', 'B', '8', 'Pneumatic Dasar', '2022-06-21 07:34:11', '2022-06-21 00:34:11'),
(907, '797/KMI/SAU/FUNC', 1, 'Hydraulic Dasar', 'B', '8', 'Hydraulic Dasar', '2022-06-21 07:34:37', '2022-06-21 00:34:37'),
(908, '798/KMI/SAU/FUNC', 1, 'Drive Dasar', 'B', '8', 'Drive Dasar', '2022-06-21 07:35:20', '2022-06-21 00:35:20'),
(909, '799/KMI/SAU/FUNC', 1, 'Electric Dasar', 'I', '8', 'Electric Dasar', '2022-06-21 07:35:44', '2022-06-21 00:35:44'),
(910, '800/KMI/SAU/FUNC', 1, 'Basic Process condition', 'I', '8', 'Basic Process condition', '2022-06-21 07:38:54', '2022-06-21 00:38:54'),
(911, '801/KMI/SAU/FUNC', 1, 'AM Step 6-7', 'A', '8', 'AM Step 6-7', '2022-06-21 07:39:24', '2022-06-21 00:39:24'),
(912, '802/KMI/SAU/FUNC', 1, 'PDCA (A3 Report & PPS)', 'I', '8', 'PDCA (A3 Report & PPS)', '2022-06-21 07:39:50', '2022-06-21 00:39:50'),
(913, '803/KMI/SAU/FUNC', 1, '7 Tools & New Management Tools', 'I', '8', '7 Tools & New Management Tools', '2022-06-21 07:37:34', '2022-06-21 00:37:34'),
(914, '804/KMI/SAU/FUNC', 1, 'Why Why Analysis', 'I', '8', 'Why Why Analysis', '2022-06-21 07:37:59', '2022-06-21 00:37:59'),
(915, '805/KMI/SAU/FUNC', 1, 'PM Analysis', 'A', '8', 'PM Analysis', '2022-06-21 07:38:29', '2022-06-21 00:38:29'),
(916, '806/KMI/SAU/FUNC', 1, 'Pencemaran Udara (PPU)', 'B', '8', 'KMIela', '2022-06-21 07:36:49', '2022-06-21 00:36:49'),
(917, '807/KMI/SAU/FUNC', 1, 'Basic electruical', 'B', '8', 'KMIela', '2022-06-21 07:36:21', '2022-06-21 00:36:21'),
(918, '808/KMI/FG/FUNC', 1, 'Penerimaan dan Penyimpanan FG', 'B', '8', '\"Berisi tentang cara : -Penerimaan FG dari Robotic -Penyimpanan FG ke Rak -Transact Move Order (New Methode 2019) -Subinventory Tarnsfer FG Karantina(New Methode 2019)\"', '2022-06-21 07:52:58', '2022-06-21 00:52:58'),
(919, '809/KMI/FG/FUNC', 1, 'Pengiriman FG', 'A', '8', '\"Berisi tentang cara : -Membaca Memo Pengiriman -Sales Order -Pembuatan Picking (New methode 2019) -Subinventory Transfer -Pengambilan FG dari rak -Surat Jalan -Pengiriman FG ke SHP (New Methode 2019)\"', '2022-06-21 07:53:16', '2022-06-21 00:53:16'),
(920, '810/KMI/FG/FUNC', 1, 'Penanganan FG Reject', 'I', '8', 'Berisi tentang cara menangani : Reject karena Handling WH -Reject karena Out of Spect -Cara membuat Move Order', '2022-06-21 07:57:31', '2022-06-21 00:57:31'),
(921, '811/KMI/FG/FUNC', 1, 'Pengoperasian Pallet Mover', 'B', '8', '\"Berisi tentang cara : -Melakukan pengecekan sebelum digunakan -Mengoperasikan unit dengan baik. -Hal yang harus diperhatikan setelah pengoperasian.\"', '2022-06-21 07:58:36', '2022-06-21 00:58:36'),
(922, '812/KMI/FG/FUNC', 1, 'Pengoperasian Counter Balance', 'B', '8', 'Berisi tentang cara : -Melakukan pengecekan sebelum digunakan -Mengoperasikan unit dengan baik. -Hal yang harus diperhatikan setelah pengoperasian.', '2022-06-21 07:58:53', '2022-06-21 00:58:53'),
(923, '813/KMI/FG/FUNC', 1, 'Pengoperasian Reach Truck', 'I', '8', '\"Berisi tentang cara : -Melakukan pengecekan sebelum digunakan -Mengoperasikan unit dengan baik. -Hal yang harus diperhatikan setelah pengoperasian.\"', '2022-06-21 07:59:09', '2022-06-21 00:59:09'),
(924, '814/KMI/FG/FUNC', 1, 'Pengoperasian Robotic Palletizer', 'A', '8', '\"Berisi tentang cara : -Melakukan pengecekan dan cleaning Robotic -Mengoperasikan Robotic dengan baik. -Trouble Shooting Robotic Palletizer.\"', '2022-06-21 07:59:27', '2022-06-21 00:59:27'),
(925, '815/KMI/FG/FUNC', 1, 'Roles and Function of the Warehouse', 'A', '8', '\"Mengetahui tentang -Fungsi Gudang -Macam macam gudang -Jenis Biaya di Pergudangan -Tantangan Pergudangan\"', '2022-06-21 07:58:16', '2022-06-21 00:58:16'),
(926, '816/KMI/FG/FUNC', 1, 'Menangani FG Rusak', 'I', '8', '\"Berisi tentang cara : -Melakukan penanganan FG rusak di FG\"', '2022-06-21 07:57:58', '2022-06-21 00:57:58'),
(927, '817/KMI/FG/FUNC', 1, 'Stock Opname', 'A', '8', '\"Berisi tentang cara : -Melakukan persiapan SO -Melakukan SO -Melakukan Pelaporan SO\"', '2022-06-21 07:56:57', '2022-06-21 00:56:57'),
(928, '818/KMI/FG/GEN', 2, 'Sistem Jaminan Halal New', 'B', '4', '\"Berisi penjelasan mengenai kebijakan Management terkait dengan sistem SJH yang diterapkan di perusahaan', '2022-06-21 07:55:45', '2022-06-21 00:55:45'),
(929, '819/KMI/FG/GEN', 2, 'Good Storage Distribution Practice Training', 'B', '4', '\"-Regulation / Requirements related to storage and distribution & Digitalization -Common GAP & Best Practice in Storage -Deviation / Audit Finding Handling in Warehouse\"', '2022-06-21 07:56:34', '2022-06-21 00:56:34'),
(930, '820/KMI/FG/GEN', 2, 'ISO 45001', 'I', '4', '\"Berisi penjelasan mengenai kebijakan Management terkait dengan ISO 45001 yang diterapkan di perusahaan', '2022-06-21 07:56:05', '2022-06-21 00:56:05'),
(931, '821/KMI/FG/GEN', 2, 'Bekerja Di Ketinggian', 'B', '4', 'Berisi penjelasan mengenai Hal yang harus diperhatikan saat bekerja di ketinggian', '2022-06-21 07:55:19', '2022-06-21 00:55:19'),
(932, '822/KMI/FG/GEN', 2, 'Safety Ridding', 'B', '4', 'Berkendara yang baik dan benar sesuai UU agar selamat', '2022-06-21 07:54:53', '2022-06-21 00:54:53'),
(933, '823/KMI/PM/FUNC', 1, 'Mengoperasikan Hand Palet', 'B', '8', 'Materi yang berisi cara mengoperasikan Hand Palet yang baik dan benar.', NULL, NULL),
(934, '824/KMI/PM/FUNC', 1, 'Mengoperasikan Palet Mover', 'B', '8', 'Materi yang berisi cara mengoperasikan Palet Mover yang baik dan benar.', NULL, NULL),
(935, '825/KMI/PM/FUNC', 1, 'Mengoperasikan Counter Balance', 'I', '8', 'Materi yang berisi cara mengoperasikan Counter Balance yang baik dan benar.', NULL, NULL),
(936, '826/KMI/PM/FUNC', 1, 'Mengoperasikan Gasoline', 'I', '8', 'Materi yang berisi cara mengoperasikan Gasoline yang baik dan benar.', NULL, NULL),
(937, '827/KMI/PM/FUNC', 1, 'Mengoperasikan Reach Truck', 'A', '8', 'Materi yang berisi cara mengoperasikan Reach Truck yang baik dan benar.', NULL, NULL),
(938, '828/KMI/PM/FUNC', 1, 'Charge Battery Alat Handling', 'B', '8', 'Materi yang berisi cara Charge Battery Alat Handling yang baik dan benar.', NULL, NULL),
(939, '829/KMI/PM/FUNC', 1, 'Ganti Battery Alat Handling', 'B', '8', 'Materi yang berisi cara Ganti Battery Alat Handling yang baik dan benar.', NULL, NULL),
(940, '830/KMI/PM/FUNC', 1, 'Penerimaan Packaging Material', 'B', '8', '\"Materi yang berisi cara proses  1.Pengecekan Surat Jalan dengan Schedule  2.Pembuatan / Pengisian Form  Penerimaan Barang 3.Proses Unloading 4.Pengecekan Item Material ', NULL, NULL),
(941, '831/KMI/PM/FUNC', 1, 'Penempatan Material  Packaging Material', 'B', '8', '\"Materi yang berisi cara / proses   1.Penempatan Material PM (Kedatangan ) 2.Pengisian  Form Penempatan / Pengambilan Material PM\"', NULL, NULL),
(942, '832/KMI/PM/FUNC', 1, 'Penyiapan Material OKP ', 'B', '8', 'Materi yang berisi cara proses  1.Menerima OKP dan Picking slip dari PPIC 2.Update picking  slip 3.Pengambilan material pm. 4.Penempatan material ke KSP 5.Penempatan Material OKP di area KSP 6.Pengisian form pengiriman material packaging 7.Pengecekan warna label & merobek potongan label 8.Menghitung material . 9.Transak picking slip 10.Serah terima OKP', NULL, NULL),
(943, '833/KMI/PM/FUNC', 1, 'Pengembalian Packaging Material', 'B', '8', '\"Materi yang berisi cara proses   1.Menerima Move Order Slip dari Prd ( Return)', NULL, NULL),
(944, '834/KMI/PM/FUNC', 1, 'Permintaan Tambahan Packaging Material', 'B', '8', '\"Materi yang berisi cara proses   1.Menerima Form Permintaan Material  2.Pengisian alamat material pada Form Perrmintaan  3.Membuat Move Order 4.Pengambilan material. 5.Penyimpanan Material sisa pengambilan. 6.Menyerahkan Material & Serah terima Move Order Slip . \"', NULL, NULL),
(945, '835/KMI/PM/FUNC', 1, 'Permintaan Packaging Material Principal atau SHP', 'B', '8', '\"Materi yang berisi cara proses   1.Menerima  Memo Pengambilan dari SHP ( Via Email ) 2.Print Memo Pengambilan 3.Pengisian Alamat Material 4.Pengambilan Material 5.Loading Material. 6.Menyerahkan Memo Pengambilan ke admin. 7.Pembuatan Bukti Barang Keluar. 8.Menyerahkan Form Bukti Barang Keluar.  \"', NULL, NULL),
(946, '836/KMI/PM/FUNC', 1, 'Subinventory Transfer PM', 'I', '8', 'Materi yang berisi cara subinventory transfer material PM.', NULL, NULL),
(947, '837/KMI/PM/FUNC', 1, 'Update dan Transack Transfer Slip', 'I', '8', 'Materi yang berisi cara transak Pick Slip OKP.', NULL, NULL),
(948, '838/KMI/PM/FUNC', 1, 'Pembuatan Count Sheet Stock Opname PM', 'A', '8', 'Materi yang berisi cara Stock Opname PM.', NULL, NULL),
(949, '839/KMI/PM/FUNC', 1, 'Cycle Count PM', 'A', '8', 'Materi yang berisi cara Cycle Count PM.', NULL, NULL),
(950, '840/KMI/PM/FUNC', 1, 'Report Stock Akhir', 'A', '8', 'Materi yang berisi cara membuat Laporan Stock Akhir Bulan.', NULL, NULL),
(951, '841/KMI/PM/FUNC', 1, 'Pembuatan Report Mekor Weekly', 'A', '8', 'Materi yang berisi cara membuat Laporan Meeting Koordinasi.', NULL, NULL),
(952, '842/KMI/PM/FUNC', 1, 'Infut Productivity', 'I', '8', 'Materi yang berisi cara infut productivity PM', NULL, NULL),
(953, '843/KMI/PM/FUNC', 1, 'Pemusnahan / Pengembalian Material Reject', 'I', '8', 'Materi yang berisi cara Pemusnahan / Pengembalian Material Reject.', NULL, NULL),
(954, '844/KMI/PM/FUNC', 1, 'Pengoperasian Polysher', 'B', '8', 'Materi yang berisi cara mengoperasikan Polysher yang baik dan benar.', NULL, NULL),
(955, '845/KMI/PM/FUNC', 1, 'Pembersihan Area PM', 'B', '8', 'Materi yang berisi cara mengoperasikan Polysher yang baik dan benar.', NULL, NULL),
(956, '846/KMI/PM/GEN', 2, 'Sistem Jaminan Halal New', 'B', '4', '\"Berisi penjelasan mengenai kebijakan Management terkait dengan sistem SJH yang diterapkan di perusahaan', NULL, NULL),
(957, '847/KMI/PM/GEN', 2, 'Good Storage Distribution Practice Training', 'B', '4', '\"-Regulation / Requirements related to storage and distribution & Digitalization -Common GAP & Best Practice in Storage -Deviation / Audit Finding Handling in Warehouse\"', NULL, NULL),
(958, '848/KMI/PM/GEN', 2, 'Pengelolaan Limbah B3', 'B', '4', '\"Berisi tentang Peraturan terkait limbah B3 ', NULL, NULL),
(959, '849/KMI/PM/GEN', 2, 'Bekerja Aman Diketinggian 2021', 'B', '4', 'Berisi tentang safety bekerja di ketinggian', NULL, NULL),
(960, '850/KMI/PM/GEN', 2, 'Pelatihan Safety Riding', 'B', '4', '\"Berisi tentang cara mengendarai kendara yang baik ', NULL, NULL),
(961, '851/KMI/RM-MAJ/FUNC', 1, 'Penerimaan RM', 'B', '8', '\"Berisi tentang cara : -Penerimaan RM dari Principal -Pengecekan material -reciving material ke sysytem oracle\"', NULL, NULL),
(962, '852/KMI/RM-MAJ/FUNC', 1, 'Penyimpanan RM', 'B', '8', '\"Berisi tentang cara : -pengecekan material -penyimpanan RM -Penulisan form penempatan alamat -Subinventory Transfer \"', NULL, NULL),
(963, '853/KMI/RM-MAJ/FUNC', 1, 'Penyiapan RM Major', 'B', '8', '\"Berisi tentang cara menangani : -Pengecekan OKP dan pickingslip -abdate pickingslip -pengambilan material -Baching material -serah terima dan label identitas\"', NULL, NULL),
(964, '854/KMI/RM-MAJ/FUNC', 1, 'Penimbangan RM Major Inggredient', 'B', '8', '\"Berisi tentang cara : -Formula pengecekan OKP -Penghitungan kebutuhan penimbangan -Menimbang dan pengoperasian timbangan. -Cleaning area setelah penimbangan\"', NULL, NULL),
(965, '855/KMI/RM-MAJ/FUNC', 1, 'Penyiapan Dumping dray bland line E', 'B', '8', '\"Berisi tentang cara : -Administrasi penimbangan sampai proses penimbangan -baching material utuh dan receh. -.proses labeling dan cleaning area\"', NULL, NULL),
(966, '856/KMI/RM-MAJ/FUNC', 1, 'Serah terima', 'B', '8', '\"Berisi tentang cara : -Melakukan pengecekan sebelum digunakan -Mengoperasikan unit dengan baik. -Hal yang harus diperhatikan setelah pengoperasian.\"', NULL, NULL),
(967, '857/KMI/RM-MAJ/FUNC', 1, 'Penerimaan Material Rework', 'B', '8', '\"Berisi tentang cara : -Melakukan pengecekan dan cleaning Robotic -Mengoperasikan Robotic dengan baik. -Trouble Shooting Robotic Palletizer.\"', NULL, NULL),
(968, '858/KMI/RM-MAJ/FUNC', 1, 'Penyimpanan Material Rework', 'B', '8', '\"Berisi tentang cara : -Pengecekan material sebelum pengiriman (OKP', NULL, NULL),
(969, '859/KMI/RM-MAJ/FUNC', 1, 'Penyiapan Material Rework', 'B', '8', '\"Berisi tentang cara : -Menerima Notice dan picking -Menyiapkan rework sesuai matrix. -transack picking dan membuat label.\"', NULL, NULL),
(970, '860/KMI/RM-MAJ/FUNC', 1, 'Penerimaan Material Reject Susu', 'B', '8', '\"Berisi tentang cara : -Menerima move order atau dokument -Pengecekan dan penyimpanan. -Transack move order.\"', NULL, NULL),
(971, '861/KMI/RM-MAJ/FUNC', 1, 'Pengembalian Material ( Return )', 'B', '8', '\"Berisi tentang cara : -Pengecekan move order dan fisik material. -.Penyimpanan material -Transack move order.\"', NULL, NULL),
(972, '862/KMI/RM-MAJ/FUNC', 1, 'Penerimaan dan penanggulangan material reject', 'B', '8', '\"Berisi tentang cara : -Menerima material hold atau ED -Pemusnahan material. -Dokumen yang disertakan dan membuatnya.\"', NULL, NULL),
(973, '863/KMI/RM-MAJ/FUNC', 1, 'Pengoperasian Pallet Mover', 'B', '8', '\"Berisi tentang cara : -Melakukan pengecekan sebelum digunakan -Mengoperasikan unit dengan baik. -Hal yang harus diperhatikan setelah pengoperasian.\"', NULL, NULL),
(974, '864/KMI/RM-MAJ/FUNC', 1, 'Pengoperasian Counter Balance', 'B', '8', '\"Berisi tentang cara : -Melakukan pengecekan sebelum digunakan -Mengoperasikan unit dengan baik. -Hal yang harus diperhatikan setelah pengoperasian.\"', NULL, NULL),
(975, '865/KMI/RM-MAJ/FUNC', 1, 'Pengoperasian Reach Truck', 'B', '8', '\"Berisi tentang cara : -Melakukan pengecekan sebelum digunakan -Mengoperasikan unit dengan baik. -Hal yang harus diperhatikan setelah pengoperasian.\"', NULL, NULL),
(976, '866/KMI/RM-MAJ/FUNC', 1, 'Mengoperasikan Gasoline', 'B', '8', '\"Berisi tentang cara : -Melakukan pengecekan sebelum digunakan -Mengoperasikan unit dengan baik. -Hal yang harus diperhatikan setelah pengoperasian.\"', NULL, NULL);
INSERT INTO `curriculum` (`id_curriculum`, `no_training_module`, `id_skill_category`, `training_module`, `level`, `training_module_group`, `training_module_desc`, `created_at`, `updated_At`) VALUES
(977, '867/KMI/RM-MAJ/FUNC', 1, 'Pembuatan Bukti Penerimaan Barang', 'A', '8', 'Materi yang berisi cara -membuat Bukti Penerimaan Barang. -cara reciving material', NULL, NULL),
(978, '868/KMI/RM-MAJ/FUNC', 1, 'Pembuatan Bukti Barang Keluar', 'A', '8', 'Materi yang berisi cara membuat Bukti Barang Keluar.', NULL, NULL),
(979, '869/KMI/RM-MAJ/FUNC', 1, 'Subinventory Transfer', 'I', '8', 'Materi yang berisi cara subinventory transfer material.', NULL, NULL),
(980, '870/KMI/RM-MAJ/FUNC', 1, 'Update dan Transack Transfer Slip', 'I', '8', 'Materi yang berisi cara Update dan  transak Pick Slip OKP.', NULL, NULL),
(981, '871/KMI/RM-MAJ/FUNC', 1, 'Pembuatan Count Sheet Stock Opname ', 'A', '8', 'Materi yang berisi cara Stock Opname PM.', NULL, NULL),
(982, '872/KMI/RM-MAJ/FUNC', 1, 'Cycle Count ', 'A', '8', 'Materi yang berisi cara Cycle Count RM.', NULL, NULL),
(983, '873/KMI/RM-MAJ/FUNC', 1, 'Report Stock Akhir', 'A', '8', 'Materi yang berisi cara membuat Laporan Stock Akhir Bulan.', NULL, NULL),
(984, '874/KMI/RM-MAJ/FUNC', 1, 'Pembuatan Report Mekor Weekly', 'A', '8', 'Materi yang berisi cara membuat Laporan Meeting Koordinasi.', NULL, NULL),
(985, '875/KMI/RM-MAJ/FUNC', 1, 'Input Productivity', 'I', '8', 'Materi yang berisi cara infut productivity PM', NULL, NULL),
(986, '876/KMI/RM-MAJ/FUNC', 1, 'Pengoperasian Polysher', 'B', '8', 'Materi yang berisi cara mengoperasikan Polysher yang baik dan benar.', NULL, NULL),
(987, '877/KMI/RM-MAJ/FUNC', 1, 'Pengoperasian DWMS Penerimaan RM', 'A', '8', 'Materi yang berisi cara pengoperasian DWMS Penerimaan RM', NULL, NULL),
(988, '878/KMI/RM-MAJ/FUNC', 1, 'Good Storage Distribution Practice Training', 'B', '8', '\"-Regulation / Requirements related to storage and distribution & Digitalization -Common GAP & Best Practice in Storage -Deviation / Audit Finding Handling in Warehouse\"', NULL, NULL),
(989, '879/KMI/RM-MIN/FUNC', 1, 'Mengoperasikan Hand Palet', 'B', '8', 'Materi yang berisi cara mengoperasikan Hand Palet yang baik dan benar.', NULL, NULL),
(990, '880/KMI/RM-MIN/FUNC', 1, 'Mengoperasikan Palet Mover', 'B', '8', 'Materi yang berisi cara mengoperasikan Palet Mover yang baik dan benar.', NULL, NULL),
(991, '881/KMI/RM-MIN/FUNC', 1, 'Mengoperasikan Counter Balance', 'I', '8', 'Materi yang berisi cara mengoperasikan Counter Balance yang baik dan benar.', NULL, NULL),
(992, '882/KMI/RM-MIN/FUNC', 1, 'Mengoperasikan Reach Truck Nissan', 'I', '8', 'Materi yang berisi cara mengoperasikan Reach Truck Nissan yang baik dan benar.', NULL, NULL),
(993, '883/KMI/RM-MIN/FUNC', 1, 'Charge Battery Alat Handling', 'B', '8', 'Materi yang berisi cara Charge battry yang baik dan benar.', NULL, NULL),
(994, '884/KMI/RM-MIN/FUNC', 1, 'Ganti Battery Alat Handling', 'B', '8', 'Materi yang berisi cara Ganti Battry yang baik dan benar.', NULL, NULL),
(995, '885/KMI/RM-MIN/FUNC', 1, 'PENYIAPAN DISPENSING MIXING DAN BLENDING', 'I', '8', '\"Materi yang berisi proses 1. print label bartender 2. Pembuatan pengambilan material 3. Pengambilan material Minor ke alamat 4. bagging material Minor 5. proses penimbangan 6. Batching material 7. pengiriman material ke produksi\"', NULL, NULL),
(996, '886/KMI/RM-MIN/FUNC', 1, 'PENYIAPAN DUMPING DRY BLEND', 'I', '8', '\"Materi yang berisi proses 1. print label bartender 2. Pembuatan pengambilan material 3. Pengambilan material Minor dan Base ke alamat 4. bagging material Minor dan Base 5. proses penimbangan 6. Batching material Minor dan base 7. pengiriman material ke produksi \"', NULL, NULL),
(997, '887/KMI/RM-MIN/FUNC', 1, 'PENYIAPAN RM-MINOR SACHET E', 'I', '8', '\"Materi yang berisi proses 1. print label bartender 2. Pembuatan pengambilan material 3. Pengambilan material Minor ke alamat 4. bagging material Minor 5. proses penimbangan 6. Batching material 7. pengiriman material ke produksi\"', NULL, NULL),
(998, '888/KMI/RM-MIN/FUNC', 1, '\"pembuatan label identitas blending', ' mixi', '0', 'A', NULL, NULL),
(999, '889/KMI/RM-MIN/FUNC', 1, '\"pembuatan serah terima blending', ' dry', '0', '8', NULL, NULL),
(1000, '890/KMI/RM-MIN/FUNC', 1, '\"update produktivity blending', ' mixi', '0', 'I', NULL, NULL),
(1001, '891/KMI/RM-MIN/FUNC', 1, 'cycle count rm minor', 'I', '8', 'berisi penjelasan mengenai cara melakukan cycle count atau pengecekan material secara parcial dengan benar', NULL, NULL),
(1002, '892/KMI/RM-MIN/FUNC', 1, 'Subinventory Transfer', 'B', '8', 'berisi penjelasan mengenai cara melakukan subinventory transfer dengan benar', NULL, NULL),
(1003, '893/KMI/RM-MIN/FUNC', 1, 'Update dan Transack Picking slip', 'I', '8', 'berisi penjelasan mengenai cara melakukan update picking slip dengan benar', NULL, NULL),
(1004, '894/KMI/RM-MIN/FUNC', 1, 'Pembuatan Report Mekor Weekly', 'A', '8', 'berisi penjelasan mengenai cara membuat report mekor dengan benar', NULL, NULL),
(1005, '895/KMI/RM-MIN/FUNC', 1, 'pembuatan report Usage', 'I', '8', 'berisi penjelasan mengenai cara membuat report usage dengan benar', NULL, NULL),
(1006, '896/KMI/RM-MIN/FUNC', 1, 'Stock Opname RM-Minor', 'A', '8', 'berisi penjelasan mengenai cara melakukan stok opname dengan benar', NULL, NULL),
(1007, '897/KMI/RM-MIN/FUNC', 1, 'Report Stock Akhir', 'I', '8', 'berisi penjelasan mengenai cara membuat report stok akhir dengan benar', NULL, NULL),
(1008, '898/KMI/RM-MIN/FUNC', 1, 'Filing Dokumen RM-Minor', 'I', '8', 'berisi penjelasan mengenai cara melakukan file dokumen OKP dengan benar', NULL, NULL),
(1009, '899/KMI/RM-MIN/FUNC', 1, 'Pengoperasian Polysher', 'B', '8', 'berisi penjelasan mengenai cara mengoperasikan poliser dengan benar', NULL, NULL),
(1010, '900/KMI/RM-MIN/FUNC', 1, 'Pembersihan Area Dispensing', 'B', '8', 'berisi penjelasan mengenai cara membesihkan area dispensing dengan benar', NULL, NULL),
(1011, '901/KMI/RM-MIN/FUNC', 1, 'pencucian peralatan', 'B', '8', 'berisi penjelasan mengenai cara membesihkan peralatan kerja di dispensing dengan benar', NULL, NULL),
(1012, '902/KMI/RM-MIN/GEN', 2, 'Sistem Jaminan Halal New', 'B', '4', '\"Berisi penjelasan mengenai kebijakan Management terkait dengan sistem SJH yang diterapkan di perusahaan', NULL, NULL),
(1013, '903/KMI/RM-MIN/GEN', 2, 'Good Storage Distribution Practice Training', 'B', '4', '\"-Regulation / Requirements related to storage and distribution & Digitalization -Common GAP & Best Practice in Storage -Deviation / Audit Finding Handling in Warehouse\"', NULL, NULL),
(1014, '904/KMI/SHI/FUNC', 1, 'Prosedur Pembelian', 'I', '8', '\"Berisi penjelasan mengenai flow proses pembelian secara umum yang berlaku di perusahaan', NULL, NULL),
(1015, '905/KMI/SHI/FUNC', 1, 'Purchase Requisition', 'I', '8', '\"Berisi penjelasan mengenai flow proses pembuatan purchase requistion di Oracle', NULL, NULL),
(1016, '906/KMI/SHI/FUNC', 1, 'Purchase Order', 'I', '8', '\"Berisi penjelasan mengenai flow proses pembuatan purchase order di Oracle', NULL, NULL),
(1017, '907/KMI/SHI/FUNC', 1, 'Sourching Supplier', 'B', '8', '\"Berisi penjelasan mengenai proses/metode pencarian supplier baru. \"', NULL, NULL),
(1018, '908/KMI/SHI/FUNC', 1, 'Seleksi Supplier', 'I', '8', 'Berisi penjelasan mengenai proses/metode pemilihan supplier agar sesuai dengan kebutuhan purchasing.', NULL, NULL),
(1019, '909/KMI/SHI/FUNC', 1, 'Prosedur Penerimaan barang', 'I', '8', '\"Berisi penjelasan mengenai prosedur penerimaan barang', NULL, NULL),
(1020, '910/KMI/SHI/FUNC', 1, 'Return pembelian', 'B', '8', '\"Berisi penjelasan mengenai prosedur penngembalian barang', NULL, NULL),
(1021, '911/KMI/SHI/FUNC', 1, 'Prosedur pengeluaran barang', 'I', '8', '\"Berisi penjelasan mengenai proses prosedur pengeluaran barang', NULL, NULL),
(1022, '912/KMI/SHI/FUNC', 1, 'Prosedur pembelian Cash', 'I', '8', '\"Berisi penjelasan mengenai proses prosedur pengeluaran barang', NULL, NULL),
(1023, '913/KMI/SHI/FUNC', 1, 'Evaluasi supplier', 'I', '8', '\"Berisi penjelasan cara melakukan evaluasi supplier mulai dari pengumpulan data', NULL, NULL),
(1024, '914/KMI/SHI/FUNC', 1, 'Inventory Organization', 'B', '8', '\"Berisi penjelasan mengenai konsep gudang di dalam oracle \"', NULL, NULL),
(1025, '915/KMI/SHI/FUNC', 1, 'Jenis Pembelian', 'B', '8', '\"Berisi penjelasan mengenai jenis-jenis atau kategori dalam pembelian. \"', NULL, NULL),
(1026, '916/KMI/SHI/FUNC', 1, 'Pengenalan item code Oracle', 'B', '8', '\"Berisi penjelasan mengenai jenis jenis item code yang terdapat di oracle \"', NULL, NULL),
(1027, '917/KMI/SHI/FUNC', 1, 'Prosedur pembelian Asset', 'I', '8', '\"Berisi penjelasan mengenai prosedur pembelian asset', NULL, NULL),
(1028, '918/KMI/SHI/FUNC', 1, 'Product Knowledge (Spare part ENG- Inventory KSP)', 'B', '8', '\"Berisi penjelasan mengenai produk-produk yg termasuk ke dalam kategori Spare part ENG-Inventory KSP. \"', NULL, NULL),
(1029, '919/KMI/SHI/FUNC', 1, 'Product Knowledge (Consumable ENG- Inventory KCE)', 'B', '8', '\"Berisi penjelasan mengenai produk-produk yg termasuk ke dalam kategori Consumable ENG-Inventory KCE. \"', NULL, NULL),
(1030, '920/KMI/SHI/FUNC', 1, 'Product Knowledge (Fuel&Gas ENG- Inventory KFG)', 'B', '8', '\"Berisi penjelasan mengenai produk-produk yg termasuk ke dalam kategori Fule&gas ENG-Inventory KFG. \"', NULL, NULL),
(1031, '921/KMI/SHI/FUNC', 1, 'Product Knowledge (Consumable PRD - Inventory KCP)', 'B', '8', '\"Berisi penjelasan mengenai produk-produk yg termasuk ke dalam kategori consumble PRD-Inventory KCP. \"', NULL, NULL),
(1032, '922/KMI/SHI/FUNC', 1, 'Product Knowledge (Consumable QA - Inventory KCQ)', 'B', '8', '\"Berisi penjelasan mengenai produk-produk yg termasuk ke dalam kategori consumble QA-Inventory KCQ. \"', NULL, NULL),
(1033, '923/KMI/SHI/FUNC', 1, 'Product Knowledge (Consumable HR - Inventory KCH)', 'B', '8', '\"Berisi penjelasan mengenai produk-produk yg termasuk ke dalam kategori consumble HR-Inventory KCH. \"', NULL, NULL),
(1034, '924/KMI/SHI/FUNC', 1, 'Product Knowledge (Stationary HR - Inventory KCS)', 'B', '8', '\"Berisi penjelasan mengenai produk-produk yg termasuk ke dalam kategori stationari HR-Inventory KCS \"', NULL, NULL),
(1035, '925/KMI/SHI/FUNC', 1, 'Negotiation Skill', 'I', '8', '\"Berisi penjelasan mengenai konsep dan cara melakukan negosiasi dengan supplier. \"', NULL, NULL),
(1036, '926/KMI/SHI/FUNC', 1, 'Supplier Stafisfaction Index', 'I', '8', '\"Berisi penjelasan mengenai konsep cara melakukan survey kepuasan supplier terhadap sistem pembelian di perusahaan. \"', NULL, NULL),
(1037, '927/KMI/SHI/FUNC', 1, 'Prosedur Export-Import', 'B', '8', '\"Berisi penjelasan mengenai prosedur melakukan export-import. \"', NULL, NULL),
(1038, '928/KMI/SHI/FUNC', 1, 'Purchasing report', 'I', '8', '\"Berisi penjelasan mengenai cara mengolah data pembelian ke dalam report purchasing. \"', NULL, NULL),
(1039, '929/KMI/SHI/FUNC', 1, 'Filing Document Pembelian', 'A', '8', '\"Berisi penjelasan mengenai prosedur dalam melakukan filing doc di area purchasing. \"', NULL, NULL),
(1040, '930/KMI/SHI/FUNC', 1, 'Prosedur pembayaran', 'B', '8', 'Berisi penjelasan mengenai prosedur pembayaran yang berlaku di finance.', NULL, NULL),
(1041, '931/KMI/SHI/FUNC', 1, 'Monitoring Purchase Order', 'A', '8', '\"Berisi penjelasan mengenai proses dalam melakukan monitoring status PO dan follow up yang diperlukan. \"', NULL, NULL),
(1042, '932/KMI/SHI/FUNC', 1, 'Database Supplier', 'A', '8', '\"Berisi penjelasan mengenai proses vefikasi supplier baru dan cara input create new supplier di oracle.  \"', NULL, NULL),
(1043, '933/KMI/SHI/FUNC', 1, 'Organizational Design', 'B', '8', 'Berisi penjelasan mengenai Desain Organisasi', NULL, NULL),
(1044, '934/KMI/SHI/FUNC', 1, 'Job analysis', 'I', '8', 'Berisi penjelasan mengenai analisa pekerjaan per jabatan', NULL, NULL),
(1045, '935/KMI/SHI/FUNC', 1, 'Job evaluation', 'I', '8', 'Berisi penjelasan mengenai evalausi pekerjaan', NULL, NULL),
(1046, '936/KMI/SHI/FUNC', 1, 'Employee Satisfaction Index', 'B', '8', 'Berisi mengenai cara melakukan survey untuk kepuasan karyawan terhadap perusahaan', NULL, NULL),
(1047, '937/KMI/SHI/FUNC', 1, 'Customer Satisfaction Index', 'B', '8', 'Berisi mengenai cara melakukan survey untuk kepuasan karyawan terhadap departemen', NULL, NULL),
(1048, '938/KMI/SHI/FUNC', 1, 'Proses Seleksi Karyawan Non Tetap', 'B', '8', 'Berisi penjelasan mengenai proses seleksi karyawan non-tetap', NULL, NULL),
(1049, '939/KMI/SHI/FUNC', 1, 'Basic Interviewing Skill', 'B', '8', 'Berisi penjelasan mengenai Basic Interviewing Skill', NULL, NULL),
(1050, '940/KMI/SHI/FUNC', 1, 'Input Data Karyawan ke HRIS (Pro Int)', 'B', '8', 'Berisi penjelasan mengenai Input Data Karyawan ke HRIS (Pro Int)', NULL, NULL),
(1051, '941/KMI/SHI/FUNC', 1, 'Perpanjangan Kontrak Karyawan', 'B', '8', 'Berisi penjelasan mengenai Perpanjangan Kontrak Karyawan', NULL, NULL),
(1052, '942/KMI/SHI/FUNC', 1, 'Input Data Perpanjangan Kontrak Kary ke HRIS (Pro Int)', 'B', '8', 'Berisi penjelasan mengenai Input Data Perpanjangan Kontrak Kary ke HRIS (Pro Int)', NULL, NULL),
(1053, '943/KMI/SHI/FUNC', 1, 'Prosedur Karyawan Habis Kontrak', 'B', '8', 'Berisi penjelasan mengenai Prosedur Karyawan Habis Kontrak', NULL, NULL),
(1054, '944/KMI/SHI/FUNC', 1, 'Proses Seleksi Karyawan Tetap', 'B', '8', 'Berisi penjelasan mengenai Proses Seleksi Karyawan Tetap', NULL, NULL),
(1055, '945/KMI/SHI/FUNC', 1, 'Prosedur Penerimaan Karyawan Magang/PKL', 'B', '8', 'Berisi penjelasan mengenai Prosedur Penerimaan Karyawan Magang/PKL', NULL, NULL),
(1056, '946/KMI/SHI/FUNC', 1, 'Targeted Selection Interview (Competency Based Interview )', 'I', '8', 'Berisi penjelasan mengenai Targeted Selection Interview (Competency Based Interview )', NULL, NULL),
(1057, '947/KMI/SHI/FUNC', 1, 'HRIS (Pro Int) Modul Recruitment ', 'I', '8', 'Berisi penjelasan mengenai HRIS (Pro Int) Modul Recruitment ', NULL, NULL),
(1058, '948/KMI/SHI/FUNC', 1, 'Recruitment Report', 'I', '8', 'Berisi penjelasan mengenai Recruitment Report', NULL, NULL),
(1059, '949/KMI/SHI/FUNC', 1, 'Prosedur Evaluasi Masa Percobaan/Pelatihan', 'I', '8', 'Berisi penjelasan mengenai Prosedur Evaluasi Masa Percobaan/Pelatihan', NULL, NULL),
(1060, '950/KMI/SHI/FUNC', 1, 'Corporate Culture', 'I', '8', 'Berisi penjelasan mengenai Corporate Culture', NULL, NULL),
(1061, '951/KMI/SHI/FUNC', 1, 'Man Power Planning', 'A', '8', 'Berisi penjelasan mengenai Man Power Planning', NULL, NULL),
(1062, '952/KMI/SHI/FUNC', 1, 'Penawaran Gaji', 'A', '8', 'Berisi penjelasan mengenai Penawaran Gaji', NULL, NULL),
(1063, '953/KMI/SHI/FUNC', 1, 'Prosedur pengajuan training', 'B', '8', 'Berisi penjelasan mengenai Prosedur pengajuan training', NULL, NULL),
(1064, '954/KMI/SHI/FUNC', 1, 'Membuka & menutup training', 'B', '8', 'Berisi penjelasan mengenai Membuka & menutup training', NULL, NULL),
(1065, '955/KMI/SHI/FUNC', 1, 'Organize training', 'B', '8', 'Berisi penjelasan mengenai Organize training', NULL, NULL),
(1066, '956/KMI/SHI/FUNC', 1, 'Training for New Employee (NEOP)', 'B', '8', 'Berisi penjelasan mengenai Training for New Employee (NEOP)', NULL, NULL),
(1067, '957/KMI/SHI/FUNC', 1, 'HRIS (Pro Int) Modul Training', 'I', '8', 'Berisi penjelasan mengenai HRIS (Pro Int) Modul Training', NULL, NULL),
(1068, '958/KMI/SHI/FUNC', 1, 'Kemampuan sebagai  trainer (TFT)', 'I', '8', 'Berisi penjelasan mengenai Kemampuan sebagai  trainer (TFT)', NULL, NULL),
(1069, '959/KMI/SHI/FUNC', 1, 'Training Evaluation', 'I', '8', 'Berisi penjelasan mengenai Training Evaluation', NULL, NULL),
(1070, '960/KMI/SHI/FUNC', 1, 'Membuat Skill Matriks', 'I', '8', 'Berisi penjelasan mengenai Membuat Skill Matriks', NULL, NULL),
(1071, '961/KMI/SHI/FUNC', 1, 'Training Report', 'I', '8', 'Berisi penjelasan mengenai Training Report', NULL, NULL),
(1072, '962/KMI/SHI/FUNC', 1, 'Analisa Kebutuhan Pelatihan', 'A', '8', 'Berisi penjelasan mengenai Analisa Kebutuhan Pelatihan', NULL, NULL),
(1073, '963/KMI/SHI/FUNC', 1, 'Follow up Training Effectiveness', 'A', '8', 'Berisi penjelasan mengenai Follow up Training Effectiveness', NULL, NULL),
(1074, '964/KMI/SHI/FUNC', 1, 'Membuat Training Matrix (Competency vs Trn )  ', 'A', '8', 'Berisi penjelasan mengenai Membuat Training Matrix (Competency vs Trn )  ', NULL, NULL),
(1075, '965/KMI/SHI/FUNC', 1, 'Prosedur Mutasi Internal', 'B', '8', 'Berisi penjelasan mengenai Prosedur Mutasi Internal', NULL, NULL),
(1076, '966/KMI/SHI/FUNC', 1, 'Survey 3 Sun Credo', 'B', '8', 'Berisi penjelasan mengenai Survey 3 Sun Credo', NULL, NULL),
(1077, '967/KMI/SHI/FUNC', 1, 'Prosedur Promosi/Demosi', 'I', '8', 'Berisi penjelasan mengenai Prosedur Promosi/Demosi', NULL, NULL),
(1078, '968/KMI/SHI/FUNC', 1, 'Prosedur People Review', 'I', '8', 'Berisi penjelasan mengenai Prosedur People Review', NULL, NULL),
(1079, '969/KMI/SHI/FUNC', 1, 'Prosedur Appraisal', 'I', '8', 'Berisi penjelasan mengenai Prosedur Appraisal', NULL, NULL),
(1080, '970/KMI/SHI/FUNC', 1, 'Prosedur Termination Karyawan Non Tetap', 'B', '8', 'Berisi penjelasan mengenai Prosedur Termination Karyawan Non Tetap', NULL, NULL),
(1081, '971/KMI/SHI/FUNC', 1, 'Prosedur Termination Karyawan Tetap', 'B', '8', 'Berisi penjelasan mengenai Prosedur Termination Karyawan Tetap', NULL, NULL),
(1082, '972/KMI/SHI/FUNC', 1, 'HRIS Modul Termination', 'B', '8', 'Berisi penjelasan mengenai HRIS Modul Termination', NULL, NULL),
(1083, '973/KMI/SHI/FUNC', 1, 'Exit Interview', 'B', '8', 'Berisi penjelasan mengenai Exit Interview', NULL, NULL),
(1084, '974/KMI/SHI/FUNC', 1, 'Manage termination', 'I', '8', 'Berisi penjelasan mengenai Manage termination', NULL, NULL),
(1085, '975/KMI/SHI/FUNC', 1, 'Perhitungan Pesangon', 'I', '8', 'Berisi penjelasan mengenai Perhitungan Pesangon', NULL, NULL),
(1086, '976/KMI/SHI/FUNC', 1, 'Prosedur Pengajuan Cuti', 'B', '8', 'Berisi penjelasan mengenai Prosedur Pengajuan Cuti', NULL, NULL),
(1087, '977/KMI/SHI/FUNC', 1, 'Prosedur Claim Medical', 'B', '8', 'Berisi penjelasan mengenai Prosedur Claim Medical', NULL, NULL),
(1088, '978/KMI/SHI/FUNC', 1, 'Perhitungan Perjalanan Dinas', 'B', '8', 'Berisi penjelasan mengenai Perhitungan Perjalanan Dinas', NULL, NULL),
(1089, '979/KMI/SHI/FUNC', 1, 'Pemberian Sumbangan Duka & Nikah', 'B', '8', 'Berisi penjelasan mengenai Pemberian Sumbangan Duka & Nikah', NULL, NULL),
(1090, '980/KMI/SHI/FUNC', 1, 'HRIS (Pro Int) Modul Personnel Management ', 'B', '8', 'Berisi penjelasan mengenai HRIS (Pro Int) Modul Personnel Management ', NULL, NULL),
(1091, '981/KMI/SHI/FUNC', 1, 'Absensi & masalah SPL', 'B', '8', 'Berisi penjelasan mengenai Absensi & masalah SPL', NULL, NULL),
(1092, '982/KMI/SHI/FUNC', 1, 'Proses Gaji Karyawan tetap', 'B', '8', 'Berisi penjelasan mengenai Proses Gaji Karyawan tetap', NULL, NULL),
(1093, '983/KMI/SHI/FUNC', 1, 'Proses Gaji Karyawan Outsource', 'B', '8', 'Berisi penjelasan mengenai Proses Gaji Karyawan Outsource', NULL, NULL),
(1094, '984/KMI/SHI/FUNC', 1, 'Proses Gaji Expatriate', 'B', '8', 'Berisi penjelasan mengenai Proses Gaji Expatriate', NULL, NULL),
(1095, '985/KMI/SHI/FUNC', 1, 'Klik BCA untuk gaji', 'B', '8', 'Berisi penjelasan mengenai Klik BCA untuk gaji', NULL, NULL),
(1096, '986/KMI/SHI/FUNC', 1, 'Proses THR/TAT', 'B', '8', 'Berisi penjelasan mengenai Proses THR/TAT', NULL, NULL),
(1097, '987/KMI/SHI/FUNC', 1, 'Proses Bonus', 'B', '8', 'Berisi penjelasan mengenai Proses Bonus', NULL, NULL),
(1098, '988/KMI/SHI/FUNC', 1, 'Peraturan Jamsostek & Perhitungannya', 'B', '8', 'Berisi penjelasan mengenai Peraturan Jamsostek & Perhitungannya', NULL, NULL),
(1099, '989/KMI/SHI/FUNC', 1, 'HRIS (Pro Int) Modul Time Management ', 'B', '8', 'Berisi penjelasan mengenai HRIS (Pro Int) Modul Time Management ', NULL, NULL),
(1100, '990/KMI/SHI/FUNC', 1, 'HRIS (Pro Int) Modul Payroll Management ', 'B', '8', 'Berisi penjelasan mengenai HRIS (Pro Int) Modul Payroll Management ', NULL, NULL),
(1101, '991/KMI/SHI/FUNC', 1, 'Prosedur Pengangkatan Karyawan', 'B', '8', 'Berisi penjelasan mengenai Prosedur Pengangkatan Karyawan', NULL, NULL),
(1102, '992/KMI/SHI/FUNC', 1, 'Ketentuan Pajak Penghasilan (PPh21)', 'I', '8', 'Berisi penjelasan mengenai Ketentuan Pajak Penghasilan (PPh21)', NULL, NULL),
(1103, '993/KMI/SHI/FUNC', 1, 'Dana Pensiun', 'I', '8', 'Berisi penjelasan mengenai Dana Pensiun', NULL, NULL),
(1104, '994/KMI/SHI/FUNC', 1, 'Troubleshooting HRIS (Pro Int) Modul Time Management ', 'I', '8', 'Berisi penjelasan mengenai Troubleshooting HRIS (Pro Int) Modul Time Management ', NULL, NULL),
(1105, '995/KMI/SHI/FUNC', 1, 'Membuat salary report', 'I', '8', 'Berisi penjelasan mengenai Membuat salary report', NULL, NULL),
(1106, '996/KMI/SHI/FUNC', 1, 'Troubleshooting HRIS (Pro Int) Modul Payroll Management ', 'A', '8', 'Berisi penjelasan mengenai Troubleshooting HRIS (Pro Int) Modul Payroll Management ', NULL, NULL),
(1107, '997/KMI/SHI/FUNC', 1, 'Analisa biaya ', 'A', '8', 'Berisi penjelasan mengenai Analisa biaya ', NULL, NULL),
(1108, '998/KMI/SHI/FUNC', 1, 'Budgeting & Controlling', 'A', '8', 'Berisi penjelasan mengenai Budgeting & Controlling', NULL, NULL),
(1109, '999/KMI/SHI/FUNC', 1, 'Compensation Management System', 'A', '8', 'Berisi penjelasan mengenai Compensation Management System', NULL, NULL),
(1110, '1000/KMI/SHI/FUNC', 1, 'Membuat Salary Structure', 'A', '8', 'Berisi penjelasan mengenai Membuat Salary Structure', NULL, NULL),
(1111, '1001/KMI/SHI/GEN', 2, 'Pengetahuan Program komputer (Ms.Office)', 'B', '4', 'Berisi penjelasan mengenai Pengetahuan Program komputer (Ms.Office)', NULL, NULL),
(1112, '1002/KMI/SHI/GEN', 2, 'Effective Communication Skill', 'I', '4', 'Berisi penjelasan mengenai Communication Skill', NULL, NULL),
(1113, '1003/KMI/SHI/GEN', 2, 'Presentation Skill', 'I', '4', 'Berisi penjelasan mengenai Presentation Skill', NULL, NULL),
(1114, '1004/KMI/SHI/GEN', 2, 'Negotiation Skill', 'I', '4', 'Berisi penjelasan mengenai Negotiation Skill', NULL, NULL),
(1115, '1005/KMI/SHI/GEN', 2, 'Leadership', 'I', '4', 'Berisi penjelasan mengenai Leadership', NULL, NULL),
(1116, '1006/KMI/SHI/FUNC', 1, 'Bahasa Inggris', 'B', '8', 'Berisi penjelasan mengenai Bahasa Inggris', NULL, NULL),
(1117, '1007/KMI/SHI/FUNC', 1, 'Penanganan Surat/Dokumen', 'B', '8', 'Berisi penjelasan mengenai Penanganan Surat/Dokumen', NULL, NULL),
(1118, '1008/KMI/SHI/FUNC', 1, 'Membuat Calendar of Event', 'I', '8', 'Berisi penjelasan mengenai Membuat Calendar of Event', NULL, NULL),
(1119, '1009/KMI/SHI/FUNC', 1, 'Handle and Prepare Meeting', 'I', '8', 'Berisi penjelasan mengenai Handle and Prepare Meeting', NULL, NULL),
(1120, '1010/KMI/SHI/FUNC', 1, 'Prosedur Pengajuan Kas Bon', 'B', '8', 'Berisi penjelasan mengenai Prosedur Pengajuan Kas Bon', NULL, NULL),
(1121, '1011/KMI/SHI/FUNC', 1, 'Prosedur Permintaan Barang di HR', 'B', '8', 'Berisi penjelasan mengenai Prosedur Permintaan Barang di HR', NULL, NULL),
(1122, '1012/KMI/SHI/FUNC', 1, 'Pembuatan & Follow up NCR', 'I', '8', 'Berisi penjelasan mengenai Pembuatan & Follow up NCR', NULL, NULL),
(1123, '1013/KMI/SHI/FUNC', 1, 'Prosedur Peminjaman Kendaraan Operasional', 'B', '8', 'Berisi penjelasan mengenai Prosedur Peminjaman Kendaraan Operasional', NULL, NULL),
(1124, '1014/KMI/SHI/FUNC', 1, 'UU Ketenagakerjaan', 'I', '8', 'Berisi penjelasan mengenai UU Ketenagakerjaan', NULL, NULL),
(1125, '1015/KMI/SHI/FUNC', 1, 'IK Proses Seleksi Karyawan Tetap', 'B', '8', 'Berisi penjelasan mengenai IK Proses Seleksi Karyawan Tetap', NULL, NULL),
(1126, '1016/KMI/SHI/FUNC', 1, 'IK Proses Seleksi Karyawan Kontrak', 'B', '8', 'Berisi penjelasan mengenai IK Proses Seleksi Karyawan Kontrak', NULL, NULL),
(1127, '1017/KMI/SHI/FUNC', 1, 'IK Persiapan dan Penerimaan Karyawan Baru', 'B', '8', 'Berisi penjelasan mengenai IK Persiapan dan Penerimaan Karyawan Baru', NULL, NULL),
(1128, '1018/KMI/SHI/FUNC', 1, 'IK Penerimaan Karyawan Magang/PKL', 'B', '8', 'Berisi penjelasan mengenai IK Penerimaan Karyawan Magang/PKL', NULL, NULL),
(1129, '1019/KMI/SHI/FUNC', 1, 'IK Perpanjangan Kontrak Alih Daya', 'B', '8', 'Berisi penjelasan mengenai IK Perpanjangan Kontrak Alih Daya', NULL, NULL),
(1130, '1020/KMI/SHI/FUNC', 1, 'IK Pengisian Kinerja Karyawan', 'B', '8', 'Berisi penjelasan mengenai IK Pengisian Kinerja Karyawan', NULL, NULL),
(1131, '1021/KMI/SHI/FUNC', 1, 'IK Performance Management', 'B', '8', 'Berisi penjelasan mengenai IK Performance Management', NULL, NULL),
(1132, '1022/KMI/SHI/FUNC', 1, 'IK People Review', 'B', '8', 'Berisi penjelasan mengenai IK People Review', NULL, NULL),
(1133, '1023/KMI/SHI/FUNC', 1, 'IK Rencana Pengembangan Tahunan', 'B', '8', 'Berisi penjelasan mengenai IK Rencana Pengembangan Tahunan', NULL, NULL),
(1134, '1024/KMI/SHI/FUNC', 1, 'IK Pelatihan Eksternal', 'B', '8', 'Berisi penjelasan mengenai IK Pelatihan Eksternal', NULL, NULL),
(1135, '1025/KMI/SHI/FUNC', 1, 'IK Pelatihan Internal', 'B', '8', 'Berisi penjelasan mengenai IK Pelatihan Internal', NULL, NULL),
(1136, '1026/KMI/SHI/FUNC', 1, 'IK Pelatihan In-House', 'B', '8', 'Berisi penjelasan mengenai IK Pelatihan In-House', NULL, NULL),
(1137, '1027/KMI/SHI/FUNC', 1, '\"IK Pengangkatan Promosi', ' Muta', '0', 'B', NULL, NULL),
(1138, '1028/KMI/SHI/FUNC', 1, 'IK Evaluasi Vendor Alih Daya', 'B', '8', 'Berisi penjelasan mengenai IK Evaluasi Vendor Alih Daya', NULL, NULL),
(1139, '1029/KMI/SHI/FUNC', 1, 'IK Proses Seleksi Karyawan Alih Daya', 'B', '8', 'Berisi penjelasan mengenai IK Proses Seleksi Karyawan Alih Daya', NULL, NULL),
(1140, '1030/KMI/SHI/FUNC', 1, 'IK Pengisian ESI dan CSI', 'B', '8', 'Berisi penjelasan mengenai IK Pengisian ESI dan CSI', NULL, NULL),
(1141, '1031/KMI/SHI/FUNC', 1, 'IK Perpanjangan Kontrak Karyawan PKWT', 'B', '8', 'Berisi penjelasan mengenai IK Perpanjangan Kontrak Karyawan PKWT', NULL, NULL),
(1142, '1032/KMI/SHI/FUNC', 1, 'IK Mapping Competency', 'B', '8', 'Berisi penjelasan mengenai IK Mapping Competency', NULL, NULL),
(1143, '1033/KMI/SHI/FUNC', 1, 'Pembuatan SPL', 'B', '8', 'Berisi penjelasan mengenai Pembuatan SPL', NULL, NULL),
(1144, '1034/KMI/SHI/FUNC', 1, 'Approve SPL', 'B', '8', 'Berisi penjelasan mengenai Approve SPL', NULL, NULL),
(1145, '1035/KMI/SHI/FUNC', 1, 'Pengajuan Cuti & Ijin Upah Dibayar', 'B', '8', 'Berisi penjelasan mengenai Pengajuan Cuti & Ijin Upah Dibayar', NULL, NULL),
(1146, '1036/KMI/SHI/FUNC', 1, 'Pengajuan Cuti Diluar Tanggungan (CDT)', 'B', '8', 'Berisi penjelasan mengenai Pengajuan Cuti Diluar Tanggungan (CDT)', NULL, NULL),
(1147, '1037/KMI/SHI/FUNC', 1, 'Approval Cuti - Ijin Upah Diayar - CDT', 'B', '8', 'Berisi penjelasan mengenai Approval Cuti - Ijin Upah Diayar - CDT', NULL, NULL),
(1148, '1038/KMI/SHI/FUNC', 1, 'BPJS Ketenagakerjaan ', 'B', '8', 'Mengenai cara pelaporan kecelakaan kerja serta dokumen-dokumen yang dibutuhkan', NULL, NULL),
(1149, '1039/KMI/AVA/FUNC', 1, 'Input jurnal di GL', 'I', '8', 'Materi tentang pencatatan transaksi di modull general Ledger di oracle', NULL, NULL),
(1150, '1040/KMI/AVA/FUNC', 1, 'Expense report', 'B', '8', 'Materi tentang penyajian dan analisa expense di setiap department', NULL, NULL),
(1151, '1041/KMI/AVA/FUNC', 1, 'Input rate', 'A', '8', 'Materi tentang penginputan kurs setiap awal periode akuntansi di modul oracle untuk proses transaksi yang berkaitan dengan Mata Uang Asing (vallas) di periode berjalan.', NULL, NULL),
(1152, '1042/KMI/AVA/FUNC', 1, 'Open/close period', 'A', '8', 'Materi tentang proses buka-tutup periode akuntansi pada Modul General Ledger di Oracle', NULL, NULL),
(1153, '1043/KMI/FI/GEN', 2, 'Lean System', 'A', '7', '\"- Konsep Loss - Menghilangkan loss - Meningkatkan efektivitas dan efisiensi produksi\"', NULL, NULL),
(1154, '1044/KMI/FI/GEN', 2, 'Value Stream Mapping', 'A', '7', '\"- Pemetaan Proses - Mengukur parameter proses - Mengimprove line\"', NULL, NULL),
(1155, '1045/KMI/FI/GEN', 2, 'Loss Tree', 'I', '7', '\"- Pemetaan loss OEE', NULL, NULL),
(1156, '1046/KMI/FI/GEN', 2, 'Editing Picture', 'I', '7', '\"- Corel draw', NULL, NULL),
(1157, '1047/KMI/FI/GEN', 2, 'Editing Video', 'I', '7', '- Windows movie maker', NULL, NULL),
(1158, '1048/KMI/FI/GEN', 2, 'Purchase Request', 'I', '7', '- PR', NULL, NULL),
(1159, '1049/KMI/FI/GEN', 2, 'Rekap Pencapian Improvement', 'B', '7', '\"- Rekap pencapaian improvement all channel \'- Feedback dan monitoring\"', NULL, NULL),
(1160, '1050/KMI/FI/GEN', 2, 'Even Improvement External', 'I', '7', '\"- TKMPN', NULL, NULL),
(1161, '1051/KMI/FI/GEN', 2, 'Budgeting and Monitoring', 'B', '7', '\"- Plan budget - Monitoring budget  - evaluasi budget\"', NULL, NULL),
(1162, '1052/KMI/FI/FUNC', 1, 'Android Studio', 'B', '8', 'Pengenalan Android Fundamental', NULL, NULL),
(1163, '1053/KMI/STAR/FUNC', 1, 'Handling Customer Complain', 'I', '8', '\"- Pengertian Customer Complaint - Alur Proses Customer Complaint - Alur Penanganan Customer Complaint \"', NULL, NULL),
(1164, '1054/KMI/STAR/GEN', 2, 'HACCP', 'I', '8', '\"- Pengertian HACCP - 7 prinsip HACCP - 12 tahapan HACCP \"', NULL, NULL),
(1165, '1055/KMI/STAR/FUNC', 1, 'Pembuatan Spesifikasi Oracle', 'I', '8', '\"- Pengertian Oracle ? - Fungsi dari oracle ? - Responsibilty Departemen IOS terkait oracle ? - Cara membuat spesifikasi di oracle ? \"', NULL, NULL),
(1166, '1056/KMI/STAR/FUNC', 1, 'Back up & Upload User (Finger Print)', 'I', '8', '\"- Penjelasan tentang Finger Print Door Lock di KMI -  Cara backup data user ke dalam aplikasi Maqna acces - Cara Upload Data user Finger Print Pada mesin Finger Print lain - Maqna Access Aplication\"', NULL, NULL),
(1167, '1057/KMI/STAR/GEN', 2, 'PDCA (A3 Report & PPS)', 'I', '6', 'PDCA (A3 Report & PPS)', NULL, NULL),
(1168, '1058/KMI/STAR/GEN', 2, 'New 7 Management Tools', 'I', '6', 'New 7 Management Tools', NULL, NULL),
(1169, '1059/KMI/STAR/GEN', 2, 'Office Support and Administration Pillar (Brain Group)', 'B', '6', 'Office Support and Administration Pillar (Brain Group)', NULL, NULL),
(1170, '1060/KMI/STAR/GEN', 2, 'Education & Training Pillar (Brain Group)', 'A', '6', 'Education & Training Pillar (Brain Group)', NULL, NULL),
(1171, '1061/KMI/STAR/GEN', 2, 'Safety Health Environment -SHE- Pillar (Brain Group)', 'A', '6', 'Safety Health Environment -SHE- Pillar (Brain Group)', NULL, NULL),
(1172, '1062/KMI/STAR/GEN', 2, 'Job Stock Taking', 'A', '6', 'Job Stock Taking', NULL, NULL),
(1173, '1063/KMI/STAR/GEN', 2, 'Red Zone Analysis', 'A', '6', 'Red Zone Analysis', NULL, NULL),
(1174, '1064/KMI/STAR/GEN', 2, 'Quality Network', 'A', '6', 'Quality Network', NULL, NULL),
(1175, '1065/KMI/STAR/FUNC', 1, 'ISO 9001:2008', 'A', '8', 'ISO 9001:2008', NULL, NULL),
(1176, '1066/KMI/STAR/FUNC', 1, 'FSSC : 2013', 'A', '8', 'FSSC : 2013', NULL, NULL),
(1177, '1067/KMI/STAR/FUNC', 1, 'Sistem Jaminan  Halal', 'A', '8', 'Sistem Jaminan  Halal', NULL, NULL),
(1178, '1068/KMI/STAR/FUNC', 1, 'OHSAS 18001', 'A', '8', 'OHSAS 18001', NULL, NULL),
(1179, '1069/KMI/STAR/FUNC', 1, 'Nomor Kontrol Veteriner', 'B', '8', 'Nomor Kontrol Veteriner', NULL, NULL),
(1180, '1070/KMI/STAR/FUNC', 1, 'Hygiene dan Sanitasi program', 'I', '8', 'Hygiene dan Sanitasi program', NULL, NULL),
(1181, '1071/KMI/STAR/FUNC', 1, 'Pengenalan flow proses proses produksi', 'I', '8', 'Pengenalan flow proses proses produksi', NULL, NULL),
(1182, '1072/KMI/STAR/FUNC', 1, 'System Filling Dokumen', 'A', '8', 'System Filling Dokumen', NULL, NULL),
(1183, '1073/KMI/STAR/FUNC', 1, 'System schoring audit', 'A', '8', 'System schoring audit', NULL, NULL),
(1184, '1074/KMI/STAR/FUNC', 1, 'GM5P Patrol', 'A', '8', 'GM5P Patrol', NULL, NULL),
(1185, '1075/KMI/STAR/FUNC', 1, 'Safety Patrol', 'A', '8', 'Safety Patrol', NULL, NULL),
(1186, '1076/KMI/STAR/FUNC', 1, 'Verifikasi CCP', 'B', '8', 'Verifikasi CCP', NULL, NULL),
(1187, '1077/KMI/STAR/FUNC', 1, 'Verifikasi OPRP', 'B', '8', 'Verifikasi OPRP', NULL, NULL),
(1188, '1078/KMI/STAR/FUNC', 1, 'Review HACCP', 'B', '8', 'Review HACCP', NULL, NULL),
(1189, '1079/KMI/STAR/FUNC', 1, 'Review CCP Plan', 'B', '8', 'Review CCP Plan', NULL, NULL),
(1190, '1080/KMI/STAR/FUNC', 1, 'Review OPRP Plan', 'B', '8', 'Review OPRP Plan', NULL, NULL),
(1191, '1081/KMI/STAR/FUNC', 1, 'Review HACCP Plan', 'B', '8', 'Review HACCP Plan', NULL, NULL),
(1192, '1082/KMI/STAR/FUNC', 1, 'Review Flow Process', 'B', '8', 'Review Flow Process', NULL, NULL),
(1193, '1083/KMI/STAR/FUNC', 1, 'Maintaince kalibrasi', 'B', '8', 'Maintaince kalibrasi', NULL, NULL),
(1194, '1084/KMI/STAR/FUNC', 1, 'Maintaince System', 'B', '8', 'Maintaince System', NULL, NULL),
(1195, '1085/KMI/STAR/FUNC', 1, 'Verifikasi NCR', 'B', '8', 'Verifikasi NCR', NULL, NULL),
(1196, '1086/KMI/STAR/FUNC', 1, 'Follow up NCR', 'A', '8', 'Follow up NCR', NULL, NULL),
(1197, '1087/KMI/STAR/FUNC', 1, 'Distribusi NCR', 'B', '8', 'Distribusi NCR', NULL, NULL),
(1198, '1088/KMI/STAR/FUNC', 1, 'Monitoring NCFG/NCBASE', 'B', '8', 'Monitoring NCFG/NCBASE', NULL, NULL),
(1199, '1089/KMI/STAR/FUNC', 1, 'Browsing literature dan regulasi', 'B', '8', 'Browsing literature dan regulasi', NULL, NULL),
(1200, '1090/KMI/STAR/FUNC', 1, 'Revisi Quality Manual', 'B', '8', 'Revisi Quality Manual', NULL, NULL),
(1201, '1091/KMI/STAR/FUNC', 1, 'Revisi Quality Plan', 'B', '8', 'Revisi Quality Plan', NULL, NULL),
(1202, '1092/KMI/STAR/FUNC', 1, 'Maintain Change Management', 'B', '8', 'Maintain Change Management', NULL, NULL),
(1203, '1093/KMI/STAR/FUNC', 1, 'Membuat laporan berkala SJH', 'I', '8', 'Membuat laporan berkala SJH', NULL, NULL),
(1204, '1094/KMI/STAR/FUNC', 1, 'Mock recall', 'A', '8', 'Mock recall', NULL, NULL),
(1205, '1095/KMI/STAR/FUNC', 1, 'Membuat dan Mengupdate NCR Customer Complaint', 'B', '8', 'Membuat dan Mengupdate NCR Customer Complaint', NULL, NULL),
(1206, '1096/KMI/STAR/FUNC', 1, 'Distribusi External Dokumen', 'B', '8', 'Distribusi External Dokumen', NULL, NULL),
(1207, '1097/KMI/STAR/FUNC', 1, 'Memfasilitasi pemusnahan dokumen yang sudah melewati retention time', 'B', '8', 'Memfasilitasi pemusnahan dokumen yang sudah melewati retention time', NULL, NULL),
(1208, '1098/KMI/STAR/FUNC', 1, 'Monitoring MLQR', 'B', '8', 'Monitoring MLQR', NULL, NULL),
(1209, '1099/KMI/STAR/FUNC', 1, 'Melakukan Persiapan Audit ISO', 'I', '8', 'Melakukan Persiapan Audit ISO', NULL, NULL),
(1210, '1100/KMI/STAR/FUNC', 1, 'Inspeksi Pest Control', 'I', '8', 'Inspeksi Pest Control', NULL, NULL),
(1211, '1101/KMI/STAR/FUNC', 1, 'Handle and Prepare Meeting', 'B', '8', 'Handle and Prepare Meeting', NULL, NULL),
(1212, '1102/KMI/STAR/FUNC', 1, 'Pertolongan pertama Pada Kecelakaan', 'B', '8', 'Pertolongan pertama Pada Kecelakaan', NULL, NULL),
(1213, '1103/KMI/STAR/FUNC', 1, 'REBA Rapid Entire BodyAssessment', 'B', '8', 'REBA Rapid Entire BodyAssessment', NULL, NULL),
(1214, '1104/KMI/STAR/FUNC', 1, 'Audit SMK3', 'B', '8', 'Audit SMK3', NULL, NULL),
(1215, '1105/KMI/STAR/FUNC', 1, 'Change Management', 'I', '8', 'Change Management', NULL, NULL),
(1216, '1106/KMI/STAR/FUNC', 1, 'Document Control', 'B', '8', 'Document Control', NULL, NULL),
(1217, '1107/KMI/STAR/FUNC', 1, 'Insident Investigasi', 'I', '8', 'Insident Investigasi', NULL, NULL),
(1218, '1108/KMI/STAR/FUNC', 1, 'Update Regulasi', 'I', '8', 'Update Regulasi', NULL, NULL),
(1219, '1109/KMI/STAR/FUNC', 1, 'KYT (Kiken Yochi Training)', 'I', '8', 'KYT (Kiken Yochi Training)', NULL, NULL),
(1220, '1110/KMI/STAR/FUNC', 1, 'Dasar K3', 'B', '8', 'Dasar K3', NULL, NULL),
(1221, '1111/KMI/STAR/FUNC', 1, 'Handling CCTV', 'B', '8', 'Handling CCTV', NULL, NULL),
(1222, '1112/KMI/STAR/FUNC', 1, 'ISO 9001:2015', 'I', '8', 'ISO 9001:2015', NULL, NULL),
(1223, '1113/KMI/STAR/FUNC', 1, 'Pengendalian Dokumen', 'B', '8', 'Pengendalian Dokumen', NULL, NULL),
(1224, '1114/KMI/STAR/FUNC', 1, 'ISO 22000:2018', 'I', '8', 'ISO 22000:2018', NULL, NULL),
(1225, '1115/KMI/STAR/FUNC', 1, 'FSSC Versi 5', 'I', '8', 'FSSC Versi 5', NULL, NULL),
(1226, '1116/KMI/STAR/FUNC', 1, 'FSSC Versi 5.1', 'I', '8', 'FSSC Versi 5.1', NULL, NULL),
(1227, '1117/KMI/STAR/FUNC', 1, 'Sistem Jaminan Halal 2021', 'I', '8', 'Sistem Jaminan Halal 2021', NULL, NULL),
(1228, '1118/KMI/STAR/FUNC', 1, 'Koscher', 'I', '8', 'Koscher', NULL, NULL),
(1229, '1019/KMI/TPM/GEN', 2, 'PERSIAPAN PELAKSANAAN REGULAR CHECK / HEALTH CHECK TPM', 'I', '6', 'Berisi penjelasan mengenai persiapan untuk Health Check mulai dari reservasi hotel hingga create MoM', NULL, NULL),
(1230, '1020/KMI/TPM/GEN', 2, 'ASSESMENT TPM BY JIPM', 'I', '6', 'Berisi penjelasan mengenai persiapan untuk Assesment TPM by JIPM', NULL, NULL),
(1231, '1021/KMI/TPM/GEN', 2, 'Pelaksanaan Leadership Camp', 'I', '6', 'Berisi penjelasan mengenai persiapan untuk Leadership Camp mulai dari menyusun Konsep hingga pelaksanaannya', NULL, NULL),
(1232, '1022/KMI/TPM/GEN', 2, 'Budgeting IOS-TPM', 'I', '6', 'Monitoring untuk budgeting TPM', NULL, NULL),
(1233, '1023/KMI/TPM/GEN', 2, 'Monitoring CG', 'I', '6', '\"- Visit CG  - Genba\"', NULL, NULL),
(1234, '1024/KMI/TPM/GEN', 2, 'Monitoring Pillar', 'I', '6', '\"- Update weekly target activity pillar - Meeting TPM\"', NULL, NULL),
(1235, '1025/KMI/TPM/GEN', 2, 'Update LIGA CG', 'I', '6', '\"- Update penilaian LIGA CG - Rekap data OPL - Rekap Voucher OPL\"', NULL, NULL),
(1236, '1026/KMI/TPM/GEN', 2, 'KMI Newsletter', 'I', '6', '\"- Tema KMI Newsletter - Hal-hal yang harus ada - Edisi Newsletter\"', NULL, NULL),
(1237, '1027/KMI/TPM/GEN', 2, 'TPM Pay back Ratio', 'I', '6', 'Berisi penjelasan mengenai TPM Payback Ratio', NULL, NULL),
(1238, '1028/KMI/TPM/GEN', 2, 'Rekap data TPM', 'I', '6', '\"- Update Visual Board TPM - Collect data yang diperlukan\"', NULL, NULL),
(1239, '1029/KMI/TPM/GEN', 2, 'PERSIAPAN PELAKSANAAN REGULAR CHECK / HEALTH CHECK TPM VIRTUAL', 'I', '6', 'Berisi penjelasan mengenai persiapan untuk Health Check mulai dari reservasi hotel hingga create MoM', NULL, NULL),
(1240, '1030/KMI/PLAN/FUNC', 1, 'Knowledge of PPIC', 'B', '8', '\"Materi yang berisi mengenai PPIC', NULL, NULL),
(1241, '1031/KMI/PLAN/FUNC', 1, 'Supply Chain & Management', 'I', '8', '\"Rangkaian  kegiatan yang meliputi Koordinasi', NULL, NULL),
(1242, '1032/KMI/PLAN/FUNC', 1, 'Knowledge of Production Flow Process', 'B', '8', 'Materi yang berisi mengenai flow kerja PPIC dari dari proses penerimaan order 3 bulanan sampai dengan proses akhir penarikan Finish Good. ', NULL, NULL),
(1243, '1033/KMI/PLAN/FUNC', 1, 'Proses Pembuatan Schedule (Master Production Scheduling)', 'I', '8', 'Rangkaian kegiatan pembuatan schedule produksi berdasarkan order dari prinsipal dengan menyesuaikan kapasitas produksi', NULL, NULL),
(1244, '1034/KMI/PLAN/FUNC', 1, 'Proses Pembuatan MRP (Material Requirement Planning)', 'I', '8', 'Kegiatan menghitung data kebutuhan RM & PM untuk kebutuhan produksi', NULL, NULL),
(1245, '1035/KMI/PLAN/FUNC', 1, 'Proses Pembuatan OKP', 'B', '8', 'Kegiatan pembuatan order kerja produksi sesuai dengan schedule produksi harian', NULL, NULL),
(1246, '1036/KMI/PLAN/FUNC', 1, 'Proses Pembuatan Picking Slip', 'B', '8', 'Kegiatan pembuatan pick slip untuk acuan alamat rak oleh  warehouse dalam penyiapan OKP', NULL, NULL),
(1247, '1037/KMI/PLAN/FUNC', 1, 'Proses Penarikan Data Reservasi', 'B', '8', 'Kegiatan menarik data penggunaan raw material dan packaging material per OKP yang telah dibuat di oracle', NULL, NULL),
(1248, '1038/KMI/PLAN/FUNC', 1, 'Prose Pembuatan Sales Order', 'B', '8', 'Kegiatan pembuatan Sales Order (SO) di oracle sesuai dengan rencana pengambilan finish good (alokasi) dari prinsipal', NULL, NULL),
(1249, '1039/KMI/PLAN/FUNC', 1, 'Maintain Item Inventory (Superuser of Oracle Inventory Modul)', 'A', '8', '\"Kegiatan setting item code baru', NULL, NULL),
(1250, '1040/KMI/PLAN/FUNC', 1, 'Proses Pembuatan Purchase Requisition', 'B', '8', 'Kegiatan pembuatan Purchase Requisition (PR) untuk pembelian Raw Material dan Packaging Material internal guna memenuhi kebutuhan produksi.', NULL, NULL),
(1251, '1041/KMI/PLAN/FUNC', 1, 'Communication Skill', 'B', '8', 'Koordinasi dan komunikasi yang baik di internal PPIC antar Dept dan juga dengan eksternal ( prinsipal ) agar semua proses awal  sampai dengan akhir produksi berjalan sesuai schedule.', NULL, NULL),
(1252, '1042/KMI/PLAN/FUNC', 1, 'Negotiation Skill', 'I', '8', 'Negosiasi yang baik di internal PPIC antar Dept dan juga dengan eksternal ( prinsipal ) agar semua proses awal  sampai dengan akhir produksi berjalan sesuai schedule.', NULL, NULL),
(1253, '1043/KMI/PLAN/FUNC', 1, 'Oracle Order Management', 'A', '8', 'Permintaan penambahan/pengurangan responsibility di oracle', NULL, NULL),
(1254, '1044/KMI/PLAN/FUNC', 1, 'Formulator Modul (Oracle)', 'A', '8', '\"Setting formula Base Drier (Fat Blend & Mixing)', NULL, NULL),
(1255, '1045/KMI/PLAN/FUNC', 1, 'OPM (Oracle Production)', 'A', '8', 'Kemampuan dalam maintain OPM (Oracle Production)', NULL, NULL),
(1256, '1046/KMI/PLAN/FUNC', 1, 'Data Base Reccurence Problem', 'B', '8', 'Collect issues from all dept', NULL, NULL),
(1257, '1047/KMI/PLAN/FUNC', 1, 'NOF by Dominan Influence', 'B', '8', '\"Collect NOF from  Line Production (A', NULL, NULL),
(1258, '1048/KMI/PLAN/FUNC', 1, 'Roll of problem', 'B', '8', '\"Collect NOF & NMS from  Line Production (A', NULL, NULL),
(1259, '1049/KMI/PLAN/FUNC', 1, 'Weekly Report', 'B', '8', 'Reporting Issues', NULL, NULL),
(1260, '1050/KMI/PLAN/FUNC', 1, 'Monthly report', 'B', '8', 'Full Reporting', NULL, NULL),
(1261, '1051/KMI/PLAN/FUNC', 1, 'Data SCR 4', 'B', '8', 'Report pencapaian aktual produksi dengan planning', NULL, NULL),
(1262, '1052/KMI/PLAN/FUNC', 1, 'Data Sales order vs real output', 'B', '8', '\"Membandingkan data sales vs output dari week', NULL, NULL),
(1263, '1053/KMI/PLAN/FUNC', 1, 'Multimedia tools & editing', 'B', '8', 'Dokumentasi & editing multimedia all activity', NULL, NULL),
(1264, '1054/KMI/PLAN/FUNC', 1, 'Setting Formula', 'B', '8', '\"Kemampuan dalam setting formula dioracle (alt', NULL, NULL),
(1265, '1055/KMI/PLAN/FUNC', 1, 'Operation Exellence', 'B', '8', 'Memastikan Operasional lancar sesuai target yang telah ditetapkan', NULL, NULL),
(1266, '1056/KMI/MAT/FUNC', 1, 'Windows Installation', 'B', '8', 'Teknikal menginstall windows', NULL, NULL),
(1267, '1057/KMI/MAT/FUNC', 1, 'Windows backupClonning', 'B', '8', 'Teknikal melakukan windows backup dan juga cloning', NULL, NULL),
(1268, '1058/KMI/MAT/FUNC', 1, '\"Windows system administrator (share folder', ' prin', '0', ' etc)\"', NULL, NULL),
(1269, '1059/KMI/MAT/FUNC', 1, 'Installation of standard application', 'B', '8', 'Panduan aplikasi-aplikasi standard dan cara menginstallnya', NULL, NULL),
(1270, '1060/KMI/MAT/FUNC', 1, '\"Printer Installation', ' sett', '0', '8', NULL, NULL),
(1271, '1061/KMI/MAT/FUNC', 1, '\"Scanner Installation', ' sett', '0', '8', NULL, NULL),
(1272, '1062/KMI/MAT/FUNC', 1, 'Email Installation and setting', 'B', '8', '\"Teknikal instalasi email', NULL, NULL),
(1273, '1063/KMI/MAT/FUNC', 1, 'Create spec and memo IT', 'B', '8', 'Panduan cara membuat memo IT', NULL, NULL),
(1274, '1064/KMI/MAT/FUNC', 1, 'Join and rejoin domain', 'B', '8', '\"Teknikal bagaimana join domain', NULL, NULL),
(1275, '1065/KMI/MAT/FUNC', 1, 'Create tiket helpdesk corporate', 'B', '8', 'Panduan bagaimana create tiket helpdesk corporate', NULL, NULL),
(1276, '1066/KMI/MAT/FUNC', 1, 'Setting lotus kfnewtraveller', 'B', '8', 'Panduan bagaimana setting mobile lotus traveler di HP', NULL, NULL),
(1277, '1067/KMI/MAT/FUNC', 1, 'Setting wifi projector', 'B', '8', 'Panduan cara setting wifi projector', NULL, NULL),
(1278, '1068/KMI/MAT/FUNC', 1, 'Membuat Kabel Jaringan', 'B', '8', 'Teknikal membuat koneksi kabel jaringan', NULL, NULL),
(1279, '1069/KMI/MAT/FUNC', 1, 'Lotus Notes Troubleshooting', 'B', '8', 'Dokumentasi trouble lotus notes', NULL, NULL),
(1280, '1070/KMI/MAT/FUNC', 1, 'Manage wireless AP ', 'B', '8', 'Teknikal membuat dan manage access point', NULL, NULL),
(1281, '1071/KMI/MAT/FUNC', 1, 'Konsep dasar OEE dan Aplikasinya', 'B', '8', '\"Pengertian', NULL, NULL),
(1282, '1072/KMI/MAT/FUNC', 1, 'Memahami jaringan internal LAN dan WAN', 'B', '8', '\"Pemahaman tentang konsep jaringan LAN dan WAN Panduan teknis schema jaringan LAN dan WAN KMI', NULL, NULL),
(1283, '1073/KMI/MAT/FUNC', 1, 'Setup and setting wireless', 'B', '8', 'Panduan setting access point', NULL, NULL),
(1284, '1074/KMI/MAT/FUNC', 1, '\"Memahami konsep dan tools network (tracert', ' rout', '0', ' ipclass', NULL, NULL),
(1285, '1075/KMI/MAT/FUNC', 1, 'Microtik Dasar (Interface dan monitoring traffict)', 'I', '8', 'Teknikal mikrotik dasar', NULL, NULL),
(1286, '1076/KMI/MAT/FUNC', 1, 'Microtik route', 'A', '8', 'Teknikal membuat routing di mikrotik', NULL, NULL),
(1287, '1077/KMI/MAT/FUNC', 1, 'SOP Network trouble - WAN', 'I', '8', 'Pemahaman tentang SOP penanganan gangguan jaringan WAN', NULL, NULL),
(1288, '1078/KMI/MAT/FUNC', 1, 'Troubleshooting LAN', 'I', '8', 'Dokumentasi troubleshooting LAN', NULL, NULL),
(1289, '1079/KMI/MAT/FUNC', 1, 'Active Directory Administration', 'B', '8', '\"Panduan create', NULL, NULL),
(1290, '1080/KMI/MAT/FUNC', 1, 'Windows Server Installation', 'B', '8', 'Windows Server Installation', NULL, NULL),
(1291, '1081/KMI/MAT/FUNC', 1, 'Windows server troubleshooting', 'I', '8', 'Windows server troubleshooting', NULL, NULL),
(1292, '1082/KMI/MAT/FUNC', 1, 'Windows server backup', 'B', '8', 'Windows server backup', NULL, NULL),
(1293, '1083/KMI/MAT/FUNC', 1, 'Setup and configuration synology storage', 'I', '8', 'Setup and configuration synology storage', NULL, NULL),
(1294, '1084/KMI/MAT/FUNC', 1, 'Setup and configuration windows virtualization', 'A', '8', 'Setup and configuration windows virtualization', NULL, NULL),
(1295, '1085/KMI/MAT/FUNC', 1, 'Windows virtual network configuration', 'A', '8', 'Windows virtual network configuration', NULL, NULL),
(1296, '1086/KMI/MAT/FUNC', 1, 'Menambahkan kapastias harddisk dan memori di virtual machine', 'I', '8', 'Menambahkan kapastias harddisk dan memori di virtual machine', NULL, NULL),
(1297, '1087/KMI/MAT/FUNC', 1, 'Maintain dan monitoring Windows virtual machine', 'I', '8', 'Maintain dan monitoring Windows virtual machine', NULL, NULL),
(1298, '1088/KMI/MAT/FUNC', 1, 'Maintain dan monitoring VMeXsi virtual machine', 'I', '8', 'Maintain dan monitoring VMeXsi virtual machine', NULL, NULL),
(1299, '1089/KMI/MAT/FUNC', 1, 'Maintain dan monitoring citrix server', 'I', '8', 'Maintain dan monitoring citrix server', NULL, NULL),
(1300, '1090/KMI/MAT/FUNC', 1, 'Software Installation in pc thin client', 'I', '8', 'Software Installation in pc thin client', NULL, NULL),
(1301, '1091/KMI/MAT/FUNC', 1, 'Installation dan configuration server Antivirus', 'A', '8', 'Installation dan configuration server Antivirus', NULL, NULL),
(1302, '1092/KMI/MAT/FUNC', 1, 'Maintain and monitoring server Antivirus', 'I', '8', 'Maintain and monitoring server Antivirus', NULL, NULL),
(1303, '1093/KMI/MAT/FUNC', 1, 'Installation Antivirus di level user', 'B', '8', 'Installation Antivirus di level user', NULL, NULL),
(1304, '1094/KMI/MAT/FUNC', 1, 'Scan Antivirus by Server', 'B', '8', 'Scan Antivirus by Server', NULL, NULL),
(1305, '1095/KMI/MAT/FUNC', 1, 'Maintain and Monitoring Internet Proxy', 'I', '8', '\"Maintain ISA server management (add role', NULL, NULL),
(1306, '1096/KMI/MAT/FUNC', 1, 'Disaster recovery (BESR)', 'B', '8', 'Disaster recovery (BESR)', NULL, NULL),
(1307, '1097/KMI/MAT/FUNC', 1, 'Maintain and monitoring backup oracle', 'I', '8', 'Maintain and monitoring backup oracle', NULL, NULL),
(1308, '1098/KMI/MAT/FUNC', 1, 'USB Block installation and configuration', 'B', '8', 'USB Block installation and configuration', NULL, NULL),
(1309, '1099/KMI/MAT/FUNC', 1, 'IT Risk register management', 'A', '8', 'IT Risk register management', NULL, NULL),
(1310, '1100/KMI/MAT/FUNC', 1, 'Software licensing documentations', 'I', '8', 'Software licensing documentations', NULL, NULL),
(1311, '1101/KMI/MAT/FUNC', 1, '\"Purchase Operationals (PR', ' Rece', '0', 'B', NULL, NULL),
(1312, '1102/KMI/MAT/FUNC', 1, 'Master Items Administration', 'B', '8', 'Master Items Administration', NULL, NULL),
(1313, '1103/KMI/MAT/FUNC', 1, 'User Administration', 'B', '8', 'User Administration', NULL, NULL),
(1314, '1104/KMI/MAT/FUNC', 1, 'Open Close Period', 'I', '8', 'Open Close Period', NULL, NULL),
(1315, '1105/KMI/MAT/FUNC', 1, 'Oracle Printer Administration', 'B', '8', 'Oracle Printer Administration', NULL, NULL),
(1316, '1106/KMI/MAT/FUNC', 1, 'Setting Nomor Faktur diawal Tahun', 'B', '8', 'Setting Nomor Faktur diawal Tahun', NULL, NULL),
(1317, '1107/KMI/MAT/FUNC', 1, 'Setting Invoice Many DO (setting generated faktur)', 'I', '8', 'Setting Invoice Many DO (setting generated faktur)', NULL, NULL),
(1318, '1108/KMI/MAT/FUNC', 1, 'Oracle ERP - Distribution (procurement&Shipment)', 'A', '8', 'Oracle ERP - Distribution (procurement&Shipment)', NULL, NULL),
(1319, '1109/KMI/MAT/FUNC', 1, 'Oracle ERP - OPM (Master Item, Conversion, Category)', 'A', '8', 'Oracle ERP - OPM (Master Item, Conversion, Category)', NULL, NULL),
(1320, '1110/KMI/MAT/FUNC', 1, 'Oracle ERP - OPM Financial (Costing process)', 'A', '8', 'Oracle ERP - OPM Financial (Costing process)', NULL, NULL),
(1321, '1111/KMI/MAT/FUNC', 1, 'Oracle ERP - Finance (GL, AP, AR, CM, FA)', 'A', '8', 'Oracle ERP - Finance (GL, AP, AR, CM, FA)', NULL, NULL),
(1322, '1112/KMI/MAT/FUNC', 1, 'Oracle EAM - Asset&Sparepart Management', 'A', '8', 'Oracle EAM - Asset&Sparepart Management', NULL, NULL),
(1323, '1113/KMI/MAT/FUNC', 1, 'Oracle EAM - Predictive and Preventive Maintenance', 'A', '8', 'Oracle EAM - Predictive and Preventive Maintenance', NULL, NULL),
(1324, '1114/KMI/MAT/FUNC', 1, 'Oracle EAM - Direct item purchase', 'A', '8', 'Oracle EAM - Direct item purchase', NULL, NULL),
(1325, '1115/KMI/MAT/FUNC', 1, 'Oracle EAM - Asset Capitalization', 'A', '8', 'Oracle EAM - Asset Capitalization', NULL, NULL),
(1326, '1116/KMI/MAT/FUNC', 1, 'Develop custom report with Report builder', 'A', '8', 'Develop custom report with Report builder', NULL, NULL),
(1327, '1117/KMI/MAT/FUNC', 1, 'Develop custom report with BI Publisher (XML)', 'A', '8', 'Develop custom report with BI Publisher (XML)', NULL, NULL),
(1328, '1118/KMI/MAT/FUNC', 1, 'Up and down database Oracle via telnet', 'I', '8', 'Up and down database Oracle via telnet', NULL, NULL),
(1329, '1119/KMI/MAT/FUNC', 1, 'Up and down APPS Oracle via telnet', 'I', '8', 'Up and down APPS Oracle via telnet', NULL, NULL),
(1330, '1120/KMI/MAT/FUNC', 1, 'Up and down listener&concurrent manager', 'I', '8', 'Up and down listener&concurrent manager', NULL, NULL),
(1331, '1121/KMI/MAT/FUNC', 1, 'Backup and restore Oracle database via telnet', 'A', '8', 'Backup and restore Oracle database via telnet', NULL, NULL),
(1332, '1122/KMI/MAT/FUNC', 1, 'Backup and restore Oracle Apps via telnet', 'A', '8', 'Backup and restore Oracle Apps via telnet', NULL, NULL);
INSERT INTO `curriculum` (`id_curriculum`, `no_training_module`, `id_skill_category`, `training_module`, `level`, `training_module_group`, `training_module_desc`, `created_at`, `updated_At`) VALUES
(1333, '1123/KMI/MAT/FUNC', 1, 'Clonning server Oracle', 'A', '8', 'Clonning server Oracle', NULL, NULL),
(1334, '1124/KMI/MAT/FUNC', 1, 'Develop PLSQL Query', 'I', '8', 'Kemampuan dalam membangaun query untuk PL SQL', NULL, NULL),
(1335, '1125/KMI/MAT/FUNC', 1, 'Backup dan maintain web server (database and file apps)', 'B', '8', 'Proses backup dan maintenance web server', NULL, NULL),
(1336, '1126/KMI/MAT/FUNC', 1, 'OEE System', 'A', '8', 'Pemahamam OEE', NULL, NULL),
(1337, '1127/KMI/MAT/FUNC', 1, 'CMS (Web-based Application) with PHP and html ', 'I', '8', 'CMS with PHP', NULL, NULL),
(1338, '1128/KMI/MAT/FUNC', 1, 'HR Operating System', 'B', '8', 'Proses HRIS self employee', NULL, NULL),
(1339, '1129/KMI/MAT/FUNC', 1, '\"Windows Programming (vb.net', ' ASP)', '0', '8', NULL, NULL),
(1340, '1130/KMI/MAT/FUNC', 1, 'MYSQL database maintenance', 'I', '8', 'Dbase Mysql maintenance', NULL, NULL),
(1341, '1131/KMI/MAT/FUNC', 1, 'SQL Server', 'A', '8', 'SQL Server operation', NULL, NULL),
(1342, '1132/KMI/MAT/FUNC', 1, 'KAV USB and Device Blocked', 'B', '8', 'KAV USB and Device Blocked', NULL, NULL),
(1343, '1133/KMI/MAT/FUNC', 1, 'Administration Weighing System', 'B', '8', 'Weighing System Setting configuration', NULL, NULL),
(1344, '1134/KMI/MAT/FUNC', 1, 'Troubleshoot Weighing System', 'I', '8', 'Flow proses weighing system', NULL, NULL),
(1345, '1135/KMI/MAT/FUNC', 1, 'Weighing System Flow (Oracle and DbMaria)', 'A', '8', 'Flow proses weighing system', NULL, NULL),
(1346, '1136/KMI/MAT/FUNC', 1, 'Administration Reception System', 'B', '8', 'Smart Card setting dan flow', NULL, NULL),
(1347, '1137/KMI/MAT/FUNC', 1, 'Troubleshoot Reception System', 'I', '8', 'Flow proses Reception system', NULL, NULL),
(1348, '1138/KMI/MAT/FUNC', 1, 'Administration Smart Locker', 'B', '8', 'Smart Locker Setting', NULL, NULL),
(1349, '1139/KMI/MAT/FUNC', 1, 'Troubleshoot Smart Locker', 'I', '8', 'Flow proses smart locker system', NULL, NULL),
(1350, '1140/KMI/MAT/FUNC', 1, 'Smart Locker System Flow (Oracle and MySql)', 'A', '8', 'Flow prosesw dan step smart locker', NULL, NULL),
(1351, '1141/KMI/MAT/FUNC', 1, 'Healthcheck GMP Aplication Administration', 'B', '8', 'Flow proses healthcheck system', NULL, NULL),
(1352, '1142/KMI/MAT/FUNC', 1, 'Vidcon Administration with Zoom Application', 'B', '8', 'Vidcon Administration System', NULL, NULL),
(1353, '1143/KMI/MAT/FUNC', 1, 'Setting Aruba Core Switch', 'A', '8', 'Cara Setting Switch Aruba', NULL, NULL),
(1354, '1144/KMI/MAT/FUNC', 1, 'Manage and Monitoring Aruba Switch', 'A', '8', 'Monitoring traffict Aruba Switch', NULL, NULL),
(1355, '1145/KMI/MAT/FUNC', 1, 'Tablue Dekstopcreator Dashboard', 'B', '8', 'Use dan create dashboard with Tableau', NULL, NULL),
(1356, '1146/KMI/MAT/FUNC', 1, 'Pentest (penetration Test) for public application', 'A', '8', 'Melakukan testpen untuk aplikasi yang akan dipublish', NULL, NULL),
(1357, '1147/KMI/MAT/FUNC', 1, 'Operasinal Centralized Printer', 'B', '8', 'Teknis pengoperasional centralized printing', NULL, NULL),
(1358, '1148/KMI/MAT/FUNC', 1, 'Administration Centralized Printer and Reporting', 'B', '8', 'Administrasi akses user dan reporting', NULL, NULL),
(1359, '1149/KMI/MAT/FUNC', 1, 'Tableau Server', 'I', '8', 'Bagaimana publish dan mengatur security tableau server', NULL, NULL),
(1360, '1150/KMI/MAT/FUNC', 1, 'Smart Trace Bin Flow Process', 'I', '8', 'Pemahaman Flow proses dan Operationals Smart Trace Bin', NULL, NULL),
(1361, '1151/KMI/MAT/FUNC', 1, 'NCR System Operation', 'I', '8', 'Pemahaman Flow proses dan Operationals NCR System', NULL, NULL),
(1362, '1152/KMI/MAT/FUNC', 1, 'POBS System Operation', 'I', '8', 'Pemahaman Flow proses dan Operationals POBS', NULL, NULL),
(1363, '1153/KMI/MAT/FUNC', 1, 'Communication Skill', 'I', '8', 'Communication Skill', NULL, NULL),
(1364, '1154/KMI/MAT/FUNC', 1, 'Data Base Reccurence Problem', 'I', '8', 'Data Base Reccurence Problem', NULL, NULL),
(1365, '1155/KMI/MAT/FUNC', 1, 'NOF by Dominan Influence', 'I', '8', 'NOF by Dominan Influence', NULL, NULL),
(1366, '1156/KMI/MAT/FUNC', 1, 'Roll of problem', 'I', '8', 'Roll of problem', NULL, NULL),
(1367, '1157/KMI/MAT/FUNC', 1, 'Reporting', 'B', '8', 'Reporting', NULL, NULL),
(1368, '1158/KMI/MAT/FUNC', 1, 'Data SCR 4', 'I', '8', 'Data SCR 4', NULL, NULL),
(1369, '1159/KMI/MAT/FUNC', 1, 'Data Sales order vs real output', 'I', '8', 'Data Sales order vs real output', NULL, NULL),
(1370, '1160/KMI/MAT/FUNC', 1, 'Setting Formula', 'A', '8', 'Setting Formula', NULL, NULL),
(1371, '1161/KMI/MAT/FUNC', 1, 'Operation Exellence', 'I', '8', 'Operation Exellence', NULL, NULL),
(1372, '1162/KMI/MAT/FUNC', 1, 'Supply Chain & Management', 'A', '8', 'Supply Chain & Management', NULL, NULL),
(1373, '1163/KMI/MAT/FUNC', 1, 'Editing video with adobe premiere', 'I', '8', 'Editing video with adobe premiere', NULL, NULL),
(1374, '1164/KMI/MAT/FUNC', 1, 'Editing video with after effect', 'I', '8', 'Editing video with after effect', NULL, NULL),
(1375, '1165/KMI/MAT/FUNC', 1, 'Grafana Dashboard', 'I', '8', 'Penggunaan Grafana untuk dashboard', NULL, NULL),
(1376, '1166/KMI/MAT/FUNC', 1, 'Programing with Laravel', 'A', '8', 'Framework Laravel untuk developer', NULL, NULL),
(1377, '1167/KMI/MAT/FUNC', 1, 'Operasional OBS', 'I', '8', 'operasional penggunaan OBS', NULL, NULL),
(1378, '1168/KMI/MAT/FUNC', 1, 'Aximetry', 'I', '8', 'operasional penggunaan Aximetri', NULL, NULL),
(1379, '1169/KMI/MAT/FUNC', 1, 'UI UX', 'I', '8', 'UI UX', NULL, NULL),
(1380, '1170/KMI/MAT/FUNC', 1, 'Microcontroler', 'I', '8', 'Microcontroler basic and developer', NULL, NULL),
(1381, '1171/KMI/MAT/FUNC', 1, 'VR Training', 'B', '8', 'Virtual reality', NULL, NULL),
(1382, '1172/KMI/MAT/FUNC', 1, 'Database Akses', 'A', '8', 'Remote database', NULL, NULL),
(1383, '1173/KMI/MAT/FUNC', 1, 'Video Editing', 'B', '8', 'Compresi video', NULL, NULL),
(1384, '1174/KMI/MAT/FUNC', 1, 'API Connection', 'I', '8', 'Onehealth API Connection', NULL, NULL),
(1385, '51/KMI/FUNC', 1, 'Prosedur pengajuan training', 'B', '8', 'berisi penjelasan mengenai pengajuan training', '2022-06-08 03:59:11', '2022-06-08 03:59:11'),
(1386, '52/KMI/FUNC', 1, 'Membuka dan menutup training', 'B', '8', 'Berisi mengenai membuka dan menutup training', '2022-06-08 03:58:42', '2022-06-08 03:58:42');

-- --------------------------------------------------------

--
-- Table structure for table `curriculum_to_job`
--

CREATE TABLE `curriculum_to_job` (
  `id_ctb` int(10) UNSIGNED NOT NULL,
  `id_curriculum` int(11) NOT NULL,
  `id_job_title` char(8) NOT NULL
) ENGINE=InnoDB DEFAULT CHARSET=utf8mb4;

--
-- Dumping data for table `curriculum_to_job`
--

INSERT INTO `curriculum_to_job` (`id_ctb`, `id_curriculum`, `id_job_title`) VALUES
(31, 1, 'JT-0049'),
(32, 1, 'JT-0069'),
(33, 1, 'JT-0102'),
(34, 1, 'JT-0153'),
(35, 2, 'JT-0049'),
(36, 2, 'JT-0069'),
(37, 2, 'JT-0102'),
(38, 2, 'JT-0153'),
(39, 3, 'JT-0049'),
(40, 3, 'JT-0069'),
(41, 3, 'JT-0102'),
(42, 3, 'JT-0153'),
(43, 4, 'JT-0049'),
(44, 4, 'JT-0069'),
(45, 4, 'JT-0102'),
(46, 4, 'JT-0153'),
(47, 5, 'JT-0049'),
(48, 5, 'JT-0069'),
(49, 5, 'JT-0102'),
(50, 5, 'JT-0153'),
(51, 6, 'JT-0049'),
(52, 6, 'JT-0069'),
(53, 6, 'JT-0102'),
(54, 6, 'JT-0153'),
(55, 7, 'JT-0049'),
(56, 7, 'JT-0069'),
(57, 7, 'JT-0102'),
(58, 7, 'JT-0153'),
(59, 8, 'JT-0049'),
(60, 8, 'JT-0069'),
(61, 8, 'JT-0102'),
(62, 8, 'JT-0153'),
(63, 9, 'JT-0049'),
(64, 9, 'JT-0069'),
(65, 9, 'JT-0102'),
(66, 9, 'JT-0153'),
(67, 10, 'JT-0049'),
(68, 10, 'JT-0069'),
(69, 10, 'JT-0102'),
(70, 10, 'JT-0153'),
(71, 11, 'JT-0049'),
(72, 11, 'JT-0069'),
(73, 11, 'JT-0102'),
(74, 11, 'JT-0153'),
(75, 12, 'JT-0049'),
(76, 12, 'JT-0069'),
(77, 12, 'JT-0102'),
(78, 12, 'JT-0153'),
(79, 13, 'JT-0049'),
(80, 13, 'JT-0069'),
(81, 13, 'JT-0102'),
(82, 13, 'JT-0153'),
(83, 14, 'JT-0049'),
(84, 14, 'JT-0069'),
(85, 14, 'JT-0102'),
(86, 14, 'JT-0153'),
(87, 15, 'JT-0049'),
(88, 15, 'JT-0069'),
(89, 15, 'JT-0102'),
(90, 15, 'JT-0153'),
(91, 16, 'JT-0049'),
(93, 16, 'JT-0102'),
(94, 16, 'JT-0153'),
(95, 17, 'JT-0069'),
(96, 17, 'JT-0102'),
(97, 17, 'JT-0153'),
(98, 18, 'JT-0049'),
(99, 18, 'JT-0069'),
(100, 18, 'JT-0102'),
(101, 18, 'JT-0153'),
(102, 16, 'JT-0069'),
(103, 19, 'JT-0049'),
(104, 19, 'JT-0069'),
(105, 19, 'JT-0102'),
(106, 19, 'JT-0153'),
(107, 20, 'JT-0049'),
(108, 20, 'JT-0069'),
(109, 20, 'JT-0102'),
(110, 20, 'JT-0153'),
(117, 26, 'JT-0153'),
(118, 25, 'JT-0153'),
(119, 24, 'JT-0153'),
(120, 23, 'JT-0153'),
(121, 22, 'JT-0153'),
(122, 21, 'JT-0153'),
(123, 27, 'JT-0153'),
(124, 28, 'JT-0153'),
(125, 29, 'JT-0069'),
(126, 29, 'JT-0153'),
(127, 30, 'JT-0069'),
(128, 30, 'JT-0153'),
(129, 31, 'JT-0069'),
(130, 31, 'JT-0153'),
(131, 32, 'JT-0102'),
(132, 32, 'JT-0153'),
(133, 33, 'JT-0153'),
(134, 34, 'JT-0049'),
(135, 34, 'JT-0069'),
(136, 34, 'JT-0102'),
(137, 34, 'JT-0153'),
(138, 35, 'JT-0049'),
(139, 35, 'JT-0069'),
(140, 35, 'JT-0102'),
(141, 35, 'JT-0153'),
(142, 36, 'JT-0049'),
(143, 36, 'JT-0069'),
(144, 36, 'JT-0102'),
(145, 36, 'JT-0153'),
(146, 37, 'JT-0049'),
(147, 37, 'JT-0069'),
(148, 37, 'JT-0102'),
(149, 37, 'JT-0153'),
(150, 38, 'JT-0049'),
(151, 38, 'JT-0069'),
(152, 38, 'JT-0102'),
(153, 38, 'JT-0153'),
(154, 39, 'JT-0049'),
(155, 39, 'JT-0069'),
(156, 39, 'JT-0102'),
(157, 39, 'JT-0153'),
(158, 40, 'JT-0049'),
(159, 40, 'JT-0069'),
(160, 40, 'JT-0102'),
(161, 40, 'JT-0153'),
(162, 41, 'JT-0049'),
(163, 41, 'JT-0069'),
(164, 41, 'JT-0102'),
(165, 41, 'JT-0153'),
(166, 42, 'JT-0049'),
(167, 42, 'JT-0069'),
(168, 42, 'JT-0102'),
(169, 42, 'JT-0153'),
(170, 43, 'JT-0049'),
(171, 43, 'JT-0069'),
(172, 43, 'JT-0102'),
(173, 43, 'JT-0153'),
(174, 44, 'JT-0049'),
(175, 44, 'JT-0069'),
(176, 44, 'JT-0102'),
(177, 44, 'JT-0153'),
(178, 45, 'JT-0049'),
(179, 45, 'JT-0069'),
(180, 45, 'JT-0102'),
(181, 45, 'JT-0153'),
(182, 46, 'JT-0049'),
(183, 46, 'JT-0070'),
(184, 46, 'JT-0102'),
(185, 46, 'JT-0153'),
(186, 47, 'JT-0049'),
(187, 47, 'JT-0069'),
(188, 47, 'JT-0102'),
(189, 47, 'JT-0153'),
(190, 48, 'JT-0049'),
(191, 48, 'JT-0069'),
(192, 48, 'JT-0102'),
(193, 48, 'JT-0153'),
(194, 49, 'JT-0049'),
(195, 49, 'JT-0069'),
(196, 49, 'JT-0102'),
(197, 49, 'JT-0153'),
(198, 50, 'JT-0049'),
(199, 50, 'JT-0069'),
(200, 50, 'JT-0102'),
(201, 50, 'JT-0153'),
(206, 161, 'JT-0049'),
(207, 161, 'JT-0069'),
(208, 161, 'JT-0102'),
(209, 161, 'JT-0153'),
(210, 195, 'JT-0049'),
(211, 195, 'JT-0069'),
(212, 195, 'JT-0102'),
(213, 195, 'JT-0153'),
(214, 103, 'JT-0049'),
(215, 103, 'JT-0069'),
(216, 103, 'JT-0102'),
(217, 103, 'JT-0153'),
(218, 104, 'JT-0049'),
(219, 104, 'JT-0069'),
(220, 104, 'JT-0102'),
(221, 104, 'JT-0153'),
(222, 105, 'JT-0049'),
(223, 105, 'JT-0069'),
(224, 105, 'JT-0102'),
(225, 105, 'JT-0153'),
(226, 106, 'JT-0049'),
(227, 106, 'JT-0069'),
(228, 106, 'JT-0102'),
(229, 106, 'JT-0153'),
(230, 196, 'JT-0069'),
(231, 196, 'JT-0102'),
(232, 197, 'JT-0069'),
(233, 197, 'JT-0102'),
(234, 198, 'JT-0069'),
(235, 198, 'JT-0102'),
(236, 199, 'JT-0049'),
(237, 199, 'JT-0069'),
(238, 199, 'JT-0071'),
(239, 199, 'JT-0102'),
(240, 199, 'JT-0153'),
(241, 200, 'JT-0049'),
(242, 200, 'JT-0069'),
(243, 200, 'JT-0102'),
(244, 200, 'JT-0153'),
(245, 107, 'JT-0049'),
(246, 107, 'JT-0069'),
(247, 107, 'JT-0102'),
(248, 107, 'JT-0153'),
(249, 108, 'JT-0049'),
(250, 108, 'JT-0069'),
(251, 108, 'JT-0102'),
(252, 108, 'JT-0153'),
(253, 109, 'JT-0049'),
(254, 109, 'JT-0069'),
(255, 109, 'JT-0102'),
(256, 109, 'JT-0153'),
(257, 193, 'JT-0102'),
(258, 193, 'JT-0153'),
(259, 110, 'JT-0049'),
(260, 110, 'JT-0069'),
(261, 110, 'JT-0102'),
(262, 110, 'JT-0153'),
(263, 111, 'JT-0049'),
(264, 111, 'JT-0069'),
(265, 111, 'JT-0102'),
(266, 111, 'JT-0153'),
(267, 112, 'JT-0049'),
(268, 112, 'JT-0069'),
(269, 112, 'JT-0102'),
(270, 112, 'JT-0153'),
(271, 113, 'JT-0049'),
(272, 113, 'JT-0069'),
(273, 113, 'JT-0102'),
(274, 113, 'JT-0153'),
(275, 114, 'JT-0049'),
(276, 114, 'JT-0069'),
(277, 114, 'JT-0102'),
(278, 114, 'JT-0153'),
(279, 115, 'JT-0049'),
(280, 115, 'JT-0069'),
(281, 115, 'JT-0102'),
(282, 115, 'JT-0153'),
(283, 116, 'JT-0049'),
(284, 116, 'JT-0069'),
(285, 116, 'JT-0102'),
(286, 116, 'JT-0153'),
(287, 117, 'JT-0049'),
(288, 117, 'JT-0069'),
(289, 117, 'JT-0102'),
(290, 117, 'JT-0153'),
(291, 118, 'JT-0049'),
(292, 118, 'JT-0153'),
(293, 119, 'JT-0049'),
(294, 119, 'JT-0153'),
(295, 120, 'JT-0049'),
(296, 120, 'JT-0153'),
(297, 121, 'JT-0153'),
(298, 122, 'JT-0153'),
(299, 123, 'JT-0153'),
(300, 124, 'JT-0049'),
(301, 124, 'JT-0069'),
(302, 124, 'JT-0102'),
(303, 124, 'JT-0153'),
(304, 125, 'JT-0049'),
(305, 125, 'JT-0069'),
(306, 125, 'JT-0102'),
(307, 125, 'JT-0153'),
(308, 126, 'JT-0049'),
(309, 126, 'JT-0069'),
(310, 126, 'JT-0102'),
(311, 126, 'JT-0153'),
(312, 127, 'JT-0049'),
(313, 127, 'JT-0069'),
(314, 127, 'JT-0102'),
(315, 127, 'JT-0153'),
(316, 128, 'JT-0049'),
(317, 128, 'JT-0069'),
(318, 128, 'JT-0102'),
(319, 128, 'JT-0153'),
(320, 129, 'JT-0069'),
(321, 130, 'JT-0069'),
(322, 131, 'JT-0069'),
(323, 132, 'JT-0069'),
(324, 133, 'JT-0069'),
(325, 134, 'JT-0069'),
(326, 135, 'JT-0069'),
(327, 136, 'JT-0069'),
(328, 137, 'JT-0069'),
(329, 138, 'JT-0069'),
(330, 139, 'JT-0069'),
(331, 140, 'JT-0069'),
(332, 141, 'JT-0069'),
(333, 142, 'JT-0069'),
(334, 143, 'JT-0069'),
(335, 144, 'JT-0069'),
(336, 145, 'JT-0069'),
(337, 146, 'JT-0069'),
(338, 147, 'JT-0069'),
(339, 148, 'JT-0069'),
(340, 149, 'JT-0069'),
(341, 150, 'JT-0069'),
(342, 151, 'JT-0069'),
(343, 152, 'JT-0069'),
(344, 153, 'JT-0069'),
(345, 154, 'JT-0069'),
(346, 155, 'JT-0049'),
(347, 155, 'JT-0069'),
(348, 155, 'JT-0102'),
(349, 155, 'JT-0153'),
(350, 156, 'JT-0049'),
(351, 156, 'JT-0069'),
(352, 156, 'JT-0102'),
(353, 156, 'JT-0153'),
(354, 157, 'JT-0049'),
(355, 157, 'JT-0069'),
(356, 157, 'JT-0102'),
(357, 157, 'JT-0153'),
(358, 158, 'JT-0049'),
(359, 158, 'JT-0069'),
(360, 158, 'JT-0102'),
(361, 158, 'JT-0153'),
(362, 159, 'JT-0049'),
(363, 159, 'JT-0069'),
(364, 159, 'JT-0102'),
(365, 159, 'JT-0153'),
(366, 160, 'JT-0049'),
(367, 160, 'JT-0069'),
(368, 160, 'JT-0102'),
(369, 160, 'JT-0153'),
(370, 162, 'JT-0049'),
(371, 162, 'JT-0069'),
(372, 162, 'JT-0102'),
(373, 162, 'JT-0153'),
(374, 163, 'JT-0049'),
(375, 163, 'JT-0069'),
(376, 163, 'JT-0102'),
(377, 163, 'JT-0153'),
(378, 164, 'JT-0049'),
(379, 164, 'JT-0069'),
(380, 164, 'JT-0102'),
(381, 164, 'JT-0153'),
(382, 165, 'JT-0049'),
(383, 165, 'JT-0069'),
(384, 165, 'JT-0102'),
(385, 165, 'JT-0153'),
(386, 166, 'JT-0049'),
(387, 166, 'JT-0069'),
(388, 166, 'JT-0102'),
(389, 166, 'JT-0153'),
(390, 167, 'JT-0049'),
(391, 167, 'JT-0069'),
(392, 167, 'JT-0102'),
(393, 167, 'JT-0153'),
(394, 168, 'JT-0049'),
(395, 168, 'JT-0069'),
(396, 168, 'JT-0102'),
(397, 168, 'JT-0153'),
(398, 169, 'JT-0049'),
(399, 169, 'JT-0069'),
(400, 169, 'JT-0102'),
(401, 169, 'JT-0153'),
(402, 170, 'JT-0049'),
(403, 170, 'JT-0069'),
(404, 170, 'JT-0102'),
(405, 170, 'JT-0153'),
(406, 171, 'JT-0049'),
(407, 171, 'JT-0069'),
(408, 171, 'JT-0102'),
(409, 171, 'JT-0153'),
(410, 172, 'JT-0049'),
(411, 172, 'JT-0069'),
(412, 172, 'JT-0102'),
(413, 172, 'JT-0153'),
(414, 173, 'JT-0049'),
(415, 173, 'JT-0069'),
(416, 173, 'JT-0102'),
(417, 173, 'JT-0153'),
(418, 174, 'JT-0049'),
(419, 174, 'JT-0069'),
(420, 174, 'JT-0102'),
(421, 174, 'JT-0153'),
(422, 175, 'JT-0049'),
(423, 175, 'JT-0069'),
(424, 175, 'JT-0102'),
(425, 175, 'JT-0153'),
(426, 176, 'JT-0049'),
(427, 176, 'JT-0069'),
(428, 176, 'JT-0102'),
(429, 176, 'JT-0153'),
(430, 177, 'JT-0049'),
(431, 177, 'JT-0069'),
(432, 177, 'JT-0102'),
(433, 177, 'JT-0153'),
(434, 178, 'JT-0049'),
(435, 178, 'JT-0069'),
(436, 178, 'JT-0102'),
(437, 178, 'JT-0153'),
(438, 179, 'JT-0049'),
(439, 179, 'JT-0069'),
(440, 179, 'JT-0102'),
(441, 179, 'JT-0153'),
(442, 180, 'JT-0049'),
(443, 180, 'JT-0069'),
(444, 180, 'JT-0102'),
(445, 180, 'JT-0153'),
(446, 181, 'JT-0049'),
(447, 181, 'JT-0069'),
(448, 181, 'JT-0102'),
(449, 181, 'JT-0153'),
(450, 182, 'JT-0049'),
(451, 182, 'JT-0069'),
(452, 182, 'JT-0102'),
(453, 182, 'JT-0153'),
(454, 183, 'JT-0049'),
(455, 183, 'JT-0069'),
(456, 183, 'JT-0102'),
(457, 183, 'JT-0153'),
(458, 184, 'JT-0049'),
(459, 184, 'JT-0069'),
(460, 184, 'JT-0102'),
(461, 184, 'JT-0153'),
(462, 185, 'JT-0049'),
(463, 185, 'JT-0069'),
(464, 185, 'JT-0102'),
(465, 185, 'JT-0153'),
(466, 186, 'JT-0049'),
(467, 186, 'JT-0069'),
(468, 186, 'JT-0102'),
(469, 186, 'JT-0153'),
(470, 187, 'JT-0049'),
(471, 187, 'JT-0069'),
(472, 187, 'JT-0102'),
(473, 187, 'JT-0153'),
(474, 188, 'JT-0049'),
(475, 188, 'JT-0069'),
(476, 188, 'JT-0102'),
(477, 188, 'JT-0153'),
(478, 189, 'JT-0049'),
(479, 189, 'JT-0069'),
(480, 189, 'JT-0102'),
(481, 189, 'JT-0153'),
(482, 190, 'JT-0049'),
(483, 190, 'JT-0069'),
(484, 190, 'JT-0102'),
(485, 190, 'JT-0153'),
(486, 191, 'JT-0049'),
(487, 191, 'JT-0069'),
(488, 191, 'JT-0102'),
(489, 191, 'JT-0153'),
(491, 192, 'JT-0153'),
(492, 192, 'JT-0102'),
(493, 194, 'JT-0069'),
(494, 194, 'JT-0153'),
(496, 1385, 'JT-0049'),
(497, 1385, 'JT-0069'),
(498, 1385, 'JT-0102'),
(499, 1385, 'JT-0153'),
(500, 1386, 'JT-0049'),
(501, 1386, 'JT-0069'),
(502, 1386, 'JT-0102'),
(503, 1386, 'JT-0153'),
(504, 1, 'JT-0046'),
(505, 1, 'JT-0047'),
(506, 1, 'JT-0054'),
(507, 2, 'JT-0046'),
(508, 2, 'JT-0047'),
(509, 2, 'JT-0054'),
(510, 3, 'JT-0046'),
(511, 3, 'JT-0047'),
(512, 3, 'JT-0054'),
(513, 4, 'JT-0046'),
(514, 4, 'JT-0047'),
(515, 4, 'JT-0054'),
(516, 5, 'JT-0046'),
(517, 5, 'JT-0047'),
(518, 5, 'JT-0054'),
(519, 6, 'JT-0046'),
(520, 6, 'JT-0047'),
(521, 6, 'JT-0054'),
(522, 7, 'JT-0046'),
(523, 7, 'JT-0047'),
(524, 7, 'JT-0054'),
(525, 8, 'JT-0046'),
(526, 8, 'JT-0047'),
(527, 8, 'JT-0054'),
(528, 9, 'JT-0046'),
(529, 9, 'JT-0047'),
(530, 9, 'JT-0054'),
(531, 10, 'JT-0046'),
(532, 10, 'JT-0047'),
(533, 10, 'JT-0054'),
(534, 11, 'JT-0046'),
(535, 11, 'JT-0047'),
(536, 11, 'JT-0054'),
(537, 12, 'JT-0046'),
(538, 12, 'JT-0047'),
(539, 12, 'JT-0054'),
(540, 13, 'JT-0046'),
(541, 13, 'JT-0047'),
(542, 13, 'JT-0054'),
(543, 14, 'JT-0046'),
(544, 14, 'JT-0047'),
(545, 14, 'JT-0054'),
(546, 15, 'JT-0046'),
(547, 15, 'JT-0047'),
(548, 15, 'JT-0054'),
(549, 16, 'JT-0046'),
(550, 16, 'JT-0047'),
(551, 16, 'JT-0054'),
(552, 17, 'JT-0047'),
(553, 17, 'JT-0054'),
(554, 18, 'JT-0047'),
(555, 18, 'JT-0054'),
(556, 19, 'JT-0054'),
(557, 20, 'JT-0054'),
(558, 21, 'JT-0054'),
(559, 22, 'JT-0054'),
(560, 23, 'JT-0054'),
(561, 24, 'JT-0054'),
(562, 25, 'JT-0054'),
(563, 26, 'JT-0054'),
(564, 27, 'JT-0054'),
(565, 28, 'JT-0054'),
(566, 204, 'JT-0047'),
(567, 204, 'JT-0054'),
(568, 205, 'JT-0047'),
(569, 205, 'JT-0054'),
(570, 206, 'JT-0047'),
(571, 206, 'JT-0054'),
(572, 207, 'JT-0047'),
(573, 207, 'JT-0054'),
(574, 208, 'JT-0047'),
(575, 208, 'JT-0054'),
(576, 209, 'JT-0047'),
(577, 209, 'JT-0054'),
(578, 210, 'JT-0047'),
(579, 210, 'JT-0054'),
(580, 211, 'JT-0047'),
(581, 211, 'JT-0054'),
(582, 212, 'JT-0047'),
(583, 212, 'JT-0054'),
(584, 213, 'JT-0046'),
(585, 213, 'JT-0047'),
(586, 213, 'JT-0054'),
(587, 214, 'JT-0046'),
(588, 214, 'JT-0047'),
(589, 214, 'JT-0054'),
(590, 215, 'JT-0046'),
(591, 215, 'JT-0047'),
(592, 215, 'JT-0054'),
(593, 216, 'JT-0046'),
(594, 216, 'JT-0047'),
(595, 216, 'JT-0054'),
(596, 217, 'JT-0046'),
(597, 217, 'JT-0047'),
(598, 217, 'JT-0054'),
(599, 218, 'JT-0046'),
(600, 218, 'JT-0047'),
(601, 218, 'JT-0054'),
(602, 219, 'JT-0046'),
(603, 219, 'JT-0047'),
(604, 219, 'JT-0054'),
(605, 220, 'JT-0046'),
(606, 220, 'JT-0047'),
(607, 220, 'JT-0054'),
(608, 221, 'JT-0046'),
(609, 221, 'JT-0047'),
(610, 221, 'JT-0054'),
(611, 222, 'JT-0046'),
(612, 222, 'JT-0047'),
(613, 222, 'JT-0054'),
(614, 223, 'JT-0046'),
(615, 223, 'JT-0047'),
(616, 223, 'JT-0054'),
(617, 224, 'JT-0046'),
(618, 224, 'JT-0047'),
(619, 224, 'JT-0054'),
(620, 225, 'JT-0046'),
(621, 225, 'JT-0047'),
(622, 225, 'JT-0054'),
(623, 226, 'JT-0046'),
(624, 226, 'JT-0047'),
(625, 226, 'JT-0054'),
(626, 227, 'JT-0046'),
(627, 227, 'JT-0047'),
(628, 227, 'JT-0054'),
(629, 228, 'JT-0046'),
(630, 228, 'JT-0047'),
(631, 228, 'JT-0054'),
(632, 230, 'JT-0046'),
(633, 230, 'JT-0047'),
(634, 230, 'JT-0054'),
(635, 231, 'JT-0046'),
(636, 231, 'JT-0047'),
(637, 231, 'JT-0054'),
(638, 232, 'JT-0046'),
(639, 232, 'JT-0047'),
(640, 232, 'JT-0054'),
(641, 233, 'JT-0046'),
(642, 233, 'JT-0047'),
(643, 233, 'JT-0054'),
(644, 234, 'JT-0046'),
(645, 234, 'JT-0047'),
(646, 234, 'JT-0054'),
(647, 235, 'JT-0046'),
(648, 235, 'JT-0047'),
(649, 235, 'JT-0054'),
(650, 236, 'JT-0047'),
(651, 236, 'JT-0054'),
(652, 237, 'JT-0047'),
(653, 237, 'JT-0054'),
(654, 239, 'JT-0046'),
(655, 239, 'JT-0047'),
(656, 239, 'JT-0054'),
(657, 240, 'JT-0046'),
(658, 240, 'JT-0047'),
(659, 240, 'JT-0054'),
(660, 241, 'JT-0046'),
(661, 241, 'JT-0047'),
(662, 241, 'JT-0054'),
(663, 242, 'JT-0046'),
(664, 242, 'JT-0047'),
(665, 242, 'JT-0054'),
(666, 243, 'JT-0046'),
(667, 243, 'JT-0047'),
(668, 243, 'JT-0054'),
(669, 244, 'JT-0046'),
(670, 244, 'JT-0047'),
(671, 244, 'JT-0054'),
(672, 245, 'JT-0046'),
(673, 245, 'JT-0047'),
(674, 245, 'JT-0054'),
(676, 246, 'JT-0047'),
(677, 246, 'JT-0054'),
(678, 247, 'JT-0046'),
(679, 247, 'JT-0047'),
(680, 247, 'JT-0054'),
(681, 248, 'JT-0046'),
(682, 248, 'JT-0047'),
(683, 248, 'JT-0054'),
(684, 249, 'JT-0046'),
(685, 249, 'JT-0047'),
(686, 249, 'JT-0054'),
(687, 250, 'JT-0046'),
(688, 250, 'JT-0047'),
(689, 250, 'JT-0054'),
(690, 251, 'JT-0046'),
(691, 251, 'JT-0047'),
(692, 251, 'JT-0054'),
(693, 252, 'JT-0046'),
(694, 252, 'JT-0047'),
(695, 252, 'JT-0054'),
(696, 253, 'JT-0046'),
(697, 253, 'JT-0047'),
(698, 253, 'JT-0054'),
(699, 254, 'JT-0046'),
(700, 254, 'JT-0047'),
(701, 254, 'JT-0054'),
(702, 306, 'JT-0046'),
(703, 306, 'JT-0047'),
(704, 306, 'JT-0054'),
(705, 307, 'JT-0046'),
(706, 307, 'JT-0047'),
(707, 307, 'JT-0054'),
(708, 308, 'JT-0046'),
(709, 308, 'JT-0047'),
(710, 308, 'JT-0054'),
(711, 309, 'JT-0046'),
(712, 309, 'JT-0047'),
(713, 309, 'JT-0054'),
(714, 310, 'JT-0046'),
(715, 310, 'JT-0047'),
(716, 310, 'JT-0054'),
(717, 311, 'JT-0046'),
(718, 311, 'JT-0047'),
(719, 311, 'JT-0054'),
(720, 312, 'JT-0046'),
(721, 312, 'JT-0047'),
(722, 312, 'JT-0054'),
(723, 313, 'JT-0046'),
(724, 313, 'JT-0047'),
(725, 313, 'JT-0054'),
(726, 314, 'JT-0047'),
(727, 314, 'JT-0054'),
(728, 315, 'JT-0047'),
(729, 315, 'JT-0054'),
(730, 316, 'JT-0047'),
(731, 316, 'JT-0054'),
(732, 317, 'JT-0047'),
(733, 317, 'JT-0054'),
(734, 318, 'JT-0047'),
(735, 318, 'JT-0054'),
(736, 319, 'JT-0054'),
(737, 320, 'JT-0047'),
(738, 320, 'JT-0054'),
(739, 321, 'JT-0046'),
(740, 321, 'JT-0047'),
(741, 321, 'JT-0054'),
(742, 322, 'JT-0047'),
(743, 322, 'JT-0054'),
(744, 323, 'JT-0047'),
(745, 323, 'JT-0054'),
(746, 324, 'JT-0047'),
(747, 324, 'JT-0054'),
(748, 325, 'JT-0047'),
(749, 325, 'JT-0054'),
(750, 326, 'JT-0046'),
(751, 326, 'JT-0047'),
(752, 326, 'JT-0054'),
(753, 327, 'JT-0046'),
(754, 327, 'JT-0047'),
(755, 327, 'JT-0054'),
(756, 328, 'JT-0046'),
(757, 328, 'JT-0047'),
(758, 328, 'JT-0054'),
(759, 329, 'JT-0047'),
(760, 329, 'JT-0054'),
(761, 330, 'JT-0047'),
(762, 330, 'JT-0054'),
(763, 331, 'JT-0047'),
(764, 331, 'JT-0054'),
(765, 332, 'JT-0054'),
(766, 333, 'JT-0047'),
(767, 333, 'JT-0054'),
(768, 334, 'JT-0054'),
(769, 335, 'JT-0054'),
(770, 168, 'JT-0047'),
(771, 168, 'JT-0054'),
(772, 337, 'JT-0047'),
(773, 337, 'JT-0054'),
(774, 338, 'JT-0054'),
(775, 339, 'JT-0054'),
(776, 340, 'JT-0047'),
(777, 340, 'JT-0054'),
(778, 341, 'JT-0047'),
(779, 341, 'JT-0054'),
(780, 342, 'JT-0054'),
(781, 343, 'JT-0047'),
(782, 343, 'JT-0054'),
(783, 1, 'JT-0004'),
(784, 1, 'JT-0013'),
(785, 1, 'JT-0017'),
(786, 1, 'JT-0018'),
(787, 1, 'JT-0020'),
(788, 1, 'JT-0021'),
(789, 1, 'JT-0036'),
(790, 1, 'JT-0079'),
(791, 1, 'JT-0166'),
(792, 2, 'JT-0004'),
(793, 2, 'JT-0013'),
(794, 2, 'JT-0017'),
(795, 2, 'JT-0018'),
(796, 2, 'JT-0020'),
(797, 2, 'JT-0021'),
(798, 2, 'JT-0036'),
(799, 2, 'JT-0079'),
(800, 2, 'JT-0166'),
(801, 3, 'JT-0004'),
(802, 3, 'JT-0013'),
(803, 3, 'JT-0017'),
(804, 3, 'JT-0018'),
(805, 3, 'JT-0020'),
(806, 3, 'JT-0021'),
(807, 3, 'JT-0036'),
(808, 3, 'JT-0079'),
(809, 3, 'JT-0166'),
(822, 5, 'JT-0004'),
(823, 5, 'JT-0013'),
(824, 5, 'JT-0017'),
(825, 5, 'JT-0018'),
(826, 5, 'JT-0020'),
(827, 5, 'JT-0021'),
(828, 5, 'JT-0036'),
(829, 5, 'JT-0079'),
(830, 5, 'JT-0166'),
(831, 6, 'JT-0004'),
(832, 6, 'JT-0013'),
(833, 6, 'JT-0017'),
(834, 6, 'JT-0018'),
(836, 6, 'JT-0021'),
(837, 6, 'JT-0036'),
(838, 6, 'JT-0079'),
(839, 6, 'JT-0166'),
(855, 4, 'JT-0017'),
(856, 4, 'JT-0018'),
(857, 4, 'JT-0166'),
(858, 7, 'JT-0013'),
(859, 7, 'JT-0017'),
(860, 7, 'JT-0018'),
(861, 7, 'JT-0020'),
(862, 7, 'JT-0021'),
(863, 7, 'JT-0036'),
(864, 7, 'JT-0079'),
(865, 7, 'JT-0166'),
(866, 8, 'JT-0004'),
(867, 8, 'JT-0013'),
(868, 8, 'JT-0017'),
(869, 8, 'JT-0018'),
(870, 8, 'JT-0020'),
(871, 8, 'JT-0021'),
(872, 8, 'JT-0036'),
(873, 8, 'JT-0079'),
(874, 8, 'JT-0166'),
(875, 7, 'JT-0004'),
(876, 4, 'JT-0004'),
(877, 4, 'JT-0013'),
(878, 4, 'JT-0020'),
(879, 4, 'JT-0021'),
(880, 4, 'JT-0036'),
(881, 4, 'JT-0079'),
(882, 9, 'JT-0004'),
(883, 9, 'JT-0013'),
(884, 9, 'JT-0017'),
(885, 9, 'JT-0018'),
(886, 9, 'JT-0020'),
(887, 9, 'JT-0021'),
(888, 9, 'JT-0036'),
(889, 9, 'JT-0079'),
(890, 9, 'JT-0166'),
(891, 10, 'JT-0004'),
(892, 10, 'JT-0013'),
(893, 10, 'JT-0017'),
(894, 10, 'JT-0018'),
(895, 10, 'JT-0020'),
(896, 10, 'JT-0021'),
(897, 10, 'JT-0036'),
(898, 10, 'JT-0079'),
(899, 10, 'JT-0166'),
(900, 11, 'JT-0004'),
(901, 11, 'JT-0013'),
(902, 11, 'JT-0017'),
(903, 11, 'JT-0018'),
(904, 11, 'JT-0020'),
(905, 11, 'JT-0021'),
(906, 11, 'JT-0036'),
(907, 11, 'JT-0079'),
(908, 11, 'JT-0166'),
(909, 12, 'JT-0004'),
(910, 12, 'JT-0013'),
(911, 12, 'JT-0017'),
(912, 12, 'JT-0018'),
(913, 12, 'JT-0020'),
(914, 12, 'JT-0021'),
(915, 12, 'JT-0036'),
(916, 12, 'JT-0079'),
(917, 12, 'JT-0166'),
(918, 13, 'JT-0004'),
(919, 13, 'JT-0013'),
(920, 13, 'JT-0017'),
(921, 13, 'JT-0018'),
(922, 13, 'JT-0020'),
(923, 13, 'JT-0021'),
(924, 13, 'JT-0036'),
(925, 13, 'JT-0079'),
(926, 13, 'JT-0166'),
(927, 14, 'JT-0004'),
(928, 14, 'JT-0013'),
(929, 14, 'JT-0017'),
(930, 14, 'JT-0018'),
(931, 14, 'JT-0020'),
(932, 14, 'JT-0021'),
(933, 14, 'JT-0036'),
(934, 14, 'JT-0079'),
(935, 14, 'JT-0166'),
(936, 15, 'JT-0004'),
(937, 15, 'JT-0013'),
(938, 15, 'JT-0017'),
(939, 15, 'JT-0021'),
(940, 15, 'JT-0036'),
(942, 15, 'JT-0166'),
(943, 16, 'JT-0004'),
(944, 16, 'JT-0013'),
(945, 16, 'JT-0017'),
(946, 16, 'JT-0018'),
(947, 16, 'JT-0020'),
(948, 16, 'JT-0021'),
(949, 16, 'JT-0036'),
(950, 16, 'JT-0079'),
(951, 16, 'JT-0166'),
(952, 17, 'JT-0018'),
(953, 17, 'JT-0020'),
(954, 18, 'JT-0004'),
(955, 18, 'JT-0013'),
(956, 18, 'JT-0017'),
(957, 18, 'JT-0018'),
(958, 18, 'JT-0020'),
(959, 18, 'JT-0021'),
(960, 18, 'JT-0036'),
(961, 18, 'JT-0079'),
(962, 18, 'JT-0166'),
(963, 19, 'JT-0004'),
(964, 19, 'JT-0013'),
(965, 19, 'JT-0017'),
(966, 19, 'JT-0018'),
(967, 19, 'JT-0020'),
(968, 19, 'JT-0021'),
(969, 19, 'JT-0036'),
(970, 19, 'JT-0079'),
(971, 19, 'JT-0166'),
(972, 20, 'JT-0004'),
(973, 20, 'JT-0013'),
(974, 20, 'JT-0017'),
(975, 20, 'JT-0018'),
(976, 20, 'JT-0020'),
(977, 20, 'JT-0021'),
(978, 20, 'JT-0036'),
(979, 20, 'JT-0079'),
(980, 20, 'JT-0166'),
(981, 21, 'JT-0004'),
(982, 21, 'JT-0017'),
(983, 21, 'JT-0018'),
(984, 21, 'JT-0020'),
(985, 21, 'JT-0021'),
(986, 21, 'JT-0036'),
(987, 21, 'JT-0079'),
(988, 21, 'JT-0166'),
(989, 21, 'JT-0013'),
(990, 22, 'JT-0013'),
(991, 22, 'JT-0017'),
(992, 22, 'JT-0018'),
(993, 22, 'JT-0020'),
(994, 22, 'JT-0021'),
(995, 22, 'JT-0036'),
(996, 22, 'JT-0079'),
(997, 22, 'JT-0166'),
(998, 22, 'JT-0004'),
(999, 24, 'JT-0018'),
(1000, 24, 'JT-0020'),
(1001, 27, 'JT-0004'),
(1002, 27, 'JT-0013'),
(1003, 27, 'JT-0017'),
(1004, 27, 'JT-0018'),
(1005, 27, 'JT-0020'),
(1006, 27, 'JT-0021'),
(1007, 27, 'JT-0036'),
(1008, 27, 'JT-0079'),
(1009, 27, 'JT-0166'),
(1010, 28, 'JT-0004'),
(1011, 28, 'JT-0013'),
(1012, 28, 'JT-0017'),
(1013, 28, 'JT-0018'),
(1014, 28, 'JT-0020'),
(1015, 28, 'JT-0021'),
(1016, 28, 'JT-0036'),
(1017, 28, 'JT-0079'),
(1018, 28, 'JT-0166'),
(1019, 344, 'JT-0004'),
(1020, 344, 'JT-0013'),
(1021, 344, 'JT-0017'),
(1022, 344, 'JT-0018'),
(1023, 344, 'JT-0020'),
(1024, 344, 'JT-0021'),
(1025, 344, 'JT-0036'),
(1026, 344, 'JT-0079'),
(1027, 344, 'JT-0166'),
(1028, 345, 'JT-0013'),
(1029, 345, 'JT-0017'),
(1030, 345, 'JT-0018'),
(1031, 345, 'JT-0020'),
(1032, 345, 'JT-0036'),
(1033, 345, 'JT-0079'),
(1034, 346, 'JT-0017'),
(1035, 346, 'JT-0018'),
(1036, 346, 'JT-0020'),
(1037, 346, 'JT-0021'),
(1038, 346, 'JT-0036'),
(1039, 346, 'JT-0079'),
(1040, 346, 'JT-0013'),
(1041, 347, 'JT-0013'),
(1042, 347, 'JT-0018'),
(1043, 347, 'JT-0020'),
(1044, 347, 'JT-0021'),
(1045, 347, 'JT-0036'),
(1046, 347, 'JT-0079'),
(1047, 348, 'JT-0013'),
(1048, 348, 'JT-0017'),
(1049, 348, 'JT-0018'),
(1050, 348, 'JT-0020'),
(1051, 348, 'JT-0036'),
(1052, 348, 'JT-0079'),
(1053, 349, 'JT-0004'),
(1054, 349, 'JT-0013'),
(1055, 349, 'JT-0017'),
(1056, 349, 'JT-0018'),
(1057, 349, 'JT-0020'),
(1058, 349, 'JT-0021'),
(1059, 349, 'JT-0166'),
(1060, 350, 'JT-0013'),
(1061, 350, 'JT-0017'),
(1062, 350, 'JT-0018'),
(1063, 350, 'JT-0020'),
(1064, 350, 'JT-0021'),
(1065, 350, 'JT-0036'),
(1066, 350, 'JT-0079'),
(1067, 351, 'JT-0013'),
(1068, 351, 'JT-0017'),
(1069, 351, 'JT-0018'),
(1070, 351, 'JT-0020'),
(1071, 351, 'JT-0021'),
(1072, 351, 'JT-0036'),
(1073, 351, 'JT-0079'),
(1074, 352, 'JT-0004'),
(1075, 352, 'JT-0013'),
(1076, 352, 'JT-0017'),
(1077, 352, 'JT-0018'),
(1078, 352, 'JT-0020'),
(1079, 352, 'JT-0021'),
(1080, 352, 'JT-0036'),
(1081, 352, 'JT-0079'),
(1082, 352, 'JT-0166'),
(1083, 353, 'JT-0004'),
(1084, 353, 'JT-0013'),
(1085, 353, 'JT-0017'),
(1086, 353, 'JT-0018'),
(1087, 353, 'JT-0020'),
(1088, 353, 'JT-0021'),
(1089, 353, 'JT-0036'),
(1090, 353, 'JT-0079'),
(1091, 353, 'JT-0166'),
(1092, 354, 'JT-0004'),
(1093, 354, 'JT-0013'),
(1094, 354, 'JT-0017'),
(1095, 354, 'JT-0018'),
(1096, 354, 'JT-0020'),
(1097, 354, 'JT-0021'),
(1098, 354, 'JT-0036'),
(1099, 354, 'JT-0079'),
(1100, 354, 'JT-0166'),
(1101, 355, 'JT-0004'),
(1102, 355, 'JT-0013'),
(1103, 355, 'JT-0017'),
(1104, 355, 'JT-0018'),
(1105, 355, 'JT-0020'),
(1106, 355, 'JT-0021'),
(1107, 355, 'JT-0036'),
(1108, 355, 'JT-0079'),
(1109, 355, 'JT-0166'),
(1110, 356, 'JT-0004'),
(1111, 356, 'JT-0013'),
(1112, 356, 'JT-0017'),
(1113, 356, 'JT-0018'),
(1114, 356, 'JT-0020'),
(1115, 356, 'JT-0021'),
(1116, 356, 'JT-0036'),
(1117, 356, 'JT-0079'),
(1118, 356, 'JT-0166'),
(1119, 357, 'JT-0004'),
(1120, 357, 'JT-0013'),
(1121, 357, 'JT-0017'),
(1122, 357, 'JT-0018'),
(1123, 357, 'JT-0020'),
(1124, 357, 'JT-0021'),
(1125, 357, 'JT-0036'),
(1126, 357, 'JT-0079'),
(1127, 357, 'JT-0166'),
(1128, 359, 'JT-0004'),
(1129, 359, 'JT-0013'),
(1130, 359, 'JT-0017'),
(1131, 359, 'JT-0018'),
(1132, 359, 'JT-0020'),
(1133, 359, 'JT-0021'),
(1134, 359, 'JT-0036'),
(1135, 359, 'JT-0079'),
(1136, 359, 'JT-0166'),
(1137, 358, 'JT-0004'),
(1138, 358, 'JT-0013'),
(1139, 358, 'JT-0017'),
(1140, 358, 'JT-0018'),
(1141, 358, 'JT-0020'),
(1142, 358, 'JT-0166'),
(1143, 360, 'JT-0013'),
(1144, 360, 'JT-0018'),
(1145, 360, 'JT-0020'),
(1146, 360, 'JT-0021'),
(1147, 361, 'JT-0004'),
(1148, 361, 'JT-0013'),
(1149, 361, 'JT-0017'),
(1150, 361, 'JT-0018'),
(1151, 361, 'JT-0020'),
(1152, 361, 'JT-0021'),
(1153, 361, 'JT-0036'),
(1154, 361, 'JT-0079'),
(1155, 361, 'JT-0166'),
(1156, 365, 'JT-0004'),
(1157, 365, 'JT-0013'),
(1158, 365, 'JT-0017'),
(1159, 365, 'JT-0018'),
(1160, 365, 'JT-0020'),
(1161, 365, 'JT-0021'),
(1162, 365, 'JT-0036'),
(1163, 365, 'JT-0079'),
(1164, 365, 'JT-0166'),
(1165, 367, 'JT-0004'),
(1166, 367, 'JT-0013'),
(1167, 367, 'JT-0017'),
(1168, 367, 'JT-0018'),
(1169, 367, 'JT-0020'),
(1170, 367, 'JT-0021'),
(1171, 367, 'JT-0036'),
(1172, 367, 'JT-0079'),
(1173, 367, 'JT-0166'),
(1174, 366, 'JT-0004'),
(1175, 366, 'JT-0013'),
(1176, 366, 'JT-0017'),
(1177, 366, 'JT-0018'),
(1178, 366, 'JT-0020'),
(1179, 366, 'JT-0021'),
(1180, 366, 'JT-0036'),
(1181, 366, 'JT-0079'),
(1182, 366, 'JT-0166'),
(1183, 364, 'JT-0004'),
(1184, 364, 'JT-0004'),
(1185, 364, 'JT-0013'),
(1186, 364, 'JT-0013'),
(1187, 364, 'JT-0017'),
(1188, 364, 'JT-0017'),
(1189, 364, 'JT-0018'),
(1190, 364, 'JT-0018'),
(1191, 364, 'JT-0020'),
(1192, 364, 'JT-0020'),
(1193, 364, 'JT-0021'),
(1194, 364, 'JT-0021'),
(1195, 364, 'JT-0036'),
(1196, 364, 'JT-0036'),
(1197, 364, 'JT-0079'),
(1198, 364, 'JT-0079'),
(1199, 364, 'JT-0166'),
(1200, 364, 'JT-0166'),
(1201, 362, 'JT-0004'),
(1202, 362, 'JT-0013'),
(1203, 362, 'JT-0017'),
(1204, 362, 'JT-0018'),
(1205, 362, 'JT-0020'),
(1206, 362, 'JT-0021'),
(1207, 362, 'JT-0036'),
(1208, 362, 'JT-0079'),
(1209, 362, 'JT-0166'),
(1210, 363, 'JT-0004'),
(1211, 363, 'JT-0013'),
(1212, 363, 'JT-0017'),
(1213, 363, 'JT-0018'),
(1214, 363, 'JT-0020'),
(1215, 363, 'JT-0021'),
(1216, 363, 'JT-0036'),
(1217, 363, 'JT-0079'),
(1218, 363, 'JT-0166'),
(1219, 1, 'JT-0015'),
(1220, 1, 'JT-0031'),
(1221, 1, 'JT-0038'),
(1222, 1, 'JT-0039'),
(1223, 2, 'JT-0015'),
(1224, 2, 'JT-0031'),
(1225, 2, 'JT-0038'),
(1226, 2, 'JT-0039'),
(1227, 3, 'JT-0015'),
(1228, 3, 'JT-0031'),
(1229, 3, 'JT-0038'),
(1230, 3, 'JT-0039'),
(1231, 4, 'JT-0015'),
(1232, 4, 'JT-0031'),
(1233, 4, 'JT-0038'),
(1234, 4, 'JT-0039'),
(1235, 5, 'JT-0015'),
(1236, 5, 'JT-0031'),
(1237, 5, 'JT-0038'),
(1238, 5, 'JT-0039'),
(1239, 6, 'JT-0015'),
(1240, 6, 'JT-0031'),
(1241, 6, 'JT-0038'),
(1242, 6, 'JT-0039'),
(1243, 7, 'JT-0015'),
(1244, 7, 'JT-0031'),
(1245, 7, 'JT-0038'),
(1246, 7, 'JT-0039'),
(1247, 8, 'JT-0015'),
(1248, 8, 'JT-0031'),
(1249, 8, 'JT-0038'),
(1250, 8, 'JT-0039'),
(1251, 9, 'JT-0015'),
(1252, 9, 'JT-0031'),
(1253, 9, 'JT-0038'),
(1254, 9, 'JT-0039'),
(1255, 10, 'JT-0015'),
(1256, 10, 'JT-0031'),
(1257, 10, 'JT-0038'),
(1258, 10, 'JT-0039'),
(1259, 11, 'JT-0015'),
(1260, 11, 'JT-0031'),
(1261, 11, 'JT-0038'),
(1262, 11, 'JT-0039'),
(1263, 12, 'JT-0015'),
(1264, 12, 'JT-0031'),
(1265, 12, 'JT-0038'),
(1266, 12, 'JT-0039'),
(1267, 13, 'JT-0015'),
(1268, 13, 'JT-0031'),
(1269, 13, 'JT-0038'),
(1270, 13, 'JT-0039'),
(1271, 14, 'JT-0015'),
(1272, 14, 'JT-0031'),
(1273, 14, 'JT-0038'),
(1274, 14, 'JT-0039'),
(1275, 15, 'JT-0015'),
(1276, 15, 'JT-0031'),
(1277, 15, 'JT-0038'),
(1278, 15, 'JT-0039'),
(1279, 16, 'JT-0015'),
(1280, 16, 'JT-0031'),
(1281, 16, 'JT-0038'),
(1282, 16, 'JT-0039'),
(1283, 20, 'JT-0015'),
(1284, 20, 'JT-0031'),
(1285, 20, 'JT-0038'),
(1286, 20, 'JT-0039'),
(1287, 19, 'JT-0015'),
(1288, 19, 'JT-0031'),
(1289, 19, 'JT-0038'),
(1290, 19, 'JT-0039'),
(1291, 18, 'JT-0038'),
(1292, 17, 'JT-0038'),
(1293, 21, 'JT-0038'),
(1294, 22, 'JT-0015'),
(1295, 22, 'JT-0038'),
(1296, 24, 'JT-0015'),
(1297, 24, 'JT-0038'),
(1298, 25, 'JT-0038'),
(1299, 27, 'JT-0015'),
(1300, 27, 'JT-0031'),
(1301, 27, 'JT-0038'),
(1302, 27, 'JT-0039'),
(1303, 28, 'JT-0015'),
(1304, 28, 'JT-0031'),
(1305, 28, 'JT-0038'),
(1306, 28, 'JT-0039'),
(1307, 368, 'JT-0015'),
(1308, 368, 'JT-0031'),
(1309, 368, 'JT-0038'),
(1310, 368, 'JT-0039'),
(1311, 369, 'JT-0015'),
(1312, 369, 'JT-0031'),
(1313, 369, 'JT-0038'),
(1314, 369, 'JT-0039'),
(1315, 373, 'JT-0015'),
(1316, 373, 'JT-0031'),
(1317, 373, 'JT-0038'),
(1318, 373, 'JT-0039'),
(1319, 372, 'JT-0015'),
(1320, 372, 'JT-0031'),
(1321, 372, 'JT-0038'),
(1322, 372, 'JT-0039'),
(1323, 371, 'JT-0015'),
(1324, 371, 'JT-0031'),
(1325, 371, 'JT-0038'),
(1326, 371, 'JT-0039'),
(1327, 370, 'JT-0015'),
(1328, 370, 'JT-0031'),
(1329, 370, 'JT-0038'),
(1330, 370, 'JT-0039'),
(1331, 375, 'JT-0015'),
(1332, 375, 'JT-0031'),
(1333, 375, 'JT-0038'),
(1334, 375, 'JT-0039'),
(1335, 376, 'JT-0015'),
(1336, 376, 'JT-0031'),
(1337, 376, 'JT-0038'),
(1338, 376, 'JT-0039'),
(1339, 374, 'JT-0015'),
(1340, 374, 'JT-0031'),
(1341, 374, 'JT-0038'),
(1342, 377, 'JT-0015'),
(1343, 377, 'JT-0031'),
(1344, 377, 'JT-0038'),
(1345, 378, 'JT-0015'),
(1346, 378, 'JT-0031'),
(1347, 378, 'JT-0038'),
(1348, 378, 'JT-0039'),
(1349, 1, 'JT-0008'),
(1350, 1, 'JT-0009'),
(1351, 1, 'JT-0027'),
(1352, 1, 'JT-0029'),
(1353, 2, 'JT-0008'),
(1354, 2, 'JT-0009'),
(1355, 2, 'JT-0027'),
(1356, 2, 'JT-0029'),
(1357, 2, 'JT-0148'),
(1358, 3, 'JT-0008'),
(1359, 3, 'JT-0009'),
(1360, 3, 'JT-0027'),
(1361, 3, 'JT-0029'),
(1362, 3, 'JT-0148'),
(1363, 4, 'JT-0008'),
(1364, 4, 'JT-0009'),
(1365, 4, 'JT-0027'),
(1366, 4, 'JT-0029'),
(1367, 4, 'JT-0148'),
(1368, 5, 'JT-0008'),
(1369, 5, 'JT-0009'),
(1370, 5, 'JT-0027'),
(1371, 5, 'JT-0029'),
(1372, 5, 'JT-0148'),
(1373, 6, 'JT-0008'),
(1374, 6, 'JT-0009'),
(1375, 6, 'JT-0027'),
(1376, 6, 'JT-0029'),
(1377, 6, 'JT-0148'),
(1378, 7, 'JT-0008'),
(1379, 7, 'JT-0009'),
(1380, 7, 'JT-0027'),
(1381, 7, 'JT-0029'),
(1382, 7, 'JT-0148'),
(1383, 8, 'JT-0008'),
(1384, 8, 'JT-0009'),
(1385, 8, 'JT-0027'),
(1386, 8, 'JT-0029'),
(1387, 8, 'JT-0148'),
(1388, 9, 'JT-0008'),
(1389, 9, 'JT-0009'),
(1390, 9, 'JT-0027'),
(1391, 9, 'JT-0029'),
(1392, 9, 'JT-0148'),
(1393, 10, 'JT-0008'),
(1394, 10, 'JT-0009'),
(1395, 10, 'JT-0027'),
(1396, 10, 'JT-0029'),
(1397, 10, 'JT-0148'),
(1398, 11, 'JT-0008'),
(1399, 11, 'JT-0009'),
(1400, 11, 'JT-0027'),
(1401, 11, 'JT-0029'),
(1402, 11, 'JT-0148'),
(1403, 20, 'JT-0008'),
(1404, 20, 'JT-0009'),
(1405, 20, 'JT-0027'),
(1406, 20, 'JT-0029'),
(1407, 20, 'JT-0148'),
(1408, 19, 'JT-0008'),
(1409, 19, 'JT-0009'),
(1410, 19, 'JT-0027'),
(1411, 19, 'JT-0029'),
(1412, 19, 'JT-0148'),
(1413, 18, 'JT-0008'),
(1414, 18, 'JT-0009'),
(1415, 18, 'JT-0027'),
(1416, 18, 'JT-0029'),
(1417, 18, 'JT-0148'),
(1418, 17, 'JT-0148'),
(1419, 16, 'JT-0008'),
(1420, 16, 'JT-0009'),
(1421, 16, 'JT-0027'),
(1422, 16, 'JT-0029'),
(1423, 16, 'JT-0148'),
(1424, 15, 'JT-0008'),
(1425, 15, 'JT-0009'),
(1426, 15, 'JT-0027'),
(1427, 15, 'JT-0029'),
(1428, 15, 'JT-0148'),
(1429, 14, 'JT-0008'),
(1430, 14, 'JT-0009'),
(1431, 14, 'JT-0027'),
(1432, 14, 'JT-0029'),
(1433, 14, 'JT-0148'),
(1434, 13, 'JT-0008'),
(1435, 13, 'JT-0009'),
(1436, 13, 'JT-0027'),
(1437, 13, 'JT-0029'),
(1438, 13, 'JT-0148'),
(1439, 12, 'JT-0008'),
(1440, 12, 'JT-0009'),
(1441, 12, 'JT-0027'),
(1442, 12, 'JT-0029'),
(1443, 12, 'JT-0148'),
(1444, 21, 'JT-0008'),
(1445, 21, 'JT-0009'),
(1446, 21, 'JT-0027'),
(1447, 21, 'JT-0029'),
(1448, 21, 'JT-0148'),
(1449, 22, 'JT-0008'),
(1450, 22, 'JT-0009'),
(1451, 22, 'JT-0027'),
(1452, 22, 'JT-0029'),
(1453, 22, 'JT-0148'),
(1454, 23, 'JT-0148'),
(1455, 24, 'JT-0148'),
(1456, 25, 'JT-0148'),
(1457, 26, 'JT-0148'),
(1458, 27, 'JT-0008'),
(1459, 27, 'JT-0009'),
(1460, 27, 'JT-0027'),
(1461, 27, 'JT-0029'),
(1462, 27, 'JT-0148'),
(1463, 28, 'JT-0008'),
(1464, 28, 'JT-0009'),
(1465, 28, 'JT-0027'),
(1466, 28, 'JT-0029'),
(1467, 28, 'JT-0148'),
(1468, 379, 'JT-0008'),
(1469, 379, 'JT-0009'),
(1470, 379, 'JT-0027'),
(1471, 379, 'JT-0029'),
(1472, 379, 'JT-0148'),
(1473, 380, 'JT-0008'),
(1474, 380, 'JT-0009'),
(1475, 380, 'JT-0027'),
(1476, 380, 'JT-0029'),
(1477, 380, 'JT-0148'),
(1478, 381, 'JT-0008'),
(1479, 381, 'JT-0009'),
(1480, 381, 'JT-0027'),
(1481, 381, 'JT-0029'),
(1482, 381, 'JT-0148'),
(1483, 382, 'JT-0008'),
(1484, 382, 'JT-0009'),
(1485, 382, 'JT-0027'),
(1486, 382, 'JT-0029'),
(1487, 382, 'JT-0148'),
(1488, 383, 'JT-0008'),
(1489, 383, 'JT-0009'),
(1490, 383, 'JT-0027'),
(1491, 383, 'JT-0029'),
(1492, 383, 'JT-0148'),
(1493, 384, 'JT-0008'),
(1494, 384, 'JT-0009'),
(1495, 384, 'JT-0027'),
(1496, 384, 'JT-0029'),
(1497, 384, 'JT-0148'),
(1498, 388, 'JT-0008'),
(1499, 388, 'JT-0009'),
(1500, 388, 'JT-0027'),
(1501, 388, 'JT-0029'),
(1502, 388, 'JT-0148'),
(1503, 387, 'JT-0008'),
(1504, 387, 'JT-0009'),
(1505, 387, 'JT-0027'),
(1506, 387, 'JT-0029'),
(1507, 387, 'JT-0148'),
(1508, 385, 'JT-0008'),
(1509, 385, 'JT-0009'),
(1510, 385, 'JT-0027'),
(1511, 385, 'JT-0029'),
(1512, 385, 'JT-0148'),
(1513, 389, 'JT-0008'),
(1514, 389, 'JT-0009'),
(1515, 389, 'JT-0027'),
(1516, 389, 'JT-0029'),
(1517, 389, 'JT-0148'),
(1518, 386, 'JT-0008'),
(1519, 386, 'JT-0009'),
(1520, 386, 'JT-0027'),
(1521, 386, 'JT-0029'),
(1522, 386, 'JT-0148'),
(1523, 390, 'JT-0008'),
(1524, 390, 'JT-0009'),
(1525, 390, 'JT-0027'),
(1526, 390, 'JT-0029'),
(1527, 390, 'JT-0148'),
(1528, 391, 'JT-0008'),
(1529, 391, 'JT-0009'),
(1530, 391, 'JT-0027'),
(1531, 391, 'JT-0029'),
(1532, 391, 'JT-0148'),
(1533, 393, 'JT-0008'),
(1534, 393, 'JT-0009'),
(1535, 393, 'JT-0027'),
(1536, 393, 'JT-0029'),
(1537, 393, 'JT-0148'),
(1538, 403, 'JT-0008'),
(1539, 403, 'JT-0009'),
(1540, 403, 'JT-0027'),
(1541, 403, 'JT-0029'),
(1542, 403, 'JT-0148'),
(1543, 398, 'JT-0008'),
(1544, 398, 'JT-0009'),
(1545, 398, 'JT-0027'),
(1546, 398, 'JT-0029'),
(1547, 398, 'JT-0148'),
(1548, 400, 'JT-0008'),
(1549, 400, 'JT-0009'),
(1550, 400, 'JT-0027'),
(1551, 400, 'JT-0029'),
(1552, 400, 'JT-0148'),
(1553, 394, 'JT-0008'),
(1554, 394, 'JT-0009'),
(1555, 394, 'JT-0027'),
(1556, 394, 'JT-0029'),
(1557, 394, 'JT-0148'),
(1558, 396, 'JT-0008'),
(1559, 396, 'JT-0009'),
(1560, 396, 'JT-0027'),
(1561, 396, 'JT-0029'),
(1562, 396, 'JT-0148'),
(1563, 397, 'JT-0008'),
(1564, 397, 'JT-0009'),
(1565, 397, 'JT-0027'),
(1566, 397, 'JT-0029'),
(1567, 397, 'JT-0148'),
(1568, 392, 'JT-0008'),
(1569, 392, 'JT-0009'),
(1570, 392, 'JT-0027'),
(1571, 392, 'JT-0029'),
(1572, 392, 'JT-0148'),
(1573, 395, 'JT-0008'),
(1574, 395, 'JT-0009'),
(1575, 395, 'JT-0027'),
(1576, 395, 'JT-0029'),
(1577, 395, 'JT-0148'),
(1578, 399, 'JT-0008'),
(1579, 399, 'JT-0009'),
(1580, 399, 'JT-0027'),
(1581, 399, 'JT-0029'),
(1582, 399, 'JT-0148'),
(1583, 401, 'JT-0008'),
(1584, 401, 'JT-0009'),
(1585, 401, 'JT-0027'),
(1586, 401, 'JT-0029'),
(1587, 401, 'JT-0148'),
(1588, 402, 'JT-0008'),
(1589, 402, 'JT-0009'),
(1590, 402, 'JT-0027'),
(1591, 402, 'JT-0029'),
(1592, 402, 'JT-0148'),
(1593, 404, 'JT-0008'),
(1594, 404, 'JT-0009'),
(1595, 404, 'JT-0027'),
(1596, 404, 'JT-0029'),
(1597, 404, 'JT-0148'),
(1598, 411, 'JT-0008'),
(1599, 411, 'JT-0009'),
(1600, 411, 'JT-0027'),
(1601, 411, 'JT-0029'),
(1602, 411, 'JT-0148'),
(1603, 405, 'JT-0008'),
(1604, 405, 'JT-0009'),
(1605, 405, 'JT-0027'),
(1606, 405, 'JT-0029'),
(1607, 405, 'JT-0148'),
(1608, 406, 'JT-0008'),
(1609, 406, 'JT-0009'),
(1610, 406, 'JT-0027'),
(1611, 406, 'JT-0029'),
(1612, 406, 'JT-0148'),
(1613, 407, 'JT-0008'),
(1614, 407, 'JT-0009'),
(1615, 407, 'JT-0027'),
(1616, 407, 'JT-0029'),
(1617, 407, 'JT-0148'),
(1618, 408, 'JT-0008'),
(1619, 408, 'JT-0009'),
(1620, 408, 'JT-0027'),
(1621, 408, 'JT-0029'),
(1622, 408, 'JT-0148'),
(1623, 409, 'JT-0008'),
(1624, 409, 'JT-0009'),
(1625, 409, 'JT-0027'),
(1626, 409, 'JT-0029'),
(1627, 409, 'JT-0148'),
(1628, 410, 'JT-0008'),
(1629, 410, 'JT-0009'),
(1630, 410, 'JT-0027'),
(1631, 410, 'JT-0029'),
(1632, 410, 'JT-0148'),
(1633, 1, 'JT-0005'),
(1634, 1, 'JT-0007'),
(1635, 1, 'JT-0116'),
(1636, 2, 'JT-0005'),
(1637, 2, 'JT-0007'),
(1638, 2, 'JT-0116'),
(1639, 3, 'JT-0005'),
(1640, 3, 'JT-0007'),
(1641, 3, 'JT-0116'),
(1642, 4, 'JT-0005'),
(1643, 4, 'JT-0007'),
(1644, 4, 'JT-0116'),
(1645, 5, 'JT-0005'),
(1646, 5, 'JT-0007'),
(1647, 5, 'JT-0116'),
(1648, 6, 'JT-0005'),
(1649, 6, 'JT-0007'),
(1650, 6, 'JT-0116'),
(1651, 7, 'JT-0005'),
(1652, 7, 'JT-0007'),
(1653, 7, 'JT-0116'),
(1654, 8, 'JT-0005'),
(1655, 8, 'JT-0007'),
(1656, 8, 'JT-0116'),
(1657, 9, 'JT-0005'),
(1658, 9, 'JT-0007'),
(1659, 9, 'JT-0116'),
(1660, 10, 'JT-0005'),
(1661, 10, 'JT-0007'),
(1662, 10, 'JT-0116'),
(1663, 16, 'JT-0005'),
(1664, 16, 'JT-0007'),
(1665, 16, 'JT-0116'),
(1666, 11, 'JT-0005'),
(1667, 11, 'JT-0007'),
(1668, 11, 'JT-0116'),
(1669, 12, 'JT-0005'),
(1670, 12, 'JT-0007'),
(1671, 12, 'JT-0116'),
(1672, 15, 'JT-0005'),
(1673, 15, 'JT-0007'),
(1674, 15, 'JT-0116'),
(1675, 13, 'JT-0005'),
(1676, 13, 'JT-0007'),
(1677, 13, 'JT-0116'),
(1678, 14, 'JT-0005'),
(1679, 14, 'JT-0007'),
(1680, 14, 'JT-0116'),
(1681, 17, 'JT-0116'),
(1682, 18, 'JT-0005'),
(1683, 18, 'JT-0007'),
(1684, 18, 'JT-0116'),
(1685, 19, 'JT-0005'),
(1686, 19, 'JT-0007'),
(1687, 19, 'JT-0116'),
(1688, 20, 'JT-0005'),
(1689, 20, 'JT-0007'),
(1690, 20, 'JT-0116'),
(1691, 21, 'JT-0005'),
(1692, 21, 'JT-0006'),
(1693, 21, 'JT-0116'),
(1694, 22, 'JT-0006'),
(1695, 22, 'JT-0116'),
(1696, 24, 'JT-0007'),
(1697, 24, 'JT-0116'),
(1698, 25, 'JT-0116'),
(1699, 27, 'JT-0005'),
(1700, 27, 'JT-0007'),
(1701, 27, 'JT-0116'),
(1702, 28, 'JT-0005'),
(1703, 28, 'JT-0007'),
(1704, 28, 'JT-0116'),
(1705, 412, 'JT-0005'),
(1706, 412, 'JT-0007'),
(1707, 412, 'JT-0116'),
(1708, 413, 'JT-0005'),
(1709, 413, 'JT-0007'),
(1710, 413, 'JT-0116'),
(1711, 414, 'JT-0005'),
(1712, 414, 'JT-0007'),
(1713, 414, 'JT-0116'),
(1714, 415, 'JT-0005'),
(1715, 415, 'JT-0007'),
(1716, 415, 'JT-0116'),
(1717, 416, 'JT-0005'),
(1718, 416, 'JT-0007'),
(1719, 416, 'JT-0116'),
(1720, 417, 'JT-0005'),
(1721, 417, 'JT-0007'),
(1722, 417, 'JT-0116'),
(1723, 418, 'JT-0005'),
(1724, 418, 'JT-0007'),
(1725, 418, 'JT-0116'),
(1726, 421, 'JT-0005'),
(1727, 421, 'JT-0007'),
(1728, 421, 'JT-0116'),
(1729, 420, 'JT-0005'),
(1730, 420, 'JT-0007'),
(1731, 420, 'JT-0116'),
(1732, 419, 'JT-0005'),
(1733, 419, 'JT-0007'),
(1734, 419, 'JT-0116'),
(1735, 1, 'JT-0024'),
(1736, 1, 'JT-0025'),
(1737, 1, 'JT-0103'),
(1738, 1, 'JT-0105'),
(1739, 1, 'JT-0114'),
(1740, 1, 'JT-0115'),
(1741, 2, 'JT-0024'),
(1742, 2, 'JT-0025'),
(1743, 2, 'JT-0103'),
(1744, 2, 'JT-0105'),
(1745, 2, 'JT-0114'),
(1746, 2, 'JT-0115'),
(1747, 3, 'JT-0024'),
(1748, 3, 'JT-0025'),
(1749, 3, 'JT-0103'),
(1750, 3, 'JT-0105'),
(1751, 3, 'JT-0114'),
(1752, 3, 'JT-0115'),
(1753, 4, 'JT-0024'),
(1754, 4, 'JT-0025'),
(1755, 4, 'JT-0103'),
(1756, 4, 'JT-0105'),
(1757, 4, 'JT-0114'),
(1758, 4, 'JT-0115'),
(1759, 5, 'JT-0024'),
(1760, 5, 'JT-0025'),
(1761, 5, 'JT-0103'),
(1762, 5, 'JT-0105'),
(1763, 5, 'JT-0114'),
(1764, 5, 'JT-0115'),
(1765, 6, 'JT-0024'),
(1766, 6, 'JT-0025'),
(1767, 6, 'JT-0103'),
(1768, 6, 'JT-0105'),
(1769, 6, 'JT-0114'),
(1770, 6, 'JT-0115'),
(1771, 7, 'JT-0024'),
(1772, 7, 'JT-0025'),
(1773, 7, 'JT-0103'),
(1774, 7, 'JT-0105'),
(1775, 7, 'JT-0114'),
(1776, 7, 'JT-0115'),
(1777, 8, 'JT-0024'),
(1778, 8, 'JT-0025'),
(1779, 8, 'JT-0103'),
(1780, 8, 'JT-0105'),
(1781, 8, 'JT-0114'),
(1782, 8, 'JT-0115'),
(1783, 9, 'JT-0103'),
(1784, 9, 'JT-0105'),
(1785, 9, 'JT-0114'),
(1786, 9, 'JT-0115'),
(1787, 10, 'JT-0024'),
(1788, 10, 'JT-0025'),
(1789, 10, 'JT-0103'),
(1790, 10, 'JT-0105'),
(1791, 10, 'JT-0114'),
(1792, 10, 'JT-0115'),
(1793, 11, 'JT-0024'),
(1794, 11, 'JT-0025'),
(1795, 11, 'JT-0103'),
(1796, 11, 'JT-0105'),
(1797, 11, 'JT-0114'),
(1798, 11, 'JT-0115'),
(1799, 12, 'JT-0024'),
(1800, 12, 'JT-0025'),
(1801, 12, 'JT-0103'),
(1802, 12, 'JT-0105'),
(1803, 12, 'JT-0114'),
(1804, 12, 'JT-0115'),
(1805, 13, 'JT-0024'),
(1806, 13, 'JT-0025'),
(1807, 13, 'JT-0103'),
(1808, 13, 'JT-0105'),
(1809, 13, 'JT-0114'),
(1810, 13, 'JT-0115'),
(1811, 14, 'JT-0024'),
(1812, 14, 'JT-0025'),
(1813, 14, 'JT-0103'),
(1814, 14, 'JT-0105'),
(1815, 14, 'JT-0114'),
(1816, 14, 'JT-0115'),
(1817, 15, 'JT-0024'),
(1818, 15, 'JT-0025'),
(1819, 15, 'JT-0103'),
(1820, 15, 'JT-0105'),
(1821, 15, 'JT-0114'),
(1822, 15, 'JT-0115'),
(1823, 16, 'JT-0024'),
(1824, 16, 'JT-0025'),
(1825, 16, 'JT-0103'),
(1826, 16, 'JT-0105'),
(1827, 16, 'JT-0114'),
(1828, 16, 'JT-0115'),
(1829, 17, 'JT-0024'),
(1830, 17, 'JT-0025'),
(1831, 18, 'JT-0024'),
(1832, 18, 'JT-0025'),
(1833, 18, 'JT-0103'),
(1834, 18, 'JT-0105'),
(1835, 18, 'JT-0114'),
(1836, 18, 'JT-0115'),
(1837, 19, 'JT-0024'),
(1838, 19, 'JT-0025'),
(1839, 19, 'JT-0103'),
(1840, 19, 'JT-0105'),
(1841, 19, 'JT-0114'),
(1842, 19, 'JT-0115'),
(1843, 21, 'JT-0024'),
(1844, 21, 'JT-0025'),
(1845, 21, 'JT-0103'),
(1846, 21, 'JT-0105'),
(1847, 21, 'JT-0114'),
(1848, 21, 'JT-0115'),
(1849, 22, 'JT-0024'),
(1850, 22, 'JT-0025'),
(1851, 22, 'JT-0103'),
(1852, 22, 'JT-0105'),
(1853, 22, 'JT-0114'),
(1854, 22, 'JT-0115'),
(1855, 23, 'JT-0024'),
(1856, 23, 'JT-0025'),
(1857, 24, 'JT-0024'),
(1858, 24, 'JT-0025'),
(1859, 25, 'JT-0024'),
(1860, 25, 'JT-0025'),
(1861, 26, 'JT-0024'),
(1862, 26, 'JT-0025'),
(1863, 27, 'JT-0024'),
(1864, 27, 'JT-0025'),
(1865, 27, 'JT-0103'),
(1866, 27, 'JT-0105'),
(1867, 27, 'JT-0114'),
(1868, 27, 'JT-0115'),
(1869, 28, 'JT-0103'),
(1870, 28, 'JT-0105'),
(1871, 28, 'JT-0114'),
(1872, 28, 'JT-0115'),
(1873, 422, 'JT-0114'),
(1874, 422, 'JT-0115'),
(1875, 423, 'JT-0024'),
(1876, 423, 'JT-0025'),
(1877, 423, 'JT-0103'),
(1878, 423, 'JT-0105'),
(1879, 423, 'JT-0114'),
(1880, 423, 'JT-0115'),
(1881, 424, 'JT-0024'),
(1882, 424, 'JT-0025'),
(1883, 424, 'JT-0114'),
(1884, 424, 'JT-0115'),
(1885, 425, 'JT-0114'),
(1886, 425, 'JT-0115'),
(1887, 426, 'JT-0024'),
(1888, 426, 'JT-0025'),
(1889, 426, 'JT-0114'),
(1890, 426, 'JT-0115'),
(1891, 427, 'JT-0024'),
(1892, 427, 'JT-0025'),
(1893, 427, 'JT-0103'),
(1894, 427, 'JT-0105'),
(1895, 427, 'JT-0114'),
(1896, 427, 'JT-0115'),
(1897, 428, 'JT-0024'),
(1898, 428, 'JT-0025'),
(1899, 428, 'JT-0103'),
(1900, 428, 'JT-0105'),
(1901, 428, 'JT-0114'),
(1902, 428, 'JT-0115'),
(1903, 429, 'JT-0024'),
(1904, 429, 'JT-0025'),
(1905, 429, 'JT-0114'),
(1906, 429, 'JT-0115'),
(1907, 430, 'JT-0114'),
(1908, 430, 'JT-0115'),
(1909, 431, 'JT-0024'),
(1910, 431, 'JT-0025'),
(1911, 431, 'JT-0103'),
(1912, 432, 'JT-0024'),
(1913, 432, 'JT-0025'),
(1914, 432, 'JT-0103'),
(1915, 432, 'JT-0105'),
(1916, 432, 'JT-0114'),
(1917, 432, 'JT-0115'),
(1918, 433, 'JT-0024'),
(1919, 433, 'JT-0025'),
(1920, 433, 'JT-0103'),
(1921, 433, 'JT-0105'),
(1922, 433, 'JT-0114'),
(1923, 433, 'JT-0115'),
(1924, 434, 'JT-0024'),
(1925, 434, 'JT-0025'),
(1926, 434, 'JT-0103'),
(1927, 435, 'JT-0024'),
(1928, 435, 'JT-0025'),
(1929, 435, 'JT-0103'),
(1930, 436, 'JT-0024'),
(1931, 436, 'JT-0025'),
(1932, 436, 'JT-0105'),
(1933, 437, 'JT-0024'),
(1934, 437, 'JT-0025'),
(1935, 437, 'JT-0103'),
(1936, 437, 'JT-0105'),
(1937, 437, 'JT-0114'),
(1938, 437, 'JT-0115'),
(1939, 438, 'JT-0024'),
(1940, 438, 'JT-0025'),
(1941, 438, 'JT-0103'),
(1942, 438, 'JT-0105'),
(1943, 438, 'JT-0114'),
(1944, 438, 'JT-0115'),
(1945, 439, 'JT-0024'),
(1946, 439, 'JT-0025'),
(1947, 439, 'JT-0105'),
(1948, 440, 'JT-0024'),
(1949, 440, 'JT-0025'),
(1950, 440, 'JT-0105'),
(1951, 441, 'JT-0024'),
(1952, 441, 'JT-0025'),
(1953, 441, 'JT-0105'),
(1954, 442, 'JT-0024'),
(1955, 442, 'JT-0025'),
(1956, 442, 'JT-0103'),
(1957, 442, 'JT-0105'),
(1958, 442, 'JT-0114'),
(1959, 442, 'JT-0115'),
(1960, 443, 'JT-0024'),
(1961, 443, 'JT-0025'),
(1962, 443, 'JT-0103'),
(1963, 443, 'JT-0105'),
(1964, 443, 'JT-0114'),
(1965, 443, 'JT-0115'),
(1966, 446, 'JT-0024'),
(1967, 446, 'JT-0025'),
(1968, 446, 'JT-0105'),
(1969, 444, 'JT-0024'),
(1970, 444, 'JT-0025'),
(1971, 444, 'JT-0105'),
(1972, 445, 'JT-0024'),
(1973, 445, 'JT-0025'),
(1974, 445, 'JT-0105'),
(1975, 447, 'JT-0024'),
(1976, 447, 'JT-0025'),
(1977, 447, 'JT-0103'),
(1978, 447, 'JT-0105'),
(1979, 447, 'JT-0114'),
(1980, 447, 'JT-0115'),
(1981, 448, 'JT-0024'),
(1982, 448, 'JT-0025'),
(1983, 448, 'JT-0103'),
(1984, 448, 'JT-0105'),
(1985, 448, 'JT-0114'),
(1986, 448, 'JT-0115'),
(1987, 449, 'JT-0024'),
(1988, 449, 'JT-0025'),
(1989, 449, 'JT-0105'),
(1990, 450, 'JT-0024'),
(1991, 450, 'JT-0025'),
(1992, 450, 'JT-0105'),
(1993, 451, 'JT-0023'),
(1994, 451, 'JT-0024'),
(1995, 451, 'JT-0025'),
(1996, 451, 'JT-0029'),
(1997, 452, 'JT-0023'),
(1998, 452, 'JT-0024'),
(1999, 452, 'JT-0025'),
(2000, 452, 'JT-0029'),
(2001, 452, 'JT-0103'),
(2002, 452, 'JT-0105'),
(2003, 452, 'JT-0115'),
(2004, 453, 'JT-0023'),
(2005, 453, 'JT-0024'),
(2006, 453, 'JT-0025'),
(2007, 453, 'JT-0029'),
(2008, 454, 'JT-0023'),
(2009, 454, 'JT-0024'),
(2010, 454, 'JT-0025'),
(2011, 454, 'JT-0029'),
(2012, 455, 'JT-0023'),
(2013, 455, 'JT-0024'),
(2014, 455, 'JT-0025'),
(2015, 455, 'JT-0115'),
(2016, 456, 'JT-0023'),
(2017, 456, 'JT-0024'),
(2018, 456, 'JT-0025'),
(2019, 456, 'JT-0029'),
(2020, 456, 'JT-0103'),
(2021, 456, 'JT-0105'),
(2022, 456, 'JT-0115'),
(2023, 457, 'JT-0023'),
(2024, 457, 'JT-0024'),
(2025, 457, 'JT-0025'),
(2026, 457, 'JT-0029'),
(2027, 457, 'JT-0103'),
(2028, 457, 'JT-0105'),
(2029, 457, 'JT-0115'),
(2030, 458, 'JT-0023'),
(2031, 458, 'JT-0024'),
(2032, 458, 'JT-0025'),
(2033, 458, 'JT-0115'),
(2034, 459, 'JT-0023'),
(2035, 459, 'JT-0024'),
(2036, 459, 'JT-0025'),
(2037, 459, 'JT-0115'),
(2038, 460, 'JT-0023'),
(2039, 460, 'JT-0024'),
(2040, 460, 'JT-0025'),
(2041, 460, 'JT-0103'),
(2042, 461, 'JT-0023'),
(2043, 461, 'JT-0024'),
(2044, 461, 'JT-0025'),
(2045, 461, 'JT-0029'),
(2046, 461, 'JT-0103'),
(2047, 461, 'JT-0105'),
(2048, 461, 'JT-0115'),
(2049, 462, 'JT-0023'),
(2050, 462, 'JT-0024'),
(2051, 462, 'JT-0025'),
(2052, 462, 'JT-0029'),
(2053, 462, 'JT-0103'),
(2054, 462, 'JT-0105'),
(2055, 462, 'JT-0115'),
(2056, 463, 'JT-0023'),
(2057, 463, 'JT-0024'),
(2058, 463, 'JT-0025'),
(2059, 463, 'JT-0103'),
(2060, 464, 'JT-0023'),
(2061, 464, 'JT-0024'),
(2062, 464, 'JT-0025'),
(2063, 464, 'JT-0103'),
(2064, 465, 'JT-0023'),
(2065, 465, 'JT-0024'),
(2066, 465, 'JT-0025'),
(2067, 465, 'JT-0105'),
(2068, 466, 'JT-0023'),
(2069, 466, 'JT-0024'),
(2070, 466, 'JT-0025'),
(2071, 466, 'JT-0029'),
(2072, 466, 'JT-0103'),
(2073, 466, 'JT-0105'),
(2074, 466, 'JT-0115'),
(2075, 467, 'JT-0023'),
(2076, 467, 'JT-0024'),
(2077, 467, 'JT-0025'),
(2078, 467, 'JT-0029'),
(2079, 467, 'JT-0103'),
(2080, 467, 'JT-0105'),
(2081, 467, 'JT-0115'),
(2082, 468, 'JT-0023'),
(2083, 468, 'JT-0024'),
(2084, 468, 'JT-0025'),
(2086, 468, 'JT-0105'),
(2087, 469, 'JT-0023'),
(2088, 469, 'JT-0024'),
(2089, 469, 'JT-0025'),
(2091, 469, 'JT-0105'),
(2092, 470, 'JT-0023'),
(2093, 470, 'JT-0024'),
(2094, 470, 'JT-0025'),
(2095, 470, 'JT-0105'),
(2096, 471, 'JT-0023'),
(2097, 471, 'JT-0024'),
(2098, 471, 'JT-0025'),
(2099, 471, 'JT-0105'),
(2100, 472, 'JT-0023'),
(2101, 472, 'JT-0024'),
(2102, 472, 'JT-0025'),
(2103, 472, 'JT-0105'),
(2104, 473, 'JT-0023'),
(2105, 473, 'JT-0024'),
(2106, 473, 'JT-0025'),
(2107, 473, 'JT-0105'),
(2108, 474, 'JT-0023'),
(2109, 474, 'JT-0024'),
(2110, 474, 'JT-0025'),
(2111, 474, 'JT-0105'),
(2112, 2, 'JT-0011'),
(2113, 2, 'JT-0012'),
(2114, 2, 'JT-0139'),
(2115, 2, 'JT-0140'),
(2116, 2, 'JT-0141'),
(2117, 1, 'JT-0167'),
(2118, 2, 'JT-0167'),
(2119, 1, 'JT-0011'),
(2120, 1, 'JT-0012'),
(2121, 1, 'JT-0139'),
(2122, 1, 'JT-0140'),
(2123, 1, 'JT-0141'),
(2124, 3, 'JT-0011'),
(2125, 3, 'JT-0012'),
(2126, 3, 'JT-0139'),
(2127, 3, 'JT-0140'),
(2128, 3, 'JT-0141'),
(2129, 3, 'JT-0167'),
(2130, 4, 'JT-0011'),
(2131, 4, 'JT-0012'),
(2132, 4, 'JT-0139'),
(2133, 4, 'JT-0140'),
(2134, 4, 'JT-0141'),
(2135, 4, 'JT-0167'),
(2136, 5, 'JT-0011'),
(2137, 5, 'JT-0012'),
(2138, 5, 'JT-0139'),
(2139, 5, 'JT-0140'),
(2140, 5, 'JT-0141'),
(2141, 5, 'JT-0167'),
(2142, 6, 'JT-0011'),
(2143, 6, 'JT-0012'),
(2144, 6, 'JT-0139'),
(2145, 6, 'JT-0140'),
(2146, 6, 'JT-0141'),
(2147, 6, 'JT-0167'),
(2148, 7, 'JT-0011'),
(2149, 7, 'JT-0012'),
(2150, 7, 'JT-0139'),
(2151, 7, 'JT-0140'),
(2152, 7, 'JT-0141'),
(2153, 7, 'JT-0167'),
(2154, 8, 'JT-0011'),
(2155, 8, 'JT-0012'),
(2156, 8, 'JT-0139'),
(2157, 8, 'JT-0140'),
(2158, 8, 'JT-0141'),
(2159, 8, 'JT-0167'),
(2160, 9, 'JT-0011'),
(2161, 9, 'JT-0012'),
(2162, 9, 'JT-0139'),
(2163, 9, 'JT-0140'),
(2164, 9, 'JT-0141'),
(2165, 9, 'JT-0167'),
(2166, 10, 'JT-0011'),
(2167, 10, 'JT-0012'),
(2168, 10, 'JT-0139'),
(2169, 10, 'JT-0140'),
(2170, 10, 'JT-0141'),
(2171, 10, 'JT-0167'),
(2172, 11, 'JT-0011'),
(2173, 11, 'JT-0012'),
(2174, 11, 'JT-0139'),
(2175, 11, 'JT-0140'),
(2176, 11, 'JT-0141'),
(2177, 11, 'JT-0167'),
(2178, 12, 'JT-0011'),
(2179, 12, 'JT-0012'),
(2180, 12, 'JT-0139'),
(2181, 12, 'JT-0140'),
(2182, 12, 'JT-0141'),
(2183, 12, 'JT-0167'),
(2184, 13, 'JT-0011'),
(2185, 13, 'JT-0012'),
(2186, 13, 'JT-0139'),
(2187, 13, 'JT-0140'),
(2188, 13, 'JT-0141'),
(2189, 13, 'JT-0167'),
(2190, 14, 'JT-0011'),
(2191, 14, 'JT-0012'),
(2192, 14, 'JT-0139'),
(2193, 14, 'JT-0140'),
(2194, 14, 'JT-0141'),
(2195, 14, 'JT-0167'),
(2196, 15, 'JT-0011'),
(2197, 15, 'JT-0012'),
(2198, 15, 'JT-0139'),
(2199, 15, 'JT-0140'),
(2200, 15, 'JT-0141'),
(2201, 15, 'JT-0167'),
(2202, 16, 'JT-0011'),
(2203, 16, 'JT-0012'),
(2204, 16, 'JT-0139'),
(2205, 16, 'JT-0140'),
(2206, 16, 'JT-0141'),
(2207, 16, 'JT-0167'),
(2208, 17, 'JT-0140'),
(2209, 17, 'JT-0167'),
(2210, 18, 'JT-0011'),
(2211, 18, 'JT-0012'),
(2212, 18, 'JT-0139'),
(2213, 18, 'JT-0140'),
(2214, 18, 'JT-0141'),
(2215, 18, 'JT-0167'),
(2216, 19, 'JT-0011'),
(2217, 19, 'JT-0012'),
(2218, 19, 'JT-0139'),
(2219, 19, 'JT-0140'),
(2220, 19, 'JT-0141'),
(2221, 19, 'JT-0167'),
(2222, 20, 'JT-0011'),
(2223, 20, 'JT-0012'),
(2224, 20, 'JT-0139'),
(2225, 20, 'JT-0140'),
(2226, 20, 'JT-0141'),
(2227, 20, 'JT-0167'),
(2228, 21, 'JT-0011'),
(2229, 21, 'JT-0012'),
(2230, 21, 'JT-0139'),
(2231, 21, 'JT-0140'),
(2232, 21, 'JT-0141'),
(2233, 21, 'JT-0167'),
(2234, 22, 'JT-0011'),
(2235, 22, 'JT-0012'),
(2236, 22, 'JT-0139'),
(2237, 22, 'JT-0140'),
(2238, 22, 'JT-0141'),
(2239, 22, 'JT-0167'),
(2240, 23, 'JT-0140'),
(2241, 24, 'JT-0140'),
(2242, 25, 'JT-0140'),
(2243, 26, 'JT-0140'),
(2244, 27, 'JT-0011'),
(2245, 27, 'JT-0012'),
(2246, 27, 'JT-0139'),
(2247, 27, 'JT-0140'),
(2248, 27, 'JT-0141'),
(2249, 27, 'JT-0167'),
(2250, 28, 'JT-0011'),
(2251, 28, 'JT-0012'),
(2252, 28, 'JT-0139'),
(2253, 28, 'JT-0140'),
(2254, 28, 'JT-0141'),
(2255, 28, 'JT-0167'),
(2256, 475, 'JT-0011'),
(2257, 475, 'JT-0012'),
(2258, 475, 'JT-0139'),
(2259, 475, 'JT-0140'),
(2260, 475, 'JT-0141'),
(2261, 475, 'JT-0167'),
(2262, 476, 'JT-0011'),
(2263, 476, 'JT-0012'),
(2264, 476, 'JT-0139'),
(2265, 476, 'JT-0140'),
(2266, 476, 'JT-0141'),
(2267, 476, 'JT-0167'),
(2268, 477, 'JT-0011'),
(2269, 477, 'JT-0012'),
(2270, 477, 'JT-0139'),
(2271, 477, 'JT-0140'),
(2272, 477, 'JT-0141'),
(2273, 477, 'JT-0167'),
(2274, 478, 'JT-0011'),
(2275, 478, 'JT-0012'),
(2276, 478, 'JT-0139'),
(2277, 478, 'JT-0140'),
(2278, 478, 'JT-0141'),
(2279, 478, 'JT-0167'),
(2280, 479, 'JT-0011'),
(2281, 479, 'JT-0012'),
(2282, 479, 'JT-0139'),
(2283, 479, 'JT-0140'),
(2284, 479, 'JT-0141'),
(2285, 479, 'JT-0167'),
(2286, 480, 'JT-0011'),
(2287, 480, 'JT-0012'),
(2288, 480, 'JT-0139'),
(2289, 480, 'JT-0140'),
(2290, 480, 'JT-0141'),
(2291, 480, 'JT-0167'),
(2292, 484, 'JT-0011'),
(2293, 484, 'JT-0012'),
(2294, 484, 'JT-0139'),
(2295, 484, 'JT-0140'),
(2296, 484, 'JT-0141'),
(2297, 484, 'JT-0167'),
(2298, 481, 'JT-0011'),
(2299, 481, 'JT-0012'),
(2300, 481, 'JT-0139'),
(2301, 481, 'JT-0140'),
(2302, 481, 'JT-0141'),
(2303, 481, 'JT-0167'),
(2304, 482, 'JT-0011'),
(2305, 482, 'JT-0012'),
(2306, 482, 'JT-0139'),
(2307, 482, 'JT-0140'),
(2308, 482, 'JT-0141'),
(2309, 482, 'JT-0167'),
(2310, 483, 'JT-0011'),
(2311, 483, 'JT-0012'),
(2312, 483, 'JT-0139'),
(2313, 483, 'JT-0140'),
(2314, 483, 'JT-0141'),
(2315, 483, 'JT-0167'),
(2316, 485, 'JT-0011'),
(2317, 485, 'JT-0012'),
(2318, 485, 'JT-0139'),
(2319, 485, 'JT-0140'),
(2320, 485, 'JT-0141'),
(2321, 485, 'JT-0167'),
(2322, 486, 'JT-0011'),
(2323, 486, 'JT-0012'),
(2324, 486, 'JT-0139'),
(2325, 486, 'JT-0140'),
(2326, 486, 'JT-0141'),
(2327, 486, 'JT-0167'),
(2328, 487, 'JT-0011'),
(2330, 487, 'JT-0139'),
(2331, 487, 'JT-0140'),
(2332, 487, 'JT-0141'),
(2334, 488, 'JT-0011'),
(2335, 488, 'JT-0139'),
(2336, 488, 'JT-0140'),
(2337, 488, 'JT-0141'),
(2338, 489, 'JT-0011'),
(2339, 489, 'JT-0139'),
(2340, 489, 'JT-0140'),
(2341, 489, 'JT-0141'),
(2342, 490, 'JT-0011'),
(2343, 490, 'JT-0139'),
(2344, 490, 'JT-0140'),
(2345, 490, 'JT-0141'),
(2346, 491, 'JT-0011'),
(2347, 491, 'JT-0139'),
(2348, 491, 'JT-0140'),
(2349, 491, 'JT-0141'),
(2350, 492, 'JT-0011'),
(2351, 492, 'JT-0139'),
(2352, 492, 'JT-0140'),
(2353, 492, 'JT-0141'),
(2354, 493, 'JT-0011'),
(2355, 493, 'JT-0139'),
(2356, 493, 'JT-0140'),
(2357, 493, 'JT-0141'),
(2358, 494, 'JT-0011'),
(2359, 494, 'JT-0139'),
(2360, 494, 'JT-0140'),
(2361, 494, 'JT-0141'),
(2362, 501, 'JT-0011'),
(2363, 501, 'JT-0139'),
(2364, 501, 'JT-0140'),
(2365, 501, 'JT-0141'),
(2366, 495, 'JT-0011'),
(2367, 495, 'JT-0139'),
(2368, 495, 'JT-0140'),
(2369, 495, 'JT-0141'),
(2370, 496, 'JT-0011'),
(2371, 496, 'JT-0139'),
(2372, 496, 'JT-0140'),
(2373, 496, 'JT-0141'),
(2374, 497, 'JT-0011'),
(2375, 497, 'JT-0139'),
(2376, 497, 'JT-0140'),
(2377, 497, 'JT-0141'),
(2378, 498, 'JT-0011'),
(2379, 498, 'JT-0139'),
(2380, 498, 'JT-0140'),
(2381, 498, 'JT-0141'),
(2382, 499, 'JT-0011'),
(2383, 499, 'JT-0139'),
(2384, 499, 'JT-0140'),
(2385, 499, 'JT-0141'),
(2386, 500, 'JT-0011'),
(2387, 500, 'JT-0139'),
(2388, 500, 'JT-0140'),
(2389, 500, 'JT-0141'),
(2390, 507, 'JT-0011'),
(2391, 507, 'JT-0139'),
(2392, 507, 'JT-0140'),
(2393, 507, 'JT-0141'),
(2394, 502, 'JT-0011'),
(2395, 502, 'JT-0139'),
(2396, 502, 'JT-0140'),
(2397, 502, 'JT-0141'),
(2398, 503, 'JT-0011'),
(2399, 503, 'JT-0139'),
(2400, 503, 'JT-0140'),
(2401, 503, 'JT-0141'),
(2402, 504, 'JT-0011'),
(2403, 504, 'JT-0139'),
(2404, 504, 'JT-0140'),
(2405, 504, 'JT-0141'),
(2406, 505, 'JT-0011'),
(2407, 505, 'JT-0139'),
(2408, 505, 'JT-0140'),
(2409, 505, 'JT-0141'),
(2410, 506, 'JT-0011'),
(2411, 506, 'JT-0139'),
(2412, 506, 'JT-0140'),
(2413, 506, 'JT-0141'),
(2414, 508, 'JT-0012'),
(2415, 508, 'JT-0139'),
(2416, 508, 'JT-0140'),
(2417, 508, 'JT-0141'),
(2418, 508, 'JT-0167'),
(2419, 509, 'JT-0012'),
(2420, 509, 'JT-0139'),
(2421, 509, 'JT-0140'),
(2422, 509, 'JT-0141'),
(2423, 509, 'JT-0167'),
(2424, 510, 'JT-0012'),
(2425, 510, 'JT-0139'),
(2426, 510, 'JT-0140'),
(2427, 510, 'JT-0141'),
(2428, 510, 'JT-0167'),
(2429, 511, 'JT-0012'),
(2430, 511, 'JT-0139'),
(2431, 511, 'JT-0140'),
(2432, 511, 'JT-0141'),
(2433, 511, 'JT-0167'),
(2434, 512, 'JT-0012'),
(2435, 512, 'JT-0139'),
(2436, 512, 'JT-0140'),
(2437, 512, 'JT-0141'),
(2438, 512, 'JT-0167'),
(2439, 513, 'JT-0012'),
(2440, 513, 'JT-0139'),
(2441, 513, 'JT-0140'),
(2442, 513, 'JT-0141'),
(2443, 513, 'JT-0167'),
(2444, 514, 'JT-0012'),
(2445, 514, 'JT-0139'),
(2446, 514, 'JT-0140'),
(2447, 514, 'JT-0141'),
(2448, 514, 'JT-0167'),
(2449, 515, 'JT-0012'),
(2450, 515, 'JT-0139'),
(2451, 515, 'JT-0140'),
(2452, 515, 'JT-0141');
INSERT INTO `curriculum_to_job` (`id_ctb`, `id_curriculum`, `id_job_title`) VALUES
(2453, 515, 'JT-0167'),
(2454, 516, 'JT-0012'),
(2455, 516, 'JT-0139'),
(2456, 516, 'JT-0140'),
(2457, 516, 'JT-0141'),
(2458, 516, 'JT-0167'),
(2459, 517, 'JT-0012'),
(2460, 517, 'JT-0139'),
(2461, 517, 'JT-0140'),
(2462, 517, 'JT-0141'),
(2463, 517, 'JT-0167'),
(2464, 524, 'JT-0012'),
(2465, 524, 'JT-0139'),
(2466, 524, 'JT-0140'),
(2467, 524, 'JT-0141'),
(2468, 524, 'JT-0167'),
(2469, 523, 'JT-0012'),
(2470, 523, 'JT-0139'),
(2471, 523, 'JT-0140'),
(2472, 523, 'JT-0141'),
(2473, 523, 'JT-0167'),
(2474, 518, 'JT-0012'),
(2475, 518, 'JT-0139'),
(2476, 518, 'JT-0140'),
(2477, 518, 'JT-0141'),
(2478, 518, 'JT-0167'),
(2479, 519, 'JT-0012'),
(2480, 519, 'JT-0139'),
(2481, 519, 'JT-0140'),
(2482, 519, 'JT-0141'),
(2483, 519, 'JT-0167'),
(2484, 520, 'JT-0012'),
(2485, 520, 'JT-0139'),
(2486, 520, 'JT-0140'),
(2487, 520, 'JT-0141'),
(2488, 520, 'JT-0167'),
(2489, 521, 'JT-0012'),
(2490, 521, 'JT-0139'),
(2491, 521, 'JT-0140'),
(2492, 521, 'JT-0141'),
(2493, 521, 'JT-0167'),
(2494, 522, 'JT-0012'),
(2495, 522, 'JT-0139'),
(2496, 522, 'JT-0140'),
(2497, 522, 'JT-0141'),
(2498, 522, 'JT-0167'),
(2499, 525, 'JT-0012'),
(2500, 525, 'JT-0139'),
(2501, 525, 'JT-0140'),
(2502, 525, 'JT-0141'),
(2503, 525, 'JT-0167'),
(2504, 526, 'JT-0139'),
(2505, 526, 'JT-0140'),
(2506, 526, 'JT-0141'),
(2507, 529, 'JT-0139'),
(2508, 529, 'JT-0140'),
(2509, 529, 'JT-0141'),
(2510, 527, 'JT-0139'),
(2511, 527, 'JT-0140'),
(2512, 527, 'JT-0141'),
(2513, 528, 'JT-0139'),
(2514, 528, 'JT-0140'),
(2515, 528, 'JT-0141'),
(2516, 530, 'JT-0011'),
(2517, 530, 'JT-0012'),
(2518, 530, 'JT-0139'),
(2519, 530, 'JT-0140'),
(2520, 530, 'JT-0141'),
(2521, 530, 'JT-0167'),
(2522, 531, 'JT-0011'),
(2523, 531, 'JT-0012'),
(2524, 531, 'JT-0139'),
(2525, 531, 'JT-0140'),
(2526, 531, 'JT-0141'),
(2527, 531, 'JT-0167'),
(2528, 532, 'JT-0011'),
(2529, 532, 'JT-0012'),
(2530, 532, 'JT-0139'),
(2531, 532, 'JT-0140'),
(2532, 532, 'JT-0141'),
(2533, 532, 'JT-0167'),
(2534, 533, 'JT-0011'),
(2535, 533, 'JT-0012'),
(2536, 533, 'JT-0139'),
(2537, 533, 'JT-0140'),
(2538, 533, 'JT-0141'),
(2539, 533, 'JT-0167'),
(2540, 534, 'JT-0011'),
(2541, 534, 'JT-0012'),
(2542, 534, 'JT-0139'),
(2543, 534, 'JT-0140'),
(2544, 534, 'JT-0141'),
(2545, 534, 'JT-0167'),
(2546, 535, 'JT-0011'),
(2547, 535, 'JT-0012'),
(2548, 535, 'JT-0139'),
(2549, 535, 'JT-0140'),
(2550, 535, 'JT-0141'),
(2551, 535, 'JT-0167'),
(2552, 536, 'JT-0011'),
(2553, 536, 'JT-0012'),
(2554, 536, 'JT-0139'),
(2555, 536, 'JT-0140'),
(2556, 536, 'JT-0141'),
(2557, 536, 'JT-0167'),
(2558, 542, 'JT-0011'),
(2559, 542, 'JT-0012'),
(2560, 542, 'JT-0139'),
(2561, 542, 'JT-0140'),
(2562, 542, 'JT-0141'),
(2563, 542, 'JT-0167'),
(2564, 541, 'JT-0011'),
(2565, 541, 'JT-0012'),
(2566, 541, 'JT-0139'),
(2567, 541, 'JT-0140'),
(2568, 541, 'JT-0141'),
(2569, 541, 'JT-0167'),
(2570, 537, 'JT-0011'),
(2571, 537, 'JT-0012'),
(2572, 537, 'JT-0139'),
(2573, 537, 'JT-0140'),
(2574, 537, 'JT-0141'),
(2575, 537, 'JT-0167'),
(2576, 538, 'JT-0011'),
(2577, 538, 'JT-0012'),
(2578, 538, 'JT-0139'),
(2579, 538, 'JT-0140'),
(2580, 538, 'JT-0141'),
(2581, 538, 'JT-0167'),
(2582, 539, 'JT-0011'),
(2583, 539, 'JT-0012'),
(2584, 539, 'JT-0139'),
(2585, 539, 'JT-0140'),
(2586, 539, 'JT-0141'),
(2587, 539, 'JT-0167'),
(2588, 540, 'JT-0011'),
(2589, 540, 'JT-0012'),
(2590, 540, 'JT-0139'),
(2591, 540, 'JT-0140'),
(2592, 540, 'JT-0141'),
(2593, 540, 'JT-0167'),
(2594, 543, 'JT-0139'),
(2595, 543, 'JT-0140'),
(2596, 543, 'JT-0141'),
(2597, 544, 'JT-0011'),
(2598, 544, 'JT-0012'),
(2599, 544, 'JT-0139'),
(2600, 544, 'JT-0140'),
(2601, 544, 'JT-0141'),
(2602, 544, 'JT-0167'),
(2603, 545, 'JT-0011'),
(2604, 545, 'JT-0139'),
(2605, 545, 'JT-0140'),
(2606, 545, 'JT-0141'),
(2607, 546, 'JT-0139'),
(2608, 546, 'JT-0140'),
(2609, 546, 'JT-0141'),
(2610, 17, 'JT-0141'),
(2611, 23, 'JT-0141'),
(2612, 24, 'JT-0103'),
(2613, 24, 'JT-0105'),
(2614, 24, 'JT-0114'),
(2615, 24, 'JT-0115'),
(2616, 24, 'JT-0139'),
(2617, 24, 'JT-0141'),
(2618, 547, 'JT-0103'),
(2619, 547, 'JT-0105'),
(2620, 547, 'JT-0114'),
(2621, 547, 'JT-0115'),
(2622, 547, 'JT-0139'),
(2623, 547, 'JT-0140'),
(2624, 547, 'JT-0141'),
(2625, 548, 'JT-0103'),
(2626, 548, 'JT-0105'),
(2627, 548, 'JT-0114'),
(2628, 548, 'JT-0115'),
(2629, 548, 'JT-0139'),
(2630, 548, 'JT-0140'),
(2631, 548, 'JT-0141'),
(2632, 549, 'JT-0103'),
(2633, 549, 'JT-0105'),
(2634, 549, 'JT-0114'),
(2635, 549, 'JT-0115'),
(2636, 549, 'JT-0139'),
(2637, 549, 'JT-0140'),
(2638, 549, 'JT-0141'),
(2639, 550, 'JT-0103'),
(2640, 550, 'JT-0105'),
(2641, 550, 'JT-0114'),
(2642, 550, 'JT-0115'),
(2643, 550, 'JT-0139'),
(2644, 550, 'JT-0140'),
(2645, 550, 'JT-0141'),
(2646, 551, 'JT-0103'),
(2647, 551, 'JT-0105'),
(2648, 551, 'JT-0114'),
(2649, 551, 'JT-0115'),
(2650, 551, 'JT-0139'),
(2651, 551, 'JT-0140'),
(2652, 551, 'JT-0141'),
(2653, 552, 'JT-0103'),
(2654, 552, 'JT-0105'),
(2655, 552, 'JT-0114'),
(2656, 552, 'JT-0115'),
(2657, 552, 'JT-0139'),
(2658, 552, 'JT-0140'),
(2659, 552, 'JT-0141'),
(2660, 553, 'JT-0103'),
(2661, 553, 'JT-0105'),
(2662, 553, 'JT-0114'),
(2663, 553, 'JT-0115'),
(2664, 553, 'JT-0139'),
(2665, 553, 'JT-0140'),
(2666, 553, 'JT-0141'),
(2667, 554, 'JT-0103'),
(2668, 554, 'JT-0105'),
(2669, 554, 'JT-0114'),
(2670, 554, 'JT-0115'),
(2671, 554, 'JT-0139'),
(2672, 554, 'JT-0140'),
(2673, 554, 'JT-0141'),
(2674, 555, 'JT-0103'),
(2675, 555, 'JT-0105'),
(2676, 555, 'JT-0114'),
(2677, 555, 'JT-0115'),
(2678, 555, 'JT-0139'),
(2679, 555, 'JT-0140'),
(2680, 555, 'JT-0141'),
(2681, 556, 'JT-0103'),
(2682, 556, 'JT-0105'),
(2683, 556, 'JT-0114'),
(2684, 556, 'JT-0115'),
(2685, 556, 'JT-0139'),
(2686, 556, 'JT-0140'),
(2687, 556, 'JT-0141'),
(2688, 557, 'JT-0103'),
(2689, 557, 'JT-0105'),
(2690, 557, 'JT-0114'),
(2691, 557, 'JT-0115'),
(2692, 557, 'JT-0139'),
(2693, 557, 'JT-0140'),
(2694, 557, 'JT-0141'),
(2695, 561, 'JT-0103'),
(2696, 561, 'JT-0105'),
(2697, 561, 'JT-0114'),
(2698, 561, 'JT-0115'),
(2699, 561, 'JT-0139'),
(2700, 561, 'JT-0140'),
(2701, 561, 'JT-0141'),
(2702, 560, 'JT-0103'),
(2703, 560, 'JT-0105'),
(2704, 560, 'JT-0114'),
(2705, 560, 'JT-0115'),
(2706, 560, 'JT-0139'),
(2707, 560, 'JT-0140'),
(2708, 560, 'JT-0141'),
(2709, 558, 'JT-0103'),
(2710, 558, 'JT-0105'),
(2711, 558, 'JT-0114'),
(2712, 558, 'JT-0115'),
(2713, 558, 'JT-0139'),
(2714, 558, 'JT-0140'),
(2715, 558, 'JT-0141'),
(2716, 559, 'JT-0103'),
(2717, 559, 'JT-0105'),
(2718, 559, 'JT-0114'),
(2719, 559, 'JT-0115'),
(2720, 559, 'JT-0139'),
(2721, 559, 'JT-0140'),
(2722, 559, 'JT-0141'),
(2723, 1, 'JT-0089'),
(2724, 1, 'JT-0098'),
(2725, 1, 'JT-0161'),
(2726, 1, 'JT-0168'),
(2727, 1, 'JT-0169'),
(2728, 1, 'JT-0170'),
(2729, 2, 'JT-0089'),
(2730, 2, 'JT-0098'),
(2731, 2, 'JT-0161'),
(2732, 2, 'JT-0168'),
(2733, 2, 'JT-0169'),
(2734, 2, 'JT-0170'),
(2735, 3, 'JT-0089'),
(2736, 3, 'JT-0098'),
(2737, 3, 'JT-0161'),
(2738, 3, 'JT-0168'),
(2739, 3, 'JT-0169'),
(2740, 3, 'JT-0170'),
(2741, 4, 'JT-0089'),
(2742, 4, 'JT-0098'),
(2743, 4, 'JT-0161'),
(2744, 4, 'JT-0168'),
(2745, 4, 'JT-0169'),
(2746, 4, 'JT-0170'),
(2747, 5, 'JT-0089'),
(2748, 5, 'JT-0098'),
(2749, 5, 'JT-0161'),
(2750, 5, 'JT-0168'),
(2751, 5, 'JT-0169'),
(2752, 5, 'JT-0170'),
(2753, 6, 'JT-0089'),
(2754, 6, 'JT-0098'),
(2755, 6, 'JT-0161'),
(2756, 6, 'JT-0168'),
(2757, 6, 'JT-0169'),
(2758, 6, 'JT-0170'),
(2759, 7, 'JT-0089'),
(2760, 7, 'JT-0098'),
(2761, 7, 'JT-0161'),
(2762, 7, 'JT-0168'),
(2763, 7, 'JT-0169'),
(2764, 7, 'JT-0170'),
(2765, 8, 'JT-0089'),
(2766, 8, 'JT-0098'),
(2767, 8, 'JT-0161'),
(2768, 8, 'JT-0168'),
(2769, 8, 'JT-0169'),
(2770, 8, 'JT-0170'),
(2771, 9, 'JT-0089'),
(2772, 9, 'JT-0098'),
(2773, 9, 'JT-0161'),
(2774, 9, 'JT-0168'),
(2775, 9, 'JT-0169'),
(2776, 9, 'JT-0170'),
(2777, 10, 'JT-0089'),
(2778, 10, 'JT-0098'),
(2779, 10, 'JT-0161'),
(2780, 10, 'JT-0168'),
(2781, 10, 'JT-0169'),
(2782, 10, 'JT-0170'),
(2783, 11, 'JT-0089'),
(2784, 11, 'JT-0161'),
(2785, 11, 'JT-0168'),
(2786, 11, 'JT-0098'),
(2787, 11, 'JT-0169'),
(2788, 11, 'JT-0170'),
(2789, 12, 'JT-0089'),
(2790, 12, 'JT-0098'),
(2791, 12, 'JT-0161'),
(2792, 12, 'JT-0168'),
(2793, 12, 'JT-0169'),
(2794, 12, 'JT-0170'),
(2795, 13, 'JT-0089'),
(2796, 13, 'JT-0098'),
(2797, 13, 'JT-0161'),
(2798, 13, 'JT-0168'),
(2799, 13, 'JT-0169'),
(2800, 13, 'JT-0170'),
(2801, 14, 'JT-0089'),
(2802, 14, 'JT-0161'),
(2803, 14, 'JT-0168'),
(2804, 14, 'JT-0098'),
(2805, 14, 'JT-0169'),
(2806, 14, 'JT-0170'),
(2807, 15, 'JT-0089'),
(2809, 15, 'JT-0161'),
(2810, 15, 'JT-0168'),
(2811, 15, 'JT-0169'),
(2812, 15, 'JT-0170'),
(2813, 16, 'JT-0089'),
(2814, 16, 'JT-0098'),
(2815, 16, 'JT-0161'),
(2816, 16, 'JT-0168'),
(2817, 16, 'JT-0169'),
(2818, 16, 'JT-0170'),
(2819, 17, 'JT-0161'),
(2820, 17, 'JT-0168'),
(2821, 18, 'JT-0089'),
(2822, 18, 'JT-0161'),
(2823, 18, 'JT-0168'),
(2824, 18, 'JT-0098'),
(2825, 18, 'JT-0169'),
(2826, 18, 'JT-0170'),
(2827, 15, 'JT-0098'),
(2828, 19, 'JT-0089'),
(2829, 19, 'JT-0098'),
(2830, 19, 'JT-0161'),
(2831, 19, 'JT-0168'),
(2832, 19, 'JT-0169'),
(2833, 19, 'JT-0170'),
(2834, 20, 'JT-0089'),
(2835, 20, 'JT-0098'),
(2836, 20, 'JT-0161'),
(2837, 20, 'JT-0168'),
(2838, 20, 'JT-0169'),
(2839, 20, 'JT-0170'),
(2840, 21, 'JT-0089'),
(2841, 21, 'JT-0098'),
(2842, 21, 'JT-0161'),
(2843, 21, 'JT-0168'),
(2844, 21, 'JT-0169'),
(2845, 21, 'JT-0170'),
(2846, 22, 'JT-0089'),
(2847, 22, 'JT-0098'),
(2848, 22, 'JT-0161'),
(2849, 22, 'JT-0168'),
(2850, 22, 'JT-0169'),
(2851, 22, 'JT-0170'),
(2852, 27, 'JT-0089'),
(2853, 27, 'JT-0098'),
(2854, 27, 'JT-0161'),
(2855, 27, 'JT-0168'),
(2856, 27, 'JT-0169'),
(2857, 27, 'JT-0170'),
(2858, 28, 'JT-0161'),
(2859, 28, 'JT-0168'),
(2860, 634, 'JT-0098'),
(2861, 634, 'JT-0168'),
(2862, 641, 'JT-0098'),
(2863, 641, 'JT-0168'),
(2864, 635, 'JT-0098'),
(2865, 635, 'JT-0168'),
(2866, 636, 'JT-0098'),
(2867, 636, 'JT-0168'),
(2868, 638, 'JT-0098'),
(2869, 638, 'JT-0168'),
(2870, 637, 'JT-0098'),
(2871, 637, 'JT-0168'),
(2872, 639, 'JT-0098'),
(2873, 639, 'JT-0168'),
(2874, 640, 'JT-0098'),
(2875, 640, 'JT-0168'),
(2876, 642, 'JT-0098'),
(2877, 642, 'JT-0168'),
(2878, 643, 'JT-0098'),
(2879, 643, 'JT-0168'),
(2880, 649, 'JT-0098'),
(2881, 649, 'JT-0168'),
(2882, 644, 'JT-0098'),
(2883, 644, 'JT-0168'),
(2884, 645, 'JT-0098'),
(2885, 645, 'JT-0168'),
(2886, 646, 'JT-0098'),
(2887, 646, 'JT-0168'),
(2888, 647, 'JT-0098'),
(2889, 647, 'JT-0168'),
(2890, 648, 'JT-0098'),
(2891, 648, 'JT-0168'),
(2892, 657, 'JT-0098'),
(2893, 657, 'JT-0168'),
(2894, 650, 'JT-0098'),
(2895, 650, 'JT-0168'),
(2896, 651, 'JT-0098'),
(2897, 651, 'JT-0168'),
(2898, 652, 'JT-0098'),
(2899, 652, 'JT-0168'),
(2900, 653, 'JT-0098'),
(2901, 653, 'JT-0168'),
(2902, 654, 'JT-0098'),
(2903, 654, 'JT-0168'),
(2904, 655, 'JT-0098'),
(2905, 655, 'JT-0168'),
(2906, 656, 'JT-0098'),
(2907, 656, 'JT-0168'),
(2908, 663, 'JT-0098'),
(2909, 663, 'JT-0168'),
(2910, 662, 'JT-0098'),
(2911, 662, 'JT-0168'),
(2912, 658, 'JT-0098'),
(2913, 658, 'JT-0168'),
(2914, 659, 'JT-0098'),
(2915, 659, 'JT-0168'),
(2916, 660, 'JT-0098'),
(2917, 660, 'JT-0168'),
(2918, 661, 'JT-0098'),
(2919, 661, 'JT-0168'),
(2920, 669, 'JT-0098'),
(2921, 669, 'JT-0168'),
(2922, 664, 'JT-0098'),
(2923, 664, 'JT-0168'),
(2924, 665, 'JT-0098'),
(2925, 665, 'JT-0168'),
(2926, 666, 'JT-0098'),
(2927, 666, 'JT-0168'),
(2928, 667, 'JT-0098'),
(2929, 667, 'JT-0168'),
(2930, 668, 'JT-0098'),
(2931, 668, 'JT-0168'),
(2932, 672, 'JT-0098'),
(2933, 672, 'JT-0168'),
(2934, 676, 'JT-0098'),
(2935, 676, 'JT-0168'),
(2936, 673, 'JT-0098'),
(2937, 673, 'JT-0168'),
(2938, 670, 'JT-0098'),
(2939, 670, 'JT-0168'),
(2940, 671, 'JT-0098'),
(2941, 671, 'JT-0168'),
(2942, 674, 'JT-0098'),
(2943, 674, 'JT-0168'),
(2944, 675, 'JT-0098'),
(2945, 675, 'JT-0168'),
(2946, 683, 'JT-0098'),
(2947, 683, 'JT-0168'),
(2948, 682, 'JT-0098'),
(2949, 682, 'JT-0168'),
(2950, 677, 'JT-0098'),
(2951, 677, 'JT-0168'),
(2952, 681, 'JT-0098'),
(2953, 681, 'JT-0168'),
(2954, 680, 'JT-0098'),
(2955, 680, 'JT-0168'),
(2956, 678, 'JT-0098'),
(2957, 678, 'JT-0168'),
(2958, 679, 'JT-0098'),
(2959, 679, 'JT-0168'),
(2960, 684, 'JT-0098'),
(2961, 684, 'JT-0168'),
(2962, 691, 'JT-0098'),
(2963, 691, 'JT-0168'),
(2964, 685, 'JT-0098'),
(2965, 685, 'JT-0168'),
(2966, 686, 'JT-0098'),
(2967, 686, 'JT-0168'),
(2968, 687, 'JT-0098'),
(2969, 687, 'JT-0168'),
(2970, 688, 'JT-0098'),
(2971, 688, 'JT-0168'),
(2972, 689, 'JT-0098'),
(2973, 689, 'JT-0168'),
(2974, 690, 'JT-0098'),
(2975, 690, 'JT-0168'),
(2976, 692, 'JT-0098'),
(2977, 692, 'JT-0168'),
(2978, 693, 'JT-0098'),
(2979, 693, 'JT-0168'),
(2980, 700, 'JT-0098'),
(2981, 700, 'JT-0168'),
(2982, 694, 'JT-0098'),
(2983, 694, 'JT-0168'),
(2984, 695, 'JT-0098'),
(2985, 695, 'JT-0168'),
(2986, 696, 'JT-0098'),
(2987, 696, 'JT-0168'),
(2988, 699, 'JT-0098'),
(2989, 699, 'JT-0168'),
(2990, 717, 'JT-0098'),
(2991, 717, 'JT-0168'),
(2992, 716, 'JT-0098'),
(2993, 716, 'JT-0168'),
(2994, 715, 'JT-0098'),
(2995, 715, 'JT-0168'),
(2996, 697, 'JT-0098'),
(2997, 697, 'JT-0168'),
(2998, 698, 'JT-0098'),
(2999, 698, 'JT-0168'),
(3000, 714, 'JT-0098'),
(3001, 714, 'JT-0168'),
(3002, 713, 'JT-0098'),
(3003, 713, 'JT-0168'),
(3004, 712, 'JT-0098'),
(3005, 712, 'JT-0168'),
(3006, 711, 'JT-0098'),
(3007, 711, 'JT-0168'),
(3008, 710, 'JT-0098'),
(3009, 710, 'JT-0168'),
(3010, 709, 'JT-0098'),
(3011, 709, 'JT-0168'),
(3012, 708, 'JT-0098'),
(3013, 708, 'JT-0168'),
(3014, 707, 'JT-0098'),
(3015, 707, 'JT-0168'),
(3016, 706, 'JT-0098'),
(3017, 706, 'JT-0168'),
(3018, 705, 'JT-0098'),
(3019, 705, 'JT-0168'),
(3020, 704, 'JT-0098'),
(3021, 704, 'JT-0168'),
(3022, 703, 'JT-0098'),
(3023, 703, 'JT-0168'),
(3024, 702, 'JT-0098'),
(3025, 702, 'JT-0168'),
(3026, 701, 'JT-0098'),
(3027, 701, 'JT-0168'),
(3028, 718, 'JT-0168'),
(3029, 718, 'JT-0169'),
(3030, 719, 'JT-0168'),
(3031, 719, 'JT-0169'),
(3032, 720, 'JT-0168'),
(3033, 720, 'JT-0169'),
(3034, 720, 'JT-0170'),
(3035, 721, 'JT-0168'),
(3036, 721, 'JT-0169'),
(3037, 721, 'JT-0170'),
(3038, 722, 'JT-0168'),
(3039, 722, 'JT-0170'),
(3040, 723, 'JT-0168'),
(3041, 723, 'JT-0169'),
(3042, 731, 'JT-0168'),
(3043, 731, 'JT-0169'),
(3044, 732, 'JT-0168'),
(3045, 732, 'JT-0169'),
(3046, 732, 'JT-0170'),
(3047, 733, 'JT-0168'),
(3048, 733, 'JT-0169'),
(3049, 733, 'JT-0170'),
(3050, 724, 'JT-0168'),
(3051, 724, 'JT-0169'),
(3052, 730, 'JT-0168'),
(3053, 730, 'JT-0169'),
(3054, 725, 'JT-0168'),
(3055, 725, 'JT-0169'),
(3056, 726, 'JT-0168'),
(3057, 726, 'JT-0169'),
(3058, 727, 'JT-0168'),
(3059, 727, 'JT-0169'),
(3060, 728, 'JT-0168'),
(3061, 728, 'JT-0169'),
(3062, 729, 'JT-0168'),
(3063, 729, 'JT-0169'),
(3064, 734, 'JT-0089'),
(3065, 734, 'JT-0098'),
(3066, 734, 'JT-0161'),
(3067, 734, 'JT-0168'),
(3068, 734, 'JT-0169'),
(3069, 734, 'JT-0170'),
(3070, 735, 'JT-0089'),
(3071, 735, 'JT-0161'),
(3072, 740, 'JT-0089'),
(3073, 740, 'JT-0161'),
(3074, 739, 'JT-0089'),
(3075, 739, 'JT-0161'),
(3076, 739, 'JT-0168'),
(3077, 738, 'JT-0168'),
(3078, 737, 'JT-0168'),
(3079, 736, 'JT-0089'),
(3080, 736, 'JT-0161'),
(3081, 1, 'JT-0095'),
(3082, 1, 'JT-0096'),
(3083, 1, 'JT-0171'),
(3084, 1, 'JT-0172'),
(3085, 1, 'JT-0173'),
(3086, 2, 'JT-0095'),
(3087, 2, 'JT-0096'),
(3088, 2, 'JT-0171'),
(3089, 2, 'JT-0172'),
(3090, 2, 'JT-0173'),
(3091, 3, 'JT-0095'),
(3092, 3, 'JT-0096'),
(3093, 3, 'JT-0171'),
(3094, 3, 'JT-0172'),
(3095, 3, 'JT-0173'),
(3096, 4, 'JT-0095'),
(3097, 4, 'JT-0096'),
(3098, 4, 'JT-0171'),
(3099, 4, 'JT-0172'),
(3100, 4, 'JT-0173'),
(3101, 5, 'JT-0095'),
(3102, 5, 'JT-0096'),
(3103, 5, 'JT-0171'),
(3104, 5, 'JT-0172'),
(3105, 5, 'JT-0173'),
(3106, 6, 'JT-0095'),
(3107, 6, 'JT-0096'),
(3108, 6, 'JT-0171'),
(3109, 6, 'JT-0172'),
(3110, 6, 'JT-0173'),
(3111, 7, 'JT-0095'),
(3112, 7, 'JT-0096'),
(3113, 7, 'JT-0171'),
(3114, 7, 'JT-0172'),
(3115, 7, 'JT-0173'),
(3116, 8, 'JT-0095'),
(3117, 8, 'JT-0096'),
(3118, 8, 'JT-0171'),
(3119, 8, 'JT-0172'),
(3120, 8, 'JT-0173'),
(3121, 9, 'JT-0095'),
(3122, 9, 'JT-0096'),
(3123, 9, 'JT-0171'),
(3124, 9, 'JT-0172'),
(3125, 9, 'JT-0173'),
(3126, 10, 'JT-0095'),
(3127, 10, 'JT-0096'),
(3128, 10, 'JT-0171'),
(3129, 10, 'JT-0172'),
(3130, 10, 'JT-0173'),
(3131, 11, 'JT-0095'),
(3132, 11, 'JT-0096'),
(3133, 11, 'JT-0171'),
(3134, 11, 'JT-0172'),
(3135, 11, 'JT-0173'),
(3136, 12, 'JT-0095'),
(3137, 12, 'JT-0096'),
(3138, 12, 'JT-0171'),
(3139, 12, 'JT-0172'),
(3140, 12, 'JT-0173'),
(3141, 13, 'JT-0095'),
(3142, 13, 'JT-0096'),
(3143, 13, 'JT-0171'),
(3144, 13, 'JT-0172'),
(3145, 13, 'JT-0173'),
(3146, 14, 'JT-0095'),
(3147, 14, 'JT-0096'),
(3148, 14, 'JT-0171'),
(3149, 14, 'JT-0172'),
(3150, 14, 'JT-0173'),
(3151, 15, 'JT-0095'),
(3152, 15, 'JT-0096'),
(3153, 15, 'JT-0171'),
(3154, 15, 'JT-0172'),
(3155, 15, 'JT-0173'),
(3156, 16, 'JT-0095'),
(3157, 16, 'JT-0096'),
(3158, 16, 'JT-0171'),
(3159, 16, 'JT-0172'),
(3160, 16, 'JT-0173'),
(3161, 17, 'JT-0095'),
(3162, 17, 'JT-0096'),
(3163, 17, 'JT-0171'),
(3164, 18, 'JT-0095'),
(3165, 18, 'JT-0096'),
(3166, 18, 'JT-0171'),
(3167, 18, 'JT-0172'),
(3168, 18, 'JT-0173'),
(3169, 19, 'JT-0095'),
(3170, 19, 'JT-0096'),
(3171, 19, 'JT-0171'),
(3172, 19, 'JT-0172'),
(3173, 19, 'JT-0173'),
(3174, 20, 'JT-0095'),
(3175, 20, 'JT-0096'),
(3176, 20, 'JT-0171'),
(3177, 20, 'JT-0172'),
(3178, 20, 'JT-0173'),
(3179, 21, 'JT-0096'),
(3180, 22, 'JT-0096'),
(3181, 23, 'JT-0096'),
(3182, 24, 'JT-0095'),
(3183, 24, 'JT-0096'),
(3184, 24, 'JT-0171'),
(3185, 25, 'JT-0096'),
(3186, 26, 'JT-0096'),
(3187, 27, 'JT-0095'),
(3188, 27, 'JT-0096'),
(3189, 27, 'JT-0171'),
(3190, 27, 'JT-0172'),
(3191, 27, 'JT-0173'),
(3192, 28, 'JT-0095'),
(3193, 28, 'JT-0096'),
(3194, 28, 'JT-0171'),
(3195, 28, 'JT-0172'),
(3196, 28, 'JT-0173'),
(3197, 562, 'JT-0095'),
(3198, 562, 'JT-0096'),
(3199, 562, 'JT-0171'),
(3200, 562, 'JT-0172'),
(3201, 562, 'JT-0173'),
(3202, 563, 'JT-0095'),
(3203, 563, 'JT-0096'),
(3204, 563, 'JT-0171'),
(3205, 563, 'JT-0172'),
(3206, 563, 'JT-0173'),
(3207, 564, 'JT-0095'),
(3208, 564, 'JT-0096'),
(3209, 564, 'JT-0171'),
(3210, 564, 'JT-0172'),
(3211, 564, 'JT-0173'),
(3212, 565, 'JT-0095'),
(3213, 565, 'JT-0096'),
(3214, 565, 'JT-0171'),
(3215, 565, 'JT-0172'),
(3216, 565, 'JT-0173'),
(3217, 566, 'JT-0095'),
(3218, 566, 'JT-0096'),
(3219, 566, 'JT-0171'),
(3220, 566, 'JT-0172'),
(3221, 566, 'JT-0173'),
(3222, 567, 'JT-0095'),
(3223, 567, 'JT-0096'),
(3224, 567, 'JT-0171'),
(3225, 567, 'JT-0172'),
(3226, 567, 'JT-0173'),
(3227, 568, 'JT-0095'),
(3228, 568, 'JT-0096'),
(3229, 568, 'JT-0171'),
(3230, 568, 'JT-0172'),
(3231, 568, 'JT-0173'),
(3232, 569, 'JT-0095'),
(3233, 569, 'JT-0096'),
(3234, 569, 'JT-0171'),
(3235, 569, 'JT-0172'),
(3236, 569, 'JT-0173'),
(3237, 570, 'JT-0095'),
(3238, 570, 'JT-0096'),
(3239, 570, 'JT-0171'),
(3240, 570, 'JT-0172'),
(3241, 570, 'JT-0173'),
(3242, 571, 'JT-0095'),
(3243, 571, 'JT-0096'),
(3244, 571, 'JT-0171'),
(3245, 571, 'JT-0172'),
(3246, 571, 'JT-0173'),
(3247, 577, 'JT-0095'),
(3248, 577, 'JT-0096'),
(3249, 577, 'JT-0171'),
(3250, 577, 'JT-0172'),
(3251, 577, 'JT-0173'),
(3252, 576, 'JT-0095'),
(3253, 576, 'JT-0096'),
(3254, 576, 'JT-0171'),
(3255, 576, 'JT-0172'),
(3256, 576, 'JT-0173'),
(3257, 572, 'JT-0095'),
(3258, 572, 'JT-0096'),
(3259, 572, 'JT-0171'),
(3260, 572, 'JT-0172'),
(3261, 572, 'JT-0173'),
(3262, 573, 'JT-0095'),
(3263, 573, 'JT-0096'),
(3264, 573, 'JT-0171'),
(3265, 573, 'JT-0172'),
(3266, 573, 'JT-0173'),
(3267, 574, 'JT-0095'),
(3268, 574, 'JT-0096'),
(3269, 574, 'JT-0171'),
(3270, 574, 'JT-0172'),
(3271, 574, 'JT-0173'),
(3272, 575, 'JT-0095'),
(3273, 575, 'JT-0096'),
(3274, 575, 'JT-0171'),
(3275, 575, 'JT-0172'),
(3276, 575, 'JT-0173'),
(3277, 578, 'JT-0095'),
(3278, 578, 'JT-0096'),
(3279, 578, 'JT-0171'),
(3280, 578, 'JT-0172'),
(3281, 578, 'JT-0173'),
(3282, 579, 'JT-0095'),
(3283, 579, 'JT-0096'),
(3284, 579, 'JT-0171'),
(3285, 579, 'JT-0172'),
(3286, 579, 'JT-0173'),
(3287, 580, 'JT-0095'),
(3288, 580, 'JT-0096'),
(3289, 580, 'JT-0171'),
(3290, 580, 'JT-0172'),
(3291, 580, 'JT-0173'),
(3292, 581, 'JT-0095'),
(3293, 581, 'JT-0096'),
(3294, 581, 'JT-0171'),
(3295, 581, 'JT-0172'),
(3296, 581, 'JT-0173'),
(3297, 582, 'JT-0095'),
(3298, 582, 'JT-0096'),
(3299, 582, 'JT-0171'),
(3300, 582, 'JT-0172'),
(3301, 582, 'JT-0173'),
(3302, 583, 'JT-0095'),
(3303, 583, 'JT-0096'),
(3304, 583, 'JT-0171'),
(3305, 583, 'JT-0172'),
(3306, 583, 'JT-0173'),
(3307, 584, 'JT-0095'),
(3308, 584, 'JT-0096'),
(3309, 584, 'JT-0171'),
(3310, 584, 'JT-0172'),
(3311, 584, 'JT-0173'),
(3312, 585, 'JT-0095'),
(3313, 585, 'JT-0096'),
(3314, 585, 'JT-0171'),
(3315, 585, 'JT-0172'),
(3316, 585, 'JT-0173'),
(3317, 586, 'JT-0095'),
(3318, 586, 'JT-0096'),
(3319, 586, 'JT-0171'),
(3320, 586, 'JT-0172'),
(3321, 586, 'JT-0173'),
(3322, 587, 'JT-0095'),
(3323, 587, 'JT-0096'),
(3324, 587, 'JT-0171'),
(3325, 587, 'JT-0172'),
(3326, 587, 'JT-0173'),
(3327, 588, 'JT-0095'),
(3328, 588, 'JT-0096'),
(3329, 588, 'JT-0171'),
(3330, 588, 'JT-0172'),
(3331, 588, 'JT-0173'),
(3332, 589, 'JT-0095'),
(3333, 589, 'JT-0096'),
(3334, 589, 'JT-0171'),
(3335, 589, 'JT-0172'),
(3336, 589, 'JT-0173'),
(3337, 590, 'JT-0095'),
(3338, 590, 'JT-0096'),
(3339, 590, 'JT-0171'),
(3340, 590, 'JT-0172'),
(3341, 590, 'JT-0173'),
(3342, 591, 'JT-0095'),
(3343, 591, 'JT-0096'),
(3344, 591, 'JT-0171'),
(3345, 591, 'JT-0172'),
(3346, 591, 'JT-0173'),
(3347, 592, 'JT-0095'),
(3348, 592, 'JT-0096'),
(3349, 592, 'JT-0171'),
(3350, 592, 'JT-0172'),
(3351, 592, 'JT-0173'),
(3352, 593, 'JT-0095'),
(3353, 593, 'JT-0096'),
(3354, 593, 'JT-0171'),
(3355, 593, 'JT-0172'),
(3356, 593, 'JT-0173'),
(3357, 600, 'JT-0095'),
(3358, 600, 'JT-0096'),
(3359, 600, 'JT-0171'),
(3360, 600, 'JT-0172'),
(3361, 600, 'JT-0173'),
(3362, 601, 'JT-0095'),
(3363, 601, 'JT-0096'),
(3364, 601, 'JT-0171'),
(3365, 601, 'JT-0172'),
(3366, 601, 'JT-0173'),
(3367, 594, 'JT-0095'),
(3368, 594, 'JT-0096'),
(3369, 594, 'JT-0171'),
(3370, 594, 'JT-0172'),
(3371, 594, 'JT-0173'),
(3372, 599, 'JT-0095'),
(3373, 599, 'JT-0096'),
(3374, 599, 'JT-0171'),
(3375, 599, 'JT-0172'),
(3376, 599, 'JT-0173'),
(3377, 598, 'JT-0095'),
(3378, 598, 'JT-0096'),
(3379, 598, 'JT-0171'),
(3380, 598, 'JT-0172'),
(3381, 598, 'JT-0173'),
(3382, 595, 'JT-0095'),
(3383, 595, 'JT-0096'),
(3384, 595, 'JT-0171'),
(3385, 595, 'JT-0172'),
(3386, 595, 'JT-0173'),
(3387, 596, 'JT-0095'),
(3388, 596, 'JT-0096'),
(3389, 596, 'JT-0171'),
(3390, 596, 'JT-0172'),
(3391, 596, 'JT-0173'),
(3392, 597, 'JT-0095'),
(3393, 597, 'JT-0096'),
(3394, 597, 'JT-0171'),
(3395, 597, 'JT-0172'),
(3396, 597, 'JT-0173'),
(3397, 611, 'JT-0095'),
(3398, 611, 'JT-0096'),
(3399, 611, 'JT-0171'),
(3400, 611, 'JT-0172'),
(3401, 611, 'JT-0173'),
(3402, 610, 'JT-0095'),
(3403, 610, 'JT-0096'),
(3404, 610, 'JT-0171'),
(3405, 610, 'JT-0172'),
(3406, 610, 'JT-0173'),
(3407, 609, 'JT-0095'),
(3408, 609, 'JT-0096'),
(3409, 609, 'JT-0171'),
(3410, 609, 'JT-0172'),
(3411, 609, 'JT-0173'),
(3412, 608, 'JT-0095'),
(3413, 608, 'JT-0096'),
(3414, 608, 'JT-0171'),
(3415, 608, 'JT-0172'),
(3416, 608, 'JT-0173'),
(3417, 602, 'JT-0095'),
(3418, 602, 'JT-0096'),
(3419, 602, 'JT-0171'),
(3420, 602, 'JT-0172'),
(3421, 602, 'JT-0173'),
(3422, 605, 'JT-0095'),
(3423, 605, 'JT-0096'),
(3424, 605, 'JT-0171'),
(3425, 605, 'JT-0172'),
(3426, 605, 'JT-0173'),
(3427, 603, 'JT-0095'),
(3428, 603, 'JT-0096'),
(3429, 603, 'JT-0171'),
(3430, 603, 'JT-0172'),
(3431, 603, 'JT-0173'),
(3432, 604, 'JT-0095'),
(3433, 604, 'JT-0096'),
(3434, 604, 'JT-0171'),
(3435, 604, 'JT-0172'),
(3436, 604, 'JT-0173'),
(3437, 606, 'JT-0095'),
(3438, 606, 'JT-0096'),
(3439, 606, 'JT-0171'),
(3440, 606, 'JT-0172'),
(3441, 606, 'JT-0173'),
(3442, 607, 'JT-0095'),
(3443, 607, 'JT-0096'),
(3444, 607, 'JT-0171'),
(3445, 607, 'JT-0172'),
(3446, 607, 'JT-0173'),
(3447, 621, 'JT-0095'),
(3448, 621, 'JT-0096'),
(3449, 621, 'JT-0171'),
(3450, 621, 'JT-0172'),
(3451, 621, 'JT-0173'),
(3452, 612, 'JT-0095'),
(3453, 612, 'JT-0096'),
(3454, 612, 'JT-0171'),
(3455, 612, 'JT-0172'),
(3456, 612, 'JT-0173'),
(3457, 613, 'JT-0095'),
(3458, 613, 'JT-0096'),
(3459, 613, 'JT-0171'),
(3460, 613, 'JT-0172'),
(3461, 613, 'JT-0173'),
(3462, 614, 'JT-0095'),
(3463, 614, 'JT-0096'),
(3464, 614, 'JT-0171'),
(3465, 614, 'JT-0172'),
(3466, 614, 'JT-0173'),
(3467, 615, 'JT-0095'),
(3468, 615, 'JT-0096'),
(3469, 615, 'JT-0171'),
(3470, 615, 'JT-0172'),
(3471, 615, 'JT-0173'),
(3472, 620, 'JT-0095'),
(3473, 620, 'JT-0096'),
(3474, 620, 'JT-0171'),
(3475, 620, 'JT-0172'),
(3476, 620, 'JT-0173'),
(3477, 619, 'JT-0095'),
(3478, 619, 'JT-0096'),
(3479, 619, 'JT-0171'),
(3480, 619, 'JT-0172'),
(3481, 619, 'JT-0173'),
(3482, 616, 'JT-0095'),
(3483, 616, 'JT-0096'),
(3484, 616, 'JT-0171'),
(3485, 616, 'JT-0172'),
(3486, 616, 'JT-0173'),
(3487, 618, 'JT-0095'),
(3488, 618, 'JT-0096'),
(3489, 618, 'JT-0171'),
(3490, 618, 'JT-0172'),
(3491, 618, 'JT-0173'),
(3492, 617, 'JT-0095'),
(3493, 617, 'JT-0096'),
(3494, 617, 'JT-0171'),
(3495, 617, 'JT-0172'),
(3496, 617, 'JT-0173'),
(3497, 629, 'JT-0095'),
(3498, 629, 'JT-0096'),
(3499, 629, 'JT-0171'),
(3500, 629, 'JT-0172'),
(3501, 629, 'JT-0173'),
(3502, 622, 'JT-0095'),
(3503, 622, 'JT-0096'),
(3504, 622, 'JT-0171'),
(3505, 622, 'JT-0172'),
(3506, 622, 'JT-0173'),
(3507, 631, 'JT-0095'),
(3508, 631, 'JT-0096'),
(3509, 631, 'JT-0171'),
(3510, 631, 'JT-0172'),
(3511, 631, 'JT-0173'),
(3512, 623, 'JT-0095'),
(3513, 623, 'JT-0096'),
(3514, 623, 'JT-0171'),
(3515, 623, 'JT-0172'),
(3516, 623, 'JT-0173'),
(3517, 624, 'JT-0095'),
(3518, 624, 'JT-0096'),
(3519, 624, 'JT-0171'),
(3520, 624, 'JT-0172'),
(3521, 624, 'JT-0173'),
(3522, 625, 'JT-0095'),
(3523, 625, 'JT-0096'),
(3524, 625, 'JT-0171'),
(3525, 625, 'JT-0172'),
(3526, 625, 'JT-0173'),
(3527, 626, 'JT-0095'),
(3528, 626, 'JT-0096'),
(3529, 626, 'JT-0171'),
(3530, 626, 'JT-0172'),
(3531, 626, 'JT-0173'),
(3532, 630, 'JT-0095'),
(3533, 630, 'JT-0096'),
(3534, 630, 'JT-0171'),
(3535, 630, 'JT-0172'),
(3536, 630, 'JT-0173'),
(3537, 627, 'JT-0095'),
(3538, 627, 'JT-0096'),
(3539, 627, 'JT-0171'),
(3540, 627, 'JT-0172'),
(3541, 627, 'JT-0173'),
(3542, 628, 'JT-0095'),
(3543, 628, 'JT-0096'),
(3544, 628, 'JT-0171'),
(3545, 628, 'JT-0172'),
(3546, 628, 'JT-0173'),
(3547, 633, 'JT-0095'),
(3548, 633, 'JT-0096'),
(3549, 633, 'JT-0171'),
(3550, 633, 'JT-0172'),
(3551, 633, 'JT-0173'),
(3552, 632, 'JT-0095'),
(3553, 632, 'JT-0096'),
(3554, 632, 'JT-0171'),
(3555, 632, 'JT-0172'),
(3556, 632, 'JT-0173'),
(3557, 1, 'JT-0032'),
(3558, 1, 'JT-0045'),
(3559, 1, 'JT-0050'),
(3560, 1, 'JT-0058'),
(3561, 1, 'JT-0059'),
(3562, 1, 'JT-0066'),
(3563, 1, 'JT-0108'),
(3564, 1, 'JT-0109'),
(3565, 1, 'JT-0174'),
(3566, 1, 'JT-0175'),
(3567, 2, 'JT-0032'),
(3568, 2, 'JT-0045'),
(3569, 2, 'JT-0050'),
(3570, 2, 'JT-0058'),
(3571, 2, 'JT-0059'),
(3572, 2, 'JT-0065'),
(3573, 2, 'JT-0066'),
(3574, 2, 'JT-0108'),
(3575, 2, 'JT-0109'),
(3576, 2, 'JT-0174'),
(3577, 2, 'JT-0175'),
(3578, 1, 'JT-0065'),
(3579, 3, 'JT-0032'),
(3580, 3, 'JT-0045'),
(3581, 3, 'JT-0050'),
(3582, 3, 'JT-0058'),
(3583, 3, 'JT-0059'),
(3584, 3, 'JT-0065'),
(3585, 3, 'JT-0066'),
(3586, 3, 'JT-0108'),
(3587, 3, 'JT-0109'),
(3588, 3, 'JT-0174'),
(3589, 3, 'JT-0175'),
(3590, 4, 'JT-0032'),
(3591, 4, 'JT-0045'),
(3592, 4, 'JT-0050'),
(3593, 4, 'JT-0058'),
(3594, 4, 'JT-0059'),
(3595, 4, 'JT-0065'),
(3596, 4, 'JT-0066'),
(3597, 4, 'JT-0108'),
(3598, 4, 'JT-0109'),
(3599, 4, 'JT-0174'),
(3600, 4, 'JT-0175'),
(3601, 5, 'JT-0032'),
(3602, 5, 'JT-0045'),
(3603, 5, 'JT-0050'),
(3604, 5, 'JT-0058'),
(3605, 5, 'JT-0059'),
(3606, 5, 'JT-0065'),
(3607, 5, 'JT-0066'),
(3608, 5, 'JT-0108'),
(3609, 5, 'JT-0109'),
(3610, 5, 'JT-0174'),
(3611, 5, 'JT-0175'),
(3612, 7, 'JT-0032'),
(3613, 7, 'JT-0045'),
(3614, 7, 'JT-0050'),
(3615, 7, 'JT-0058'),
(3616, 7, 'JT-0059'),
(3617, 7, 'JT-0065'),
(3618, 7, 'JT-0066'),
(3619, 7, 'JT-0108'),
(3620, 7, 'JT-0109'),
(3621, 7, 'JT-0174'),
(3622, 7, 'JT-0175'),
(3623, 8, 'JT-0032'),
(3624, 8, 'JT-0045'),
(3625, 8, 'JT-0050'),
(3626, 8, 'JT-0058'),
(3627, 8, 'JT-0059'),
(3628, 8, 'JT-0065'),
(3629, 8, 'JT-0066'),
(3630, 8, 'JT-0108'),
(3631, 8, 'JT-0109'),
(3632, 8, 'JT-0174'),
(3633, 8, 'JT-0175'),
(3634, 9, 'JT-0032'),
(3635, 9, 'JT-0045'),
(3636, 9, 'JT-0050'),
(3637, 9, 'JT-0058'),
(3638, 9, 'JT-0059'),
(3639, 9, 'JT-0065'),
(3640, 9, 'JT-0066'),
(3641, 9, 'JT-0108'),
(3642, 9, 'JT-0109'),
(3643, 9, 'JT-0174'),
(3644, 9, 'JT-0175'),
(3645, 10, 'JT-0032'),
(3646, 10, 'JT-0045'),
(3647, 10, 'JT-0050'),
(3648, 10, 'JT-0058'),
(3649, 10, 'JT-0059'),
(3650, 10, 'JT-0065'),
(3651, 10, 'JT-0066'),
(3652, 10, 'JT-0108'),
(3653, 10, 'JT-0109'),
(3654, 10, 'JT-0174'),
(3655, 10, 'JT-0175'),
(3656, 16, 'JT-0032'),
(3657, 16, 'JT-0045'),
(3658, 16, 'JT-0050'),
(3659, 16, 'JT-0058'),
(3660, 16, 'JT-0059'),
(3661, 16, 'JT-0065'),
(3662, 16, 'JT-0066'),
(3663, 16, 'JT-0108'),
(3664, 16, 'JT-0109'),
(3665, 16, 'JT-0174'),
(3666, 16, 'JT-0175'),
(3667, 11, 'JT-0032'),
(3668, 11, 'JT-0045'),
(3669, 11, 'JT-0050'),
(3670, 11, 'JT-0058'),
(3671, 11, 'JT-0059'),
(3672, 11, 'JT-0065'),
(3673, 11, 'JT-0066'),
(3674, 11, 'JT-0108'),
(3675, 11, 'JT-0109'),
(3676, 11, 'JT-0174'),
(3677, 11, 'JT-0175'),
(3678, 12, 'JT-0032'),
(3679, 12, 'JT-0045'),
(3680, 12, 'JT-0050'),
(3681, 12, 'JT-0058'),
(3682, 12, 'JT-0059'),
(3683, 12, 'JT-0065'),
(3684, 12, 'JT-0066'),
(3685, 12, 'JT-0108'),
(3686, 12, 'JT-0109'),
(3687, 12, 'JT-0174'),
(3688, 12, 'JT-0175'),
(3689, 13, 'JT-0032'),
(3690, 13, 'JT-0045'),
(3691, 13, 'JT-0050'),
(3692, 13, 'JT-0058'),
(3693, 13, 'JT-0059'),
(3694, 13, 'JT-0065'),
(3695, 13, 'JT-0066'),
(3696, 13, 'JT-0174'),
(3697, 13, 'JT-0175'),
(3698, 13, 'JT-0108'),
(3699, 13, 'JT-0109'),
(3700, 14, 'JT-0032'),
(3701, 14, 'JT-0045'),
(3702, 14, 'JT-0050'),
(3703, 14, 'JT-0058'),
(3704, 14, 'JT-0059'),
(3705, 14, 'JT-0065'),
(3706, 14, 'JT-0066'),
(3707, 14, 'JT-0108'),
(3708, 14, 'JT-0109'),
(3709, 14, 'JT-0174'),
(3710, 14, 'JT-0175'),
(3711, 15, 'JT-0032'),
(3712, 15, 'JT-0045'),
(3713, 15, 'JT-0050'),
(3714, 15, 'JT-0058'),
(3715, 15, 'JT-0059'),
(3716, 15, 'JT-0065'),
(3717, 15, 'JT-0066'),
(3718, 15, 'JT-0108'),
(3719, 15, 'JT-0109'),
(3720, 15, 'JT-0174'),
(3721, 15, 'JT-0175'),
(3722, 17, 'JT-0058'),
(3723, 17, 'JT-0065'),
(3724, 17, 'JT-0108'),
(3725, 17, 'JT-0174'),
(3726, 17, 'JT-0175'),
(3727, 20, 'JT-0032'),
(3728, 20, 'JT-0045'),
(3729, 20, 'JT-0050'),
(3730, 20, 'JT-0058'),
(3731, 20, 'JT-0059'),
(3732, 20, 'JT-0065'),
(3733, 20, 'JT-0066'),
(3734, 20, 'JT-0108'),
(3735, 20, 'JT-0109'),
(3736, 20, 'JT-0174'),
(3737, 20, 'JT-0175'),
(3738, 27, 'JT-0032'),
(3739, 27, 'JT-0045'),
(3740, 27, 'JT-0050'),
(3741, 27, 'JT-0058'),
(3742, 27, 'JT-0059'),
(3743, 27, 'JT-0065'),
(3744, 27, 'JT-0066'),
(3745, 27, 'JT-0108'),
(3746, 27, 'JT-0109'),
(3747, 27, 'JT-0174'),
(3748, 27, 'JT-0175'),
(3749, 28, 'JT-0032'),
(3750, 28, 'JT-0045'),
(3751, 28, 'JT-0050'),
(3752, 28, 'JT-0058'),
(3753, 28, 'JT-0059'),
(3754, 28, 'JT-0065'),
(3755, 28, 'JT-0066'),
(3756, 28, 'JT-0108'),
(3757, 28, 'JT-0109'),
(3758, 28, 'JT-0174'),
(3759, 28, 'JT-0175'),
(3760, 741, 'JT-0058'),
(3761, 741, 'JT-0065'),
(3762, 741, 'JT-0066'),
(3763, 741, 'JT-0174'),
(3764, 742, 'JT-0058'),
(3765, 742, 'JT-0065'),
(3766, 742, 'JT-0066'),
(3767, 742, 'JT-0175'),
(3768, 743, 'JT-0058'),
(3769, 743, 'JT-0065'),
(3770, 743, 'JT-0066'),
(3771, 743, 'JT-0174'),
(3772, 745, 'JT-0058'),
(3773, 745, 'JT-0065'),
(3774, 745, 'JT-0066'),
(3775, 745, 'JT-0174'),
(3776, 746, 'JT-0058'),
(3777, 746, 'JT-0065'),
(3778, 746, 'JT-0066'),
(3779, 746, 'JT-0174'),
(3780, 747, 'JT-0045'),
(3781, 747, 'JT-0058'),
(3782, 747, 'JT-0065'),
(3783, 747, 'JT-0066'),
(3784, 747, 'JT-0174'),
(3785, 751, 'JT-0058'),
(3786, 751, 'JT-0065'),
(3787, 751, 'JT-0066'),
(3788, 751, 'JT-0174'),
(3789, 748, 'JT-0058'),
(3790, 748, 'JT-0065'),
(3791, 748, 'JT-0066'),
(3792, 748, 'JT-0174'),
(3793, 749, 'JT-0058'),
(3794, 749, 'JT-0065'),
(3795, 749, 'JT-0066'),
(3796, 749, 'JT-0174'),
(3797, 750, 'JT-0058'),
(3798, 750, 'JT-0065'),
(3799, 750, 'JT-0066'),
(3800, 750, 'JT-0174'),
(3801, 754, 'JT-0032'),
(3802, 754, 'JT-0045'),
(3803, 754, 'JT-0050'),
(3804, 754, 'JT-0174'),
(3805, 754, 'JT-0175'),
(3806, 755, 'JT-0032'),
(3807, 755, 'JT-0050'),
(3808, 755, 'JT-0174'),
(3809, 755, 'JT-0175'),
(3810, 756, 'JT-0032'),
(3811, 756, 'JT-0050'),
(3812, 756, 'JT-0174'),
(3813, 756, 'JT-0175'),
(3814, 757, 'JT-0032'),
(3815, 757, 'JT-0045'),
(3816, 757, 'JT-0050'),
(3817, 757, 'JT-0058'),
(3818, 757, 'JT-0059'),
(3819, 757, 'JT-0065'),
(3820, 757, 'JT-0066'),
(3821, 757, 'JT-0108'),
(3822, 757, 'JT-0109'),
(3823, 757, 'JT-0174'),
(3824, 757, 'JT-0175'),
(3825, 758, 'JT-0032'),
(3826, 758, 'JT-0174'),
(3827, 758, 'JT-0175'),
(3828, 759, 'JT-0032'),
(3829, 759, 'JT-0174'),
(3830, 759, 'JT-0175'),
(3831, 760, 'JT-0032'),
(3832, 760, 'JT-0045'),
(3833, 760, 'JT-0050'),
(3834, 760, 'JT-0174'),
(3835, 760, 'JT-0175'),
(3836, 761, 'JT-0032'),
(3837, 761, 'JT-0174'),
(3838, 761, 'JT-0175'),
(3839, 762, 'JT-0032'),
(3840, 762, 'JT-0174'),
(3841, 762, 'JT-0175'),
(3842, 763, 'JT-0032'),
(3843, 763, 'JT-0174'),
(3844, 763, 'JT-0175'),
(3845, 772, 'JT-0050'),
(3846, 772, 'JT-0174'),
(3847, 774, 'JT-0032'),
(3848, 774, 'JT-0050'),
(3849, 774, 'JT-0175'),
(3850, 775, 'JT-0050'),
(3851, 776, 'JT-0108'),
(3852, 776, 'JT-0109'),
(3853, 782, 'JT-0108'),
(3854, 782, 'JT-0109'),
(3855, 779, 'JT-0108'),
(3856, 779, 'JT-0109'),
(3857, 781, 'JT-0108'),
(3858, 781, 'JT-0109'),
(3859, 780, 'JT-0108'),
(3860, 780, 'JT-0109'),
(3861, 777, 'JT-0108'),
(3862, 777, 'JT-0109'),
(3863, 778, 'JT-0108'),
(3864, 778, 'JT-0109'),
(3865, 788, 'JT-0108'),
(3866, 788, 'JT-0109'),
(3867, 786, 'JT-0108'),
(3868, 786, 'JT-0109'),
(3869, 787, 'JT-0108'),
(3870, 787, 'JT-0109'),
(3871, 783, 'JT-0108'),
(3872, 783, 'JT-0109'),
(3873, 784, 'JT-0108'),
(3874, 784, 'JT-0109'),
(3875, 785, 'JT-0108'),
(3876, 785, 'JT-0109'),
(3877, 791, 'JT-0032'),
(3878, 791, 'JT-0050'),
(3879, 791, 'JT-0058'),
(3881, 791, 'JT-0065'),
(3882, 791, 'JT-0066'),
(3883, 791, 'JT-0174'),
(3884, 791, 'JT-0175'),
(3885, 792, 'JT-0032'),
(3886, 792, 'JT-0050'),
(3887, 792, 'JT-0058'),
(3889, 792, 'JT-0065'),
(3890, 792, 'JT-0066'),
(3891, 792, 'JT-0174'),
(3892, 792, 'JT-0175'),
(3893, 793, 'JT-0032'),
(3894, 793, 'JT-0050'),
(3895, 793, 'JT-0058'),
(3897, 793, 'JT-0065'),
(3898, 793, 'JT-0066'),
(3899, 793, 'JT-0174'),
(3900, 793, 'JT-0175'),
(3901, 794, 'JT-0032'),
(3902, 794, 'JT-0050'),
(3903, 794, 'JT-0058'),
(3905, 794, 'JT-0065'),
(3906, 794, 'JT-0066'),
(3907, 794, 'JT-0174'),
(3908, 794, 'JT-0175'),
(3909, 795, 'JT-0032'),
(3910, 795, 'JT-0050'),
(3911, 795, 'JT-0058'),
(3913, 795, 'JT-0065'),
(3914, 795, 'JT-0066'),
(3915, 795, 'JT-0174'),
(3916, 795, 'JT-0175'),
(3917, 796, 'JT-0032'),
(3918, 796, 'JT-0050'),
(3919, 796, 'JT-0058'),
(3921, 796, 'JT-0065'),
(3922, 796, 'JT-0066'),
(3923, 796, 'JT-0174'),
(3924, 796, 'JT-0175'),
(3925, 797, 'JT-0032'),
(3926, 797, 'JT-0050'),
(3927, 797, 'JT-0058'),
(3929, 797, 'JT-0065'),
(3930, 797, 'JT-0066'),
(3931, 797, 'JT-0174'),
(3932, 797, 'JT-0175'),
(3933, 798, 'JT-0032'),
(3934, 798, 'JT-0045'),
(3935, 798, 'JT-0050'),
(3936, 798, 'JT-0058'),
(3938, 798, 'JT-0065'),
(3939, 798, 'JT-0066'),
(3940, 798, 'JT-0174'),
(3941, 798, 'JT-0175'),
(3943, 799, 'JT-0032'),
(3944, 799, 'JT-0045'),
(3945, 799, 'JT-0050'),
(3946, 799, 'JT-0058'),
(3947, 799, 'JT-0065'),
(3948, 799, 'JT-0066'),
(3949, 799, 'JT-0174'),
(3950, 799, 'JT-0175'),
(3951, 797, 'JT-0045'),
(3952, 800, 'JT-0058'),
(3953, 800, 'JT-0065'),
(3954, 800, 'JT-0108'),
(3955, 800, 'JT-0174'),
(3956, 800, 'JT-0175'),
(3957, 801, 'JT-0050'),
(3958, 801, 'JT-0058'),
(3959, 801, 'JT-0065'),
(3960, 801, 'JT-0108'),
(3961, 801, 'JT-0174'),
(3962, 801, 'JT-0175'),
(3963, 802, 'JT-0032'),
(3964, 802, 'JT-0050'),
(3965, 802, 'JT-0058'),
(3966, 802, 'JT-0065'),
(3967, 802, 'JT-0108'),
(3968, 802, 'JT-0174'),
(3969, 802, 'JT-0175'),
(3970, 803, 'JT-0032'),
(3971, 803, 'JT-0058'),
(3972, 803, 'JT-0065'),
(3973, 803, 'JT-0108'),
(3974, 803, 'JT-0174'),
(3975, 803, 'JT-0175'),
(3976, 804, 'JT-0032'),
(3977, 804, 'JT-0050'),
(3978, 804, 'JT-0058'),
(3979, 804, 'JT-0065'),
(3980, 804, 'JT-0108'),
(3981, 804, 'JT-0174'),
(3982, 804, 'JT-0175'),
(3983, 805, 'JT-0050'),
(3984, 805, 'JT-0058'),
(3985, 805, 'JT-0065'),
(3986, 805, 'JT-0174'),
(3987, 805, 'JT-0175'),
(3988, 806, 'JT-0032'),
(3989, 806, 'JT-0174'),
(3990, 806, 'JT-0175'),
(3991, 807, 'JT-0032'),
(3992, 807, 'JT-0174'),
(3993, 807, 'JT-0175'),
(3994, 808, 'JT-0032'),
(3995, 808, 'JT-0174'),
(3996, 808, 'JT-0175'),
(3997, 809, 'JT-0032'),
(3998, 809, 'JT-0175'),
(3999, 810, 'JT-0032'),
(4000, 810, 'JT-0175'),
(4001, 811, 'JT-0032'),
(4002, 811, 'JT-0175'),
(4003, 812, 'JT-0032'),
(4004, 812, 'JT-0175'),
(4005, 813, 'JT-0108'),
(4006, 815, 'JT-0108'),
(4007, 816, 'JT-0059'),
(4008, 816, 'JT-0108'),
(4009, 820, 'JT-0108'),
(4010, 817, 'JT-0108'),
(4011, 818, 'JT-0108'),
(4012, 819, 'JT-0108'),
(4013, 821, 'JT-0045'),
(4014, 821, 'JT-0058'),
(4015, 821, 'JT-0059'),
(4016, 821, 'JT-0065'),
(4017, 821, 'JT-0066'),
(4018, 821, 'JT-0174'),
(4019, 823, 'JT-0045'),
(4020, 823, 'JT-0058'),
(4021, 823, 'JT-0059'),
(4022, 823, 'JT-0065'),
(4023, 823, 'JT-0066'),
(4024, 823, 'JT-0174'),
(4025, 824, 'JT-0045'),
(4026, 824, 'JT-0058'),
(4027, 824, 'JT-0059'),
(4028, 824, 'JT-0065'),
(4029, 824, 'JT-0066'),
(4030, 824, 'JT-0174'),
(4031, 825, 'JT-0045'),
(4032, 825, 'JT-0058'),
(4033, 825, 'JT-0059'),
(4034, 825, 'JT-0065'),
(4035, 825, 'JT-0066'),
(4036, 825, 'JT-0174'),
(4037, 828, 'JT-0058'),
(4038, 828, 'JT-0059'),
(4039, 828, 'JT-0066'),
(4040, 828, 'JT-0174'),
(4041, 829, 'JT-0058'),
(4042, 829, 'JT-0059'),
(4043, 829, 'JT-0066'),
(4044, 829, 'JT-0174'),
(4045, 830, 'JT-0032'),
(4046, 832, 'JT-0058'),
(4047, 832, 'JT-0059'),
(4048, 832, 'JT-0065'),
(4049, 832, 'JT-0066'),
(4050, 832, 'JT-0174'),
(4051, 831, 'JT-0058'),
(4052, 831, 'JT-0059'),
(4053, 831, 'JT-0065'),
(4054, 831, 'JT-0066'),
(4055, 831, 'JT-0174'),
(4056, 833, 'JT-0108'),
(4057, 833, 'JT-0109'),
(4058, 834, 'JT-0108'),
(4059, 834, 'JT-0109'),
(4060, 835, 'JT-0108'),
(4061, 835, 'JT-0109'),
(4062, 837, 'JT-0032'),
(4063, 837, 'JT-0045'),
(4064, 837, 'JT-0050'),
(4065, 837, 'JT-0058'),
(4066, 837, 'JT-0059'),
(4067, 837, 'JT-0065'),
(4068, 837, 'JT-0066'),
(4069, 837, 'JT-0108'),
(4070, 837, 'JT-0109'),
(4071, 837, 'JT-0174'),
(4072, 839, 'JT-0032'),
(4073, 839, 'JT-0175'),
(4074, 841, 'JT-0032'),
(4075, 841, 'JT-0175'),
(4076, 842, 'JT-0032'),
(4077, 842, 'JT-0175'),
(4078, 1, 'JT-0119'),
(4079, 1, 'JT-0120'),
(4080, 1, 'JT-0145'),
(4081, 1, 'JT-0164'),
(4082, 2, 'JT-0119'),
(4083, 2, 'JT-0120'),
(4084, 2, 'JT-0145'),
(4085, 2, 'JT-0164'),
(4086, 3, 'JT-0119'),
(4087, 3, 'JT-0120'),
(4088, 3, 'JT-0145'),
(4089, 3, 'JT-0164'),
(4090, 4, 'JT-0119'),
(4091, 4, 'JT-0120'),
(4092, 4, 'JT-0145'),
(4093, 4, 'JT-0164'),
(4094, 5, 'JT-0119'),
(4095, 5, 'JT-0120'),
(4096, 5, 'JT-0145'),
(4097, 5, 'JT-0164'),
(4098, 6, 'JT-0119'),
(4099, 6, 'JT-0120'),
(4100, 6, 'JT-0145'),
(4101, 6, 'JT-0164'),
(4102, 7, 'JT-0119'),
(4103, 7, 'JT-0120'),
(4104, 7, 'JT-0145'),
(4105, 7, 'JT-0164'),
(4106, 8, 'JT-0119'),
(4107, 8, 'JT-0120'),
(4108, 8, 'JT-0145'),
(4109, 8, 'JT-0164'),
(4110, 9, 'JT-0119'),
(4111, 9, 'JT-0120'),
(4112, 9, 'JT-0145'),
(4113, 9, 'JT-0164'),
(4114, 10, 'JT-0119'),
(4115, 10, 'JT-0120'),
(4116, 10, 'JT-0145'),
(4117, 10, 'JT-0164'),
(4118, 11, 'JT-0119'),
(4119, 11, 'JT-0120'),
(4120, 11, 'JT-0145'),
(4121, 11, 'JT-0164'),
(4122, 12, 'JT-0119'),
(4123, 12, 'JT-0120'),
(4124, 12, 'JT-0145'),
(4125, 12, 'JT-0164'),
(4126, 13, 'JT-0119'),
(4127, 13, 'JT-0120'),
(4128, 13, 'JT-0145'),
(4129, 13, 'JT-0164'),
(4130, 14, 'JT-0119'),
(4131, 14, 'JT-0120'),
(4132, 14, 'JT-0164'),
(4133, 14, 'JT-0145'),
(4134, 15, 'JT-0119'),
(4135, 15, 'JT-0120'),
(4136, 15, 'JT-0145'),
(4137, 15, 'JT-0164'),
(4138, 16, 'JT-0119'),
(4139, 16, 'JT-0120'),
(4140, 16, 'JT-0145'),
(4141, 16, 'JT-0164'),
(4142, 17, 'JT-0119'),
(4143, 17, 'JT-0164'),
(4144, 18, 'JT-0119'),
(4145, 18, 'JT-0120'),
(4146, 18, 'JT-0145'),
(4147, 18, 'JT-0164'),
(4148, 19, 'JT-0119'),
(4149, 20, 'JT-0119'),
(4150, 20, 'JT-0120'),
(4151, 20, 'JT-0145'),
(4152, 20, 'JT-0164'),
(4153, 21, 'JT-0119'),
(4154, 21, 'JT-0120'),
(4155, 21, 'JT-0145'),
(4156, 21, 'JT-0164'),
(4157, 23, 'JT-0119'),
(4158, 24, 'JT-0119'),
(4159, 24, 'JT-0120'),
(4160, 24, 'JT-0145'),
(4161, 25, 'JT-0119'),
(4162, 25, 'JT-0120'),
(4163, 25, 'JT-0145'),
(4164, 27, 'JT-0119'),
(4165, 27, 'JT-0120'),
(4166, 27, 'JT-0145'),
(4167, 28, 'JT-0119'),
(4168, 28, 'JT-0120'),
(4169, 28, 'JT-0145'),
(4170, 28, 'JT-0164'),
(4171, 843, 'JT-0119'),
(4172, 843, 'JT-0120'),
(4173, 843, 'JT-0145'),
(4174, 845, 'JT-0119'),
(4175, 845, 'JT-0120'),
(4176, 845, 'JT-0145'),
(4177, 846, 'JT-0119'),
(4178, 846, 'JT-0120'),
(4179, 846, 'JT-0145'),
(4180, 847, 'JT-0119'),
(4181, 847, 'JT-0120'),
(4182, 847, 'JT-0145'),
(4183, 848, 'JT-0119'),
(4184, 848, 'JT-0120'),
(4185, 848, 'JT-0145'),
(4186, 849, 'JT-0119'),
(4187, 849, 'JT-0120'),
(4188, 849, 'JT-0145'),
(4189, 850, 'JT-0119'),
(4190, 850, 'JT-0120'),
(4191, 850, 'JT-0145'),
(4192, 852, 'JT-0119'),
(4193, 852, 'JT-0120'),
(4194, 852, 'JT-0145'),
(4195, 853, 'JT-0119'),
(4196, 853, 'JT-0120'),
(4197, 853, 'JT-0145'),
(4198, 854, 'JT-0119'),
(4199, 854, 'JT-0120'),
(4200, 854, 'JT-0145'),
(4201, 855, 'JT-0119'),
(4202, 855, 'JT-0120'),
(4203, 855, 'JT-0145'),
(4204, 856, 'JT-0119'),
(4205, 856, 'JT-0120'),
(4206, 856, 'JT-0145'),
(4207, 857, 'JT-0119'),
(4208, 857, 'JT-0120'),
(4209, 857, 'JT-0145'),
(4210, 859, 'JT-0119'),
(4211, 859, 'JT-0120'),
(4212, 859, 'JT-0145'),
(4213, 860, 'JT-0119'),
(4214, 860, 'JT-0120'),
(4215, 860, 'JT-0145'),
(4216, 861, 'JT-0119'),
(4217, 861, 'JT-0120'),
(4218, 861, 'JT-0145'),
(4219, 862, 'JT-0119'),
(4220, 862, 'JT-0120'),
(4221, 862, 'JT-0145'),
(4222, 863, 'JT-0119'),
(4223, 863, 'JT-0120'),
(4224, 863, 'JT-0145'),
(4225, 864, 'JT-0119'),
(4226, 864, 'JT-0120'),
(4227, 864, 'JT-0145'),
(4228, 866, 'JT-0119'),
(4229, 866, 'JT-0120'),
(4230, 866, 'JT-0145'),
(4231, 867, 'JT-0119'),
(4232, 867, 'JT-0120'),
(4233, 867, 'JT-0145'),
(4234, 868, 'JT-0119'),
(4235, 868, 'JT-0120'),
(4236, 868, 'JT-0145'),
(4237, 870, 'JT-0119'),
(4238, 870, 'JT-0120'),
(4239, 870, 'JT-0145'),
(4240, 869, 'JT-0119'),
(4241, 869, 'JT-0120'),
(4242, 869, 'JT-0145'),
(4243, 871, 'JT-0119'),
(4244, 871, 'JT-0120'),
(4245, 871, 'JT-0145'),
(4246, 876, 'JT-0119'),
(4247, 876, 'JT-0120'),
(4248, 876, 'JT-0145'),
(4249, 875, 'JT-0119'),
(4250, 875, 'JT-0120'),
(4251, 875, 'JT-0145'),
(4252, 873, 'JT-0119'),
(4253, 873, 'JT-0120'),
(4254, 873, 'JT-0145'),
(4255, 872, 'JT-0119'),
(4256, 872, 'JT-0120'),
(4257, 872, 'JT-0145'),
(4258, 874, 'JT-0119'),
(4259, 874, 'JT-0120'),
(4260, 874, 'JT-0145'),
(4261, 877, 'JT-0119'),
(4262, 877, 'JT-0120'),
(4263, 877, 'JT-0145'),
(4264, 878, 'JT-0119'),
(4265, 878, 'JT-0120'),
(4266, 878, 'JT-0145'),
(4267, 883, 'JT-0119'),
(4268, 883, 'JT-0120'),
(4269, 883, 'JT-0145'),
(4270, 884, 'JT-0119'),
(4271, 884, 'JT-0120'),
(4272, 884, 'JT-0145'),
(4273, 885, 'JT-0119'),
(4274, 885, 'JT-0120'),
(4275, 885, 'JT-0145'),
(4276, 886, 'JT-0119'),
(4277, 886, 'JT-0120'),
(4278, 886, 'JT-0145'),
(4279, 879, 'JT-0119'),
(4280, 879, 'JT-0120'),
(4281, 879, 'JT-0145'),
(4282, 880, 'JT-0119'),
(4283, 880, 'JT-0120'),
(4284, 880, 'JT-0145'),
(4285, 881, 'JT-0119'),
(4286, 881, 'JT-0120'),
(4287, 881, 'JT-0145'),
(4288, 882, 'JT-0119'),
(4289, 882, 'JT-0120'),
(4290, 882, 'JT-0145'),
(4291, 887, 'JT-0119'),
(4292, 887, 'JT-0120'),
(4293, 887, 'JT-0145'),
(4294, 888, 'JT-0119'),
(4295, 888, 'JT-0120'),
(4296, 888, 'JT-0145'),
(4297, 889, 'JT-0119'),
(4298, 889, 'JT-0120'),
(4299, 889, 'JT-0145'),
(4300, 890, 'JT-0119'),
(4301, 890, 'JT-0120'),
(4302, 890, 'JT-0145'),
(4303, 891, 'JT-0119'),
(4304, 891, 'JT-0120'),
(4305, 891, 'JT-0145'),
(4306, 892, 'JT-0119'),
(4307, 892, 'JT-0120'),
(4308, 892, 'JT-0145'),
(4309, 893, 'JT-0119'),
(4310, 893, 'JT-0120'),
(4311, 893, 'JT-0145'),
(4312, 894, 'JT-0119'),
(4313, 894, 'JT-0120'),
(4314, 894, 'JT-0145'),
(4315, 895, 'JT-0119'),
(4316, 895, 'JT-0120'),
(4317, 895, 'JT-0145'),
(4318, 896, 'JT-0119'),
(4319, 896, 'JT-0120'),
(4320, 896, 'JT-0145'),
(4321, 897, 'JT-0119'),
(4322, 897, 'JT-0120'),
(4323, 897, 'JT-0145'),
(4324, 898, 'JT-0119'),
(4325, 898, 'JT-0120'),
(4326, 898, 'JT-0145'),
(4327, 899, 'JT-0119'),
(4328, 899, 'JT-0120'),
(4329, 899, 'JT-0145'),
(4330, 899, 'JT-0164'),
(4331, 900, 'JT-0119'),
(4332, 900, 'JT-0120'),
(4333, 900, 'JT-0145'),
(4334, 900, 'JT-0164'),
(4335, 901, 'JT-0119'),
(4336, 901, 'JT-0120'),
(4337, 901, 'JT-0145'),
(4338, 901, 'JT-0164'),
(4339, 902, 'JT-0119'),
(4340, 902, 'JT-0120'),
(4341, 902, 'JT-0145'),
(4342, 902, 'JT-0164'),
(4343, 903, 'JT-0119'),
(4344, 903, 'JT-0120'),
(4345, 903, 'JT-0145'),
(4346, 903, 'JT-0164'),
(4347, 904, 'JT-0119'),
(4348, 904, 'JT-0120'),
(4349, 904, 'JT-0145'),
(4350, 904, 'JT-0164'),
(4351, 905, 'JT-0119'),
(4352, 905, 'JT-0120'),
(4353, 905, 'JT-0145'),
(4354, 905, 'JT-0164'),
(4355, 906, 'JT-0119'),
(4356, 906, 'JT-0120'),
(4357, 906, 'JT-0145'),
(4358, 906, 'JT-0164'),
(4359, 907, 'JT-0119'),
(4360, 907, 'JT-0120'),
(4361, 907, 'JT-0145'),
(4362, 907, 'JT-0164'),
(4363, 908, 'JT-0119'),
(4364, 908, 'JT-0120'),
(4365, 908, 'JT-0145'),
(4366, 908, 'JT-0164'),
(4367, 909, 'JT-0119'),
(4368, 909, 'JT-0120'),
(4369, 909, 'JT-0145'),
(4370, 909, 'JT-0164'),
(4371, 917, 'JT-0119'),
(4372, 917, 'JT-0120'),
(4373, 917, 'JT-0145'),
(4374, 917, 'JT-0164'),
(4375, 916, 'JT-0119'),
(4376, 916, 'JT-0120'),
(4377, 916, 'JT-0145'),
(4378, 916, 'JT-0164'),
(4379, 913, 'JT-0119'),
(4380, 913, 'JT-0120'),
(4381, 913, 'JT-0164'),
(4382, 913, 'JT-0145'),
(4383, 914, 'JT-0119'),
(4384, 914, 'JT-0120'),
(4385, 914, 'JT-0145'),
(4386, 914, 'JT-0164'),
(4387, 915, 'JT-0119'),
(4388, 915, 'JT-0120'),
(4389, 915, 'JT-0145'),
(4390, 915, 'JT-0164'),
(4391, 910, 'JT-0119'),
(4392, 910, 'JT-0120'),
(4393, 910, 'JT-0164'),
(4394, 911, 'JT-0119'),
(4395, 911, 'JT-0120'),
(4396, 911, 'JT-0145'),
(4397, 911, 'JT-0164'),
(4398, 912, 'JT-0119'),
(4399, 912, 'JT-0120'),
(4400, 912, 'JT-0145'),
(4401, 912, 'JT-0164'),
(4402, 1, 'JT-0124'),
(4403, 1, 'JT-0125'),
(4404, 1, 'JT-0126'),
(4405, 2, 'JT-0124'),
(4406, 2, 'JT-0125'),
(4407, 2, 'JT-0126'),
(4408, 3, 'JT-0124'),
(4409, 3, 'JT-0125'),
(4410, 3, 'JT-0126'),
(4411, 4, 'JT-0124'),
(4412, 4, 'JT-0125'),
(4413, 4, 'JT-0126'),
(4414, 5, 'JT-0124'),
(4415, 5, 'JT-0125'),
(4416, 5, 'JT-0126'),
(4417, 6, 'JT-0124'),
(4418, 6, 'JT-0125'),
(4419, 6, 'JT-0126'),
(4420, 7, 'JT-0124'),
(4421, 7, 'JT-0125'),
(4422, 7, 'JT-0126'),
(4423, 8, 'JT-0124'),
(4424, 8, 'JT-0125'),
(4425, 8, 'JT-0126'),
(4426, 9, 'JT-0124'),
(4427, 9, 'JT-0125'),
(4428, 9, 'JT-0126'),
(4429, 10, 'JT-0124'),
(4430, 10, 'JT-0125'),
(4431, 10, 'JT-0126'),
(4432, 11, 'JT-0124'),
(4433, 11, 'JT-0125'),
(4434, 11, 'JT-0126'),
(4435, 12, 'JT-0124'),
(4436, 12, 'JT-0125'),
(4437, 12, 'JT-0126'),
(4438, 13, 'JT-0124'),
(4439, 13, 'JT-0125'),
(4440, 13, 'JT-0126'),
(4441, 14, 'JT-0124'),
(4442, 14, 'JT-0125'),
(4443, 14, 'JT-0126'),
(4444, 15, 'JT-0124'),
(4445, 15, 'JT-0125'),
(4446, 15, 'JT-0126'),
(4447, 16, 'JT-0124'),
(4448, 16, 'JT-0125'),
(4449, 16, 'JT-0126'),
(4450, 20, 'JT-0124'),
(4451, 20, 'JT-0125'),
(4452, 20, 'JT-0126'),
(4453, 19, 'JT-0124'),
(4454, 19, 'JT-0125'),
(4455, 19, 'JT-0126'),
(4456, 18, 'JT-0124'),
(4457, 18, 'JT-0125'),
(4458, 18, 'JT-0126'),
(4459, 17, 'JT-0126'),
(4460, 918, 'JT-0124'),
(4461, 918, 'JT-0125'),
(4462, 918, 'JT-0126'),
(4463, 919, 'JT-0124'),
(4464, 919, 'JT-0125'),
(4465, 919, 'JT-0126'),
(4466, 932, 'JT-0124'),
(4467, 932, 'JT-0125'),
(4468, 932, 'JT-0126'),
(4469, 931, 'JT-0124'),
(4470, 931, 'JT-0125'),
(4471, 931, 'JT-0126'),
(4472, 928, 'JT-0124'),
(4473, 928, 'JT-0125'),
(4474, 928, 'JT-0126'),
(4475, 930, 'JT-0124'),
(4476, 930, 'JT-0125'),
(4477, 930, 'JT-0126'),
(4478, 929, 'JT-0124'),
(4479, 929, 'JT-0125'),
(4480, 929, 'JT-0126'),
(4481, 927, 'JT-0124'),
(4482, 927, 'JT-0125'),
(4483, 927, 'JT-0126'),
(4484, 920, 'JT-0124'),
(4485, 920, 'JT-0125'),
(4486, 920, 'JT-0126'),
(4487, 926, 'JT-0124'),
(4488, 926, 'JT-0125'),
(4489, 926, 'JT-0126'),
(4490, 925, 'JT-0124'),
(4491, 925, 'JT-0125'),
(4492, 925, 'JT-0126'),
(4493, 921, 'JT-0124'),
(4494, 921, 'JT-0125'),
(4495, 921, 'JT-0126'),
(4496, 922, 'JT-0124'),
(4497, 922, 'JT-0125'),
(4498, 922, 'JT-0126'),
(4499, 923, 'JT-0124'),
(4500, 923, 'JT-0125'),
(4501, 923, 'JT-0126'),
(4502, 924, 'JT-0124'),
(4503, 924, 'JT-0125'),
(4504, 924, 'JT-0126');

-- --------------------------------------------------------

--
-- Table structure for table `department`
--

CREATE TABLE `department` (
  `id_department` char(8) NOT NULL,
  `id_divisi` char(8) NOT NULL,
  `nama_department` varchar(255) NOT NULL,
  `created_at` timestamp NOT NULL DEFAULT current_timestamp(),
  `updated_at` timestamp NOT NULL DEFAULT current_timestamp() ON UPDATE current_timestamp()
) ENGINE=InnoDB DEFAULT CHARSET=utf8mb4;

--
-- Dumping data for table `department`
--

INSERT INTO `department` (`id_department`, `id_divisi`, `nama_department`, `created_at`, `updated_at`) VALUES
('DP-0001', 'DV-0001', 'MNF', '0000-00-00 00:00:00', '2020-10-20 09:21:23'),
('DP-0002', 'DV-0001', 'IOS', '0000-00-00 00:00:00', '2020-10-20 09:21:30'),
('DP-0003', 'DV-0002', 'BDA', '0000-00-00 00:00:00', '2021-01-26 21:23:26'),
('DP-0004', 'DV-0001', 'PRD', '0000-00-00 00:00:00', '2020-10-20 09:21:32'),
('DP-0005', 'DV-0001', 'ENG', '0000-00-00 00:00:00', '2021-06-17 23:09:29'),
('DP-0006', 'DV-0001', 'WHS', '0000-00-00 00:00:00', '2020-10-20 09:21:36'),
('DP-0007', 'DV-0001', 'QA', '0000-00-00 00:00:00', '2020-10-20 09:21:38'),
('DP-0008', 'DV-0002', 'HC', '0000-00-00 00:00:00', '2021-01-26 21:24:33'),
('DP-0009', 'DV-0001', 'MDP', '0000-00-00 00:00:00', '2020-10-20 09:21:41'),
('DP-0010', 'DV-0003', 'BOD', '0000-00-00 00:00:00', '2020-10-20 09:21:48');

-- --------------------------------------------------------

--
-- Table structure for table `divisi`
--

CREATE TABLE `divisi` (
  `id_divisi` char(8) NOT NULL,
  `nama_divisi` varchar(55) NOT NULL,
  `created_at` timestamp NOT NULL DEFAULT current_timestamp(),
  `updated_at` timestamp NOT NULL DEFAULT current_timestamp() ON UPDATE current_timestamp()
) ENGINE=InnoDB DEFAULT CHARSET=latin1;

--
-- Dumping data for table `divisi`
--

INSERT INTO `divisi` (`id_divisi`, `nama_divisi`, `created_at`, `updated_at`) VALUES
('DV_0001', 'Manufacturing', '2022-01-31 02:15:13', '2022-01-31 02:15:13'),
('DV_0002', 'Supporting', '2022-01-31 02:15:13', '2022-01-31 02:15:13'),
('DV_0003', 'BOD', '2022-01-31 02:15:13', '2022-01-31 02:15:13');

-- --------------------------------------------------------

--
-- Table structure for table `failed_jobs`
--

CREATE TABLE `failed_jobs` (
  `id` bigint(20) UNSIGNED NOT NULL,
  `connection` text COLLATE utf8mb4_unicode_ci NOT NULL,
  `queue` text COLLATE utf8mb4_unicode_ci NOT NULL,
  `payload` longtext COLLATE utf8mb4_unicode_ci NOT NULL,
  `exception` longtext COLLATE utf8mb4_unicode_ci NOT NULL,
  `failed_at` timestamp NOT NULL DEFAULT current_timestamp()
) ENGINE=InnoDB DEFAULT CHARSET=utf8mb4 COLLATE=utf8mb4_unicode_ci;

-- --------------------------------------------------------

--
-- Table structure for table `grade`
--

CREATE TABLE `grade` (
  `id_grade` int(11) NOT NULL,
  `tingkatan` varchar(100) NOT NULL,
  `level` varchar(100) NOT NULL,
  `persen` int(11) NOT NULL,
  `grade` varchar(100) NOT NULL,
  `bg_color` varchar(50) DEFAULT NULL,
  `created_at` timestamp NOT NULL DEFAULT current_timestamp(),
  `updated_at` timestamp NOT NULL DEFAULT current_timestamp()
) ENGINE=InnoDB DEFAULT CHARSET=utf8mb4;

--
-- Dumping data for table `grade`
--

INSERT INTO `grade` (`id_grade`, `tingkatan`, `level`, `persen`, `grade`, `bg_color`, `created_at`, `updated_at`) VALUES
(8, 'Operator', 'B', 100, 'SERSAN DUA', 'badge badge-secondary', '2022-05-22 14:54:41', '2022-05-22 08:20:21'),
(9, 'Operator', 'I', 85, 'SERSAN SATU', 'badge badge-danger', '2022-05-22 14:54:41', '2022-05-22 14:54:41'),
(10, 'Operator', 'A', 75, 'SERSAN KEPALA', 'badge badge-warning', '2022-05-22 14:54:41', '2022-05-22 14:54:41'),
(11, 'Technician', 'B', 100, 'SERSAN DUA', 'badge badge-secondary', '2022-05-22 15:02:13', '2022-05-22 08:20:32'),
(12, 'Technician', 'I', 85, 'SERSAN SATU', 'badge badge-danger', '2022-05-22 15:02:13', '2022-05-22 15:02:13'),
(13, 'Technician', 'A', 75, 'SERSAN KEPALA', 'badge badge-warning', '2022-05-22 15:02:13', '2022-05-22 15:02:13'),
(14, 'Analyst', 'B', 100, 'SERSAN DUA', 'badge badge-secondary', '2022-05-22 15:11:56', '2022-05-22 08:20:42'),
(15, 'Analyst', 'I', 85, 'SERSAN SATU', 'badge badge-danger', '2022-05-22 15:11:56', '2022-05-22 08:12:11'),
(16, 'Analyst', 'A', 75, 'SERSAN KEPALA', 'badge badge-warning', '2022-05-22 15:11:56', '2022-05-22 08:17:38'),
(17, 'Admin', 'B', 100, 'SERSAN DUA', 'badge badge-secondary', '2022-05-22 15:15:43', '2022-05-22 08:20:51'),
(18, 'Admin', 'I', 85, 'SERSAN SATU', 'badge badge-danger', '2022-05-22 15:15:43', '2022-05-22 15:15:43'),
(19, 'Admin', 'A', 75, 'SERSAN KEPALA', 'badge badge-warning', '2022-05-22 15:15:43', '2022-05-22 08:17:46'),
(20, 'LEADER', 'B', 100, 'LETNAN DUA', 'badge badge-success', '2022-05-22 15:19:14', '2022-05-22 08:19:35'),
(21, 'LEADER', 'I', 85, 'LETNAN SATU', 'badge badge-info', '2022-05-22 15:19:14', '2022-05-22 08:22:31'),
(22, 'LEADER', 'A', 75, 'KAPTEN', 'badge badge-primary', '2022-05-22 15:19:14', '2022-05-22 15:19:14'),
(23, 'STAFF', 'B', 100, 'LETNAN DUA', 'badge badge-success', '2022-05-22 15:22:14', '2022-05-22 08:22:53'),
(24, 'STAFF', 'I', 85, 'LETNAN SATU', 'badge badge-info', '2022-05-22 15:22:14', '2022-05-22 15:22:14'),
(25, 'STAFF', 'I', 75, 'KAPTEN', 'badge badge-primary', '2022-05-22 15:22:14', '2022-05-22 15:22:14'),
(26, 'Supervisor', 'B', 100, 'MAYOR', 'badge badge-dark', '2022-05-22 08:24:32', '2022-05-22 08:24:32'),
(27, 'Supervisor', 'I', 85, 'LETNAN KOLONEL', 'badge badge-dark', '2022-05-22 08:25:03', '2022-05-22 08:25:03'),
(28, 'Supervisor', 'A', 75, 'KOLONEL', 'badge badge-dark', '2022-05-22 08:26:01', '2022-05-22 08:26:01'),
(29, 'DEPT HEAD', 'B', 100, 'PANGLIMA', 'badge badge-light', '2022-05-22 08:26:53', '2022-05-22 08:26:53'),
(30, 'DEPT HEAD', 'I', 85, 'PANGLIMA', 'badge badge-light', '2022-05-22 08:27:10', '2022-05-22 08:27:10'),
(31, 'DEPT HEAD', 'A', 75, 'PANGLIMA', 'badge badge-light', '2022-05-22 08:27:25', '2022-05-22 08:27:25');

-- --------------------------------------------------------

--
-- Table structure for table `job_title`
--

CREATE TABLE `job_title` (
  `id_job_title` char(8) NOT NULL,
  `id_department` char(8) NOT NULL,
  `nama_job_title` varchar(255) NOT NULL,
  `created_at` timestamp NOT NULL DEFAULT current_timestamp(),
  `updated_at` timestamp NOT NULL DEFAULT current_timestamp() ON UPDATE current_timestamp()
) ENGINE=InnoDB DEFAULT CHARSET=utf8mb4;

--
-- Dumping data for table `job_title`
--

INSERT INTO `job_title` (`id_job_title`, `id_department`, `nama_job_title`, `created_at`, `updated_at`) VALUES
('JT-0001', 'DP-0005', 'Advisor Engineering', '0000-00-00 00:00:00', '0000-00-00 00:00:00'),
('JT-0002', 'DP-0009', 'Application & Development Support Staff', '0000-00-00 00:00:00', '0000-00-00 00:00:00'),
('JT-0003', 'DP-0004', 'Bin Filling Forklift Operator', '0000-00-00 00:00:00', '0000-00-00 00:00:00'),
('JT-0004', 'DP-0004', 'Bin Filling Operator', '0000-00-00 00:00:00', '0000-00-00 00:00:00'),
('JT-0005', 'DP-0004', 'Bin Washing Forklift Operator', '0000-00-00 00:00:00', '0000-00-00 00:00:00'),
('JT-0006', 'DP-0004', 'Bin Washing Helper', '0000-00-00 00:00:00', '0000-00-00 00:00:00'),
('JT-0007', 'DP-0004', 'Bin Washing Operator', '0000-00-00 00:00:00', '0000-00-00 00:00:00'),
('JT-0008', 'DP-0004', 'Blending Forklift Operator', '0000-00-00 00:00:00', '0000-00-00 00:00:00'),
('JT-0009', 'DP-0004', 'Blending Operator', '0000-00-00 00:00:00', '0000-00-00 00:00:00'),
('JT-0010', 'DP-0005', 'Building Maintenance', '0000-00-00 00:00:00', '0000-00-00 00:00:00'),
('JT-0011', 'DP-0004', 'Can Filling Operator', '0000-00-00 00:00:00', '0000-00-00 00:00:00'),
('JT-0012', 'DP-0004', 'Can Packing Operator', '0000-00-00 00:00:00', '0000-00-00 00:00:00'),
('JT-0013', 'DP-0004', 'CIP Operator', '0000-00-00 00:00:00', '0000-00-00 00:00:00'),
('JT-0014', 'DP-0008', 'Cleaning Service', '0000-00-00 00:00:00', '0000-00-00 00:00:00'),
('JT-0015', 'DP-0004', 'Compounding Operator', '0000-00-00 00:00:00', '0000-00-00 00:00:00'),
('JT-0016', 'DP-0002', 'Document Controller', '0000-00-00 00:00:00', '0000-00-00 00:00:00'),
('JT-0017', 'DP-0004', 'Drier Circle Admin', '0000-00-00 00:00:00', '0000-00-00 00:00:00'),
('JT-0018', 'DP-0004', 'Drier Circle Leader', '0000-00-00 00:00:00', '0000-00-00 00:00:00'),
('JT-0019', 'DP-0004', 'Drier Continous Cleaner', '0000-00-00 00:00:00', '0000-00-00 00:00:00'),
('JT-0020', 'DP-0004', 'Drier Group Leader', '0000-00-00 00:00:00', '0000-00-00 00:00:00'),
('JT-0021', 'DP-0004', 'Drier Roving Operator', '0000-00-00 00:00:00', '0000-00-00 00:00:00'),
('JT-0022', 'DP-0008', 'Driver', '0000-00-00 00:00:00', '0000-00-00 00:00:00'),
('JT-0023', 'DP-0004', 'Dry Sachet Circle Admin', '0000-00-00 00:00:00', '0000-00-00 00:00:00'),
('JT-0024', 'DP-0004', 'Dry Sachet Circle Leader', '0000-00-00 00:00:00', '0000-00-00 00:00:00'),
('JT-0025', 'DP-0004', 'Dry Sachet Group Leader', '0000-00-00 00:00:00', '0000-00-00 00:00:00'),
('JT-0026', 'DP-0004', 'Dry Sachet Packing Operator', '0000-00-00 00:00:00', '0000-00-00 00:00:00'),
('JT-0027', 'DP-0004', 'Dumping Forklift Operator', '0000-00-00 00:00:00', '0000-00-00 00:00:00'),
('JT-0028', 'DP-0004', 'Dumping Helper', '0000-00-00 00:00:00', '0000-00-00 00:00:00'),
('JT-0029', 'DP-0004', 'Dumping Operator', '0000-00-00 00:00:00', '0000-00-00 00:00:00'),
('JT-0030', 'DP-0004', 'Eductor Helper', '0000-00-00 00:00:00', '0000-00-00 00:00:00'),
('JT-0031', 'DP-0004', 'Eductor Operator', '0000-00-00 00:00:00', '0000-00-00 00:00:00'),
('JT-0032', 'DP-0005', 'Electrical Technician', '0000-00-00 00:00:00', '0000-00-00 00:00:00'),
('JT-0033', 'DP-0005', 'Engineering Admin', '0000-00-00 00:00:00', '0000-00-00 00:00:00'),
('JT-0034', 'DP-0005', 'Engineering Analyst', '0000-00-00 00:00:00', '0000-00-00 00:00:00'),
('JT-0035', 'DP-0005', 'Engineering Dept Head', '0000-00-00 00:00:00', '0000-00-00 00:00:00'),
('JT-0036', 'DP-0004', 'Evaporator Operator', '0000-00-00 00:00:00', '0000-00-00 00:00:00'),
('JT-0037', 'DP-0003', 'FA & IT Dept Head', '0000-00-00 00:00:00', '0000-00-00 00:00:00'),
('JT-0038', 'DP-0004', 'Fat Blend & Mixing Circle Leader', '0000-00-00 00:00:00', '0000-00-00 00:00:00'),
('JT-0039', 'DP-0004', 'Fat Operator', '0000-00-00 00:00:00', '0000-00-00 00:00:00'),
('JT-0040', 'DP-0004', 'Filling & Packing Coordinator', '0000-00-00 00:00:00', '0000-00-00 00:00:00'),
('JT-0041', 'DP-0004', 'Filling & Packing Supervisor', '0000-00-00 00:00:00', '0000-00-00 00:00:00'),
('JT-0042', 'DP-0003', 'Finance & Accounting Junior Staff', '0000-00-00 00:00:00', '0000-00-00 00:00:00'),
('JT-0043', 'DP-0003', 'Finance & Accounting Staff', '0000-00-00 00:00:00', '0000-00-00 00:00:00'),
('JT-0044', 'DP-0003', 'Finance & Accounting Supervisor', '0000-00-00 00:00:00', '0000-00-00 00:00:00'),
('JT-0045', 'DP-0005', 'Forklift Technician', '0000-00-00 00:00:00', '0000-00-00 00:00:00'),
('JT-0046', 'DP-0008', 'General Affair Admin', '0000-00-00 00:00:00', '0000-00-00 00:00:00'),
('JT-0047', 'DP-0008', 'General Affair Staff', '0000-00-00 00:00:00', '0000-00-00 00:00:00'),
('JT-0048', 'DP-0008', 'Human Capital Dept Head', '0000-00-00 00:00:00', '0000-00-00 00:00:00'),
('JT-0049', 'DP-0008', 'HRD Administration', '0000-00-00 00:00:00', '0000-00-00 00:00:00'),
('JT-0050', 'DP-0005', 'HVAC Technician', '0000-00-00 00:00:00', '0000-00-00 00:00:00'),
('JT-0051', 'DP-0002', 'Improvement Facilitator', '0000-00-00 00:00:00', '0000-00-00 00:00:00'),
('JT-0052', 'DP-0002', 'Improvement Junior Staff', '0000-00-00 00:00:00', '0000-00-00 00:00:00'),
('JT-0053', 'DP-0002', 'Integrated Operation System Dept. Head', '0000-00-00 00:00:00', '0000-00-00 00:00:00'),
('JT-0054', 'DP-0008', 'IR & GA Supervisor', '0000-00-00 00:00:00', '0000-00-00 00:00:00'),
('JT-0055', 'DP-0009', 'IT Infrastructure & Security Management', '0000-00-00 00:00:00', '0000-00-00 00:00:00'),
('JT-0056', 'DP-0009', 'Information Technology Supervisor', '0000-00-00 00:00:00', '0000-00-00 00:00:00'),
('JT-0057', 'DP-0008', 'Komandan', '0000-00-00 00:00:00', '0000-00-00 00:00:00'),
('JT-0058', 'DP-0005', 'Maintenance Circle Leader', '0000-00-00 00:00:00', '0000-00-00 00:00:00'),
('JT-0059', 'DP-0005', 'Maintenance Planner', '0000-00-00 00:00:00', '0000-00-00 00:00:00'),
('JT-0060', 'DP-0005', 'Maintenance System Supervisor', '0000-00-00 00:00:00', '0000-00-00 00:00:00'),
('JT-0061', 'DP-0009', 'Manufacturing Development & Planning Dept Head', '0000-00-00 00:00:00', '0000-00-00 00:00:00'),
('JT-0062', 'DP-0001', 'Manufacturing Head', '0000-00-00 00:00:00', '0000-00-00 00:00:00'),
('JT-0063', 'DP-0001', 'Manufacturing Junior Staff', '0000-00-00 00:00:00', '0000-00-00 00:00:00'),
('JT-0064', 'DP-0005', 'Mechanic Helper', '0000-00-00 00:00:00', '0000-00-00 00:00:00'),
('JT-0065', 'DP-0005', 'Mechanical Leader', '0000-00-00 00:00:00', '0000-00-00 00:00:00'),
('JT-0066', 'DP-0005', 'Mechanical Technician', '0000-00-00 00:00:00', '0000-00-00 00:00:00'),
('JT-0067', 'DP-0008', 'Mnf Human Capital Dev Head', '0000-00-00 00:00:00', '0000-00-00 00:00:00'),
('JT-0068', 'DP-0005', 'Operational Maintenance Supervisor', '0000-00-00 00:00:00', '0000-00-00 00:00:00'),
('JT-0069', 'DP-0008', 'Payroll Staff', '0000-00-00 00:00:00', '2022-06-13 18:23:55'),
('JT-0070', 'DP-0008', 'Payroll & Secretary', '0000-00-00 00:00:00', '0000-00-00 00:00:00'),
('JT-0071', 'DP-0008', 'Personel Admin', '0000-00-00 00:00:00', '0000-00-00 00:00:00'),
('JT-0072', 'DP-0004', 'Powder Mixer Operator', '0000-00-00 00:00:00', '0000-00-00 00:00:00'),
('JT-0073', 'DP-0009', 'PPIC Admin', '0000-00-00 00:00:00', '0000-00-00 00:00:00'),
('JT-0074', 'DP-0009', 'PPIC Junior Staff', '0000-00-00 00:00:00', '0000-00-00 00:00:00'),
('JT-0075', 'DP-0009', 'PPIC Supervisor', '0000-00-00 00:00:00', '0000-00-00 00:00:00'),
('JT-0076', 'DP-0010', 'President Director', '0000-00-00 00:00:00', '0000-00-00 00:00:00'),
('JT-0077', 'DP-0005', 'Preventive Maintenance Leader', '0000-00-00 00:00:00', '0000-00-00 00:00:00'),
('JT-0078', 'DP-0004', 'Process & Drier  Supervisor', '0000-00-00 00:00:00', '0000-00-00 00:00:00'),
('JT-0079', 'DP-0004', 'Processing Operator', '0000-00-00 00:00:00', '0000-00-00 00:00:00'),
('JT-0080', 'DP-0004', 'Production Admin', '0000-00-00 00:00:00', '0000-00-00 00:00:00'),
('JT-0081', 'DP-0004', 'Production Admin 1', '0000-00-00 00:00:00', '0000-00-00 00:00:00'),
('JT-0082', 'DP-0004', 'Production Dept Head', '0000-00-00 00:00:00', '0000-00-00 00:00:00'),
('JT-0083', 'DP-0004', 'Production Staff', '0000-00-00 00:00:00', '0000-00-00 00:00:00'),
('JT-0084', 'DP-0004', 'Production Store Helper', '0000-00-00 00:00:00', '0000-00-00 00:00:00'),
('JT-0085', 'DP-0004', 'Production Store Keeper', '0000-00-00 00:00:00', '0000-00-00 00:00:00'),
('JT-0086', 'DP-0003', 'Purchasing Administration', '0000-00-00 00:00:00', '0000-00-00 00:00:00'),
('JT-0087', 'DP-0003', 'Purchasing Staff', '0000-00-00 00:00:00', '0000-00-00 00:00:00'),
('JT-0088', 'DP-0003', 'Purchasing, Legal & Regulator Supervisor', '0000-00-00 00:00:00', '0000-00-00 00:00:00'),
('JT-0089', 'DP-0007', 'QA Admin', '0000-00-00 00:00:00', '0000-00-00 00:00:00'),
('JT-0090', 'DP-0007', 'QA Laboratory Supervisor', '0000-00-00 00:00:00', '0000-00-00 00:00:00'),
('JT-0091', 'DP-0007', 'QA Staff', '0000-00-00 00:00:00', '0000-00-00 00:00:00'),
('JT-0092', 'DP-0007', 'QC Chemphys Group Leader', '0000-00-00 00:00:00', '0000-00-00 00:00:00'),
('JT-0093', 'DP-0007', 'QC In Line Analyst', '0000-00-00 00:00:00', '0000-00-00 00:00:00'),
('JT-0094', 'DP-0007', 'QC In Line Field', '0000-00-00 00:00:00', '0000-00-00 00:00:00'),
('JT-0095', 'DP-0007', 'QC In Line Group Leader', '0000-00-00 00:00:00', '0000-00-00 00:00:00'),
('JT-0096', 'DP-0007', 'QC In Line Supervisor', '0000-00-00 00:00:00', '0000-00-00 00:00:00'),
('JT-0097', 'DP-0007', 'QC Incoming Analyst', '0000-00-00 00:00:00', '0000-00-00 00:00:00'),
('JT-0098', 'DP-0007', 'QC Microbiology Analyst', '0000-00-00 00:00:00', '0000-00-00 00:00:00'),
('JT-0099', 'DP-0007', 'QC Microbiology Field', '0000-00-00 00:00:00', '0000-00-00 00:00:00'),
('JT-0100', 'DP-0007', 'Quality Assurance Dept Head', '0000-00-00 00:00:00', '0000-00-00 00:00:00'),
('JT-0101', 'DP-0008', 'Receptionist', '0000-00-00 00:00:00', '0000-00-00 00:00:00'),
('JT-0102', 'DP-0008', 'Recruitment & Learning Development Staff', '0000-00-00 00:00:00', '0000-00-00 00:00:00'),
('JT-0103', 'DP-0004', 'Sachet Filling Operator', '0000-00-00 00:00:00', '0000-00-00 00:00:00'),
('JT-0104', 'DP-0004', 'Sachet Packing Helper', '0000-00-00 00:00:00', '0000-00-00 00:00:00'),
('JT-0105', 'DP-0004', 'Sachet Packing Operator', '0000-00-00 00:00:00', '0000-00-00 00:00:00'),
('JT-0106', 'DP-0008', 'Security', '0000-00-00 00:00:00', '0000-00-00 00:00:00'),
('JT-0107', 'DP-0008', 'Serikat Pekerja', '0000-00-00 00:00:00', '0000-00-00 00:00:00'),
('JT-0108', 'DP-0005', 'Sparepart Staff', '0000-00-00 00:00:00', '0000-00-00 00:00:00'),
('JT-0109', 'DP-0005', 'Store Keeper', '0000-00-00 00:00:00', '0000-00-00 00:00:00'),
('JT-0110', 'DP-0002', 'System Inspector', '0000-00-00 00:00:00', '0000-00-00 00:00:00'),
('JT-0111', 'DP-0002', 'System Staff', '0000-00-00 00:00:00', '0000-00-00 00:00:00'),
('JT-0112', 'DP-0002', 'System Management Supervisor', '0000-00-00 00:00:00', '0000-00-00 00:00:00'),
('JT-0113', 'DP-0001', 'Technical Advisor', '0000-00-00 00:00:00', '0000-00-00 00:00:00'),
('JT-0114', 'DP-0004', 'Tipping Forklift Operator', '0000-00-00 00:00:00', '0000-00-00 00:00:00'),
('JT-0115', 'DP-0004', 'Tipping Operator', '0000-00-00 00:00:00', '0000-00-00 00:00:00'),
('JT-0116', 'DP-0004', 'Tote Bin Washing Circle Leader', '0000-00-00 00:00:00', '0000-00-00 00:00:00'),
('JT-0117', 'DP-0002', 'TPM Admin', '0000-00-00 00:00:00', '0000-00-00 00:00:00'),
('JT-0118', 'DP-0002', 'TPM Staff', '0000-00-00 00:00:00', '0000-00-00 00:00:00'),
('JT-0119', 'DP-0005', 'Utility Leader', '0000-00-00 00:00:00', '0000-00-00 00:00:00'),
('JT-0120', 'DP-0005', 'Utility Operator', '0000-00-00 00:00:00', '0000-00-00 00:00:00'),
('JT-0121', 'DP-0006', 'Warehouse Admin', '0000-00-00 00:00:00', '0000-00-00 00:00:00'),
('JT-0122', 'DP-0006', 'Warehouse Dept Head', '0000-00-00 00:00:00', '0000-00-00 00:00:00'),
('JT-0123', 'DP-0006', 'Warehouse FG Assistant', '0000-00-00 00:00:00', '0000-00-00 00:00:00'),
('JT-0124', 'DP-0006', 'Warehouse FG Checker', '0000-00-00 00:00:00', '0000-00-00 00:00:00'),
('JT-0125', 'DP-0006', 'Warehouse FG Forklift Operator', '0000-00-00 00:00:00', '0000-00-00 00:00:00'),
('JT-0126', 'DP-0006', 'Warehouse FG Staff', '0000-00-00 00:00:00', '0000-00-00 00:00:00'),
('JT-0127', 'DP-0006', 'Warehouse PM Assistant', '0000-00-00 00:00:00', '0000-00-00 00:00:00'),
('JT-0128', 'DP-0006', 'Warehouse PM Checker', '0000-00-00 00:00:00', '0000-00-00 00:00:00'),
('JT-0129', 'DP-0006', 'Warehouse PM Staff', '0000-00-00 00:00:00', '0000-00-00 00:00:00'),
('JT-0130', 'DP-0006', 'Warehouse RM Major Checker', '0000-00-00 00:00:00', '0000-00-00 00:00:00'),
('JT-0131', 'DP-0006', 'Warehouse RM Major Forklift Operator', '0000-00-00 00:00:00', '0000-00-00 00:00:00'),
('JT-0132', 'DP-0006', 'Warehouse RM Major Helper', '0000-00-00 00:00:00', '0000-00-00 00:00:00'),
('JT-0133', 'DP-0006', 'Warehouse RM Major Preparator', '0000-00-00 00:00:00', '0000-00-00 00:00:00'),
('JT-0134', 'DP-0006', 'Warehouse RM Major Staff', '0000-00-00 00:00:00', '0000-00-00 00:00:00'),
('JT-0135', 'DP-0006', 'Warehouse RM Minor Assistant', '0000-00-00 00:00:00', '0000-00-00 00:00:00'),
('JT-0136', 'DP-0006', 'Warehouse RM Minor Helper', '0000-00-00 00:00:00', '0000-00-00 00:00:00'),
('JT-0137', 'DP-0006', 'Warehouse RM Minor Preparator', '0000-00-00 00:00:00', '0000-00-00 00:00:00'),
('JT-0138', 'DP-0006', 'Warehouse RM Minor Staff', '0000-00-00 00:00:00', '0000-00-00 00:00:00'),
('JT-0139', 'DP-0004', 'Wet Canning Circle Admin', '0000-00-00 00:00:00', '0000-00-00 00:00:00'),
('JT-0140', 'DP-0004', 'Wet Canning Circle Leader', '0000-00-00 00:00:00', '0000-00-00 00:00:00'),
('JT-0141', 'DP-0004', 'Wet Canning Group Leader', '0000-00-00 00:00:00', '0000-00-00 00:00:00'),
('JT-0142', 'DP-0004', 'Wet Sachet Circle Admin', '0000-00-00 00:00:00', '0000-00-00 00:00:00'),
('JT-0143', 'DP-0004', 'Wet Sachet Circle Leader', '0000-00-00 00:00:00', '0000-00-00 00:00:00'),
('JT-0144', 'DP-0004', 'Wet Sachet Group Leader', '0000-00-00 00:00:00', '0000-00-00 00:00:00'),
('JT-0145', 'DP-0005', 'WWTP Operator', '0000-00-00 00:00:00', '0000-00-00 00:00:00'),
('JT-0146', 'DP-0005', 'Admin Utility', '0000-00-00 00:00:00', '0000-00-00 00:00:00'),
('JT-0147', 'DP-0004', 'Bin Washing, Fat Blend & Mixing Circle Leader', '0000-00-00 00:00:00', '0000-00-00 00:00:00'),
('JT-0148', 'DP-0004', 'Blending & Dumping Circle Leader', '0000-00-00 00:00:00', '0000-00-00 00:00:00'),
('JT-0149', 'DP-0003', 'Business Development & Analysis Dept Head', '0000-00-00 00:00:00', '0000-00-00 00:00:00'),
('JT-0150', 'DP-0008', 'Cleaning Service Leader', '0000-00-00 00:00:00', '0000-00-00 00:00:00'),
('JT-0151', 'DP-0001', 'Deputy Manufacturing Head', '0000-00-00 00:00:00', '0000-00-00 00:00:00'),
('JT-0152', 'DP-0004', 'Dry Sachet Tipping Operator', '0000-00-00 00:00:00', '0000-00-00 00:00:00'),
('JT-0153', 'DP-0008', 'HRD Supervisor', '0000-00-00 00:00:00', '0000-00-00 00:00:00'),
('JT-0154', 'DP-0009', 'Manufacturing Development & Planing Administation', '0000-00-00 00:00:00', '0000-00-00 00:00:00'),
('JT-0155', 'DP-0009', 'Manufacturing Development & Planing Staff', '0000-00-00 00:00:00', '0000-00-00 00:00:00'),
('JT-0156', 'DP-0005', 'Mechanical Analyst', '0000-00-00 00:00:00', '0000-00-00 00:00:00'),
('JT-0157', 'DP-0005', 'PM Technician', '0000-00-00 00:00:00', '0000-00-00 00:00:00'),
('JT-0158', 'DP-0004', 'Process & Drier Coordinator', '0000-00-00 00:00:00', '0000-00-00 00:00:00'),
('JT-0159', 'DP-0004', 'Production Supervisor', '0000-00-00 00:00:00', '0000-00-00 00:00:00'),
('JT-0160', 'DP-0007', 'QA In Line Staff', '0000-00-00 00:00:00', '0000-00-00 00:00:00'),
('JT-0161', 'DP-0007', 'QA Junior Staff', '0000-00-00 00:00:00', '0000-00-00 00:00:00'),
('JT-0162', 'DP-0003', 'Secretary & Management System', '0000-00-00 00:00:00', '0000-00-00 00:00:00'),
('JT-0163', 'DP-0002', 'TPM & Focus Improvement Supervisor', '0000-00-00 00:00:00', '0000-00-00 00:00:00'),
('JT-0164', 'DP-0005', 'Utility Analyst', '0000-00-00 00:00:00', '0000-00-00 00:00:00'),
('JT-0165', 'DP-0012', 'Paramedik', '2021-06-17 23:07:51', '2021-06-17 23:07:51'),
('JT-0166', 'DP-0004', 'Driver Forklift TBF', '2022-06-14 23:13:00', '2022-06-14 23:13:00'),
('JT-0167', 'DP-0004', 'Can Staging Operator', '2022-06-19 19:27:44', '2022-06-19 19:27:44'),
('JT-0168', 'DP-0007', 'QA Laboratory Group Leader', '2022-06-20 00:11:35', '2022-06-20 00:11:35'),
('JT-0169', 'DP-0007', 'QC Incoming Analyst PM', '2022-06-20 00:12:45', '2022-06-20 00:12:45'),
('JT-0170', 'DP-0007', 'QC Incoming Analyst RM', '2022-06-20 00:14:20', '2022-06-20 00:14:20'),
('JT-0171', 'DP-0007', 'QC In Line CG Leader', '2022-06-20 01:56:36', '2022-06-20 01:56:36'),
('JT-0172', 'DP-0007', 'QC In Line Analyst Laboratory', '2022-06-20 01:57:26', '2022-06-20 01:57:26'),
('JT-0173', 'DP-0007', 'QC In Line Analyst Filling & Packing', '2022-06-20 01:58:04', '2022-06-20 01:58:04'),
('JT-0174', 'DP-0006', 'PM Leader', '2022-06-20 20:11:01', '2022-06-20 20:11:01'),
('JT-0175', 'DP-0005', 'Electrical Leader', '2022-06-20 20:15:06', '2022-06-20 20:15:06');

-- --------------------------------------------------------

--
-- Table structure for table `job_title_users`
--

CREATE TABLE `job_title_users` (
  `id` bigint(20) UNSIGNED NOT NULL,
  `user_id` int(11) NOT NULL,
  `job_title_id` varchar(255) COLLATE utf8mb4_unicode_ci NOT NULL,
  `value` int(11) NOT NULL,
  `created_at` timestamp NULL DEFAULT NULL,
  `updated_at` timestamp NULL DEFAULT NULL
) ENGINE=InnoDB DEFAULT CHARSET=utf8mb4 COLLATE=utf8mb4_unicode_ci;

--
-- Dumping data for table `job_title_users`
--

INSERT INTO `job_title_users` (`id`, `user_id`, `job_title_id`, `value`, `created_at`, `updated_at`) VALUES
(2, 1, 'JT-0055', 4, '2022-05-11 01:56:00', '2022-05-11 01:56:00'),
(3, 1, 'JT-0069', 2, '2022-05-18 01:09:38', '2022-05-18 01:09:38'),
(4, 1, 'JT-0086', 4, '2022-05-23 19:18:36', '2022-05-23 19:18:36'),
(5, 366, 'JT-0049', 3, '2022-05-24 21:09:22', '2022-05-24 21:09:22'),
(6, 230, 'JT-0071', 4, '2022-05-29 20:29:43', '2022-05-29 20:29:43'),
(7, 230, 'JT-0101', 4, '2022-05-29 20:30:01', '2022-05-29 20:30:01'),
(8, 230, 'JT-0162', 4, '2022-05-29 20:30:18', '2022-05-29 20:30:18'),
(9, 227, 'JT-0069', 4, '2022-05-29 20:30:45', '2022-05-29 20:30:45'),
(10, 227, 'JT-0162', 4, '2022-05-29 20:30:59', '2022-05-29 20:30:59'),
(11, 227, 'JT-0047', 4, '2022-05-29 20:31:21', '2022-05-29 20:31:21');

-- --------------------------------------------------------

--
-- Table structure for table `level`
--

CREATE TABLE `level` (
  `id_level` char(8) NOT NULL,
  `nama_level` varchar(255) NOT NULL,
  `created_at` timestamp NOT NULL DEFAULT current_timestamp(),
  `updated_at` timestamp NOT NULL DEFAULT current_timestamp() ON UPDATE current_timestamp()
) ENGINE=InnoDB DEFAULT CHARSET=utf8mb4;

--
-- Dumping data for table `level`
--

INSERT INTO `level` (`id_level`, `nama_level`, `created_at`, `updated_at`) VALUES
('LV-0001', 'Director', '0000-00-00 00:00:00', '0000-00-00 00:00:00'),
('LV-0002', 'Division Head', '0000-00-00 00:00:00', '0000-00-00 00:00:00'),
('LV-0003', 'Dept Head', '0000-00-00 00:00:00', '0000-00-00 00:00:00'),
('LV-0004', 'SPV', '0000-00-00 00:00:00', '0000-00-00 00:00:00'),
('LV-0005', 'Staff', '0000-00-00 00:00:00', '0000-00-00 00:00:00'),
('LV-0006', 'Coordinator Covid', '0000-00-00 00:00:00', '0000-00-00 00:00:00'),
('LV-0007', 'Security', '0000-00-00 00:00:00', '0000-00-00 00:00:00'),
('LV-0008', 'GA', '0000-00-00 00:00:00', '0000-00-00 00:00:00'),
('LV-0009', 'Admin', '2020-10-03 08:45:07', '2020-10-03 08:45:07'),
('LV-0010', 'Gudang', '2020-10-26 03:20:10', '2020-10-26 20:39:26'),
('LV-0012', 'Super Admin', '2020-11-23 07:51:58', '2020-11-23 07:52:08');

-- --------------------------------------------------------

--
-- Table structure for table `migrations`
--

CREATE TABLE `migrations` (
  `id` int(10) UNSIGNED NOT NULL,
  `migration` varchar(255) COLLATE utf8mb4_unicode_ci NOT NULL,
  `batch` int(11) NOT NULL
) ENGINE=InnoDB DEFAULT CHARSET=utf8mb4 COLLATE=utf8mb4_unicode_ci;

--
-- Dumping data for table `migrations`
--

INSERT INTO `migrations` (`id`, `migration`, `batch`) VALUES
(3, '2014_10_12_000000_create_users_table', 1),
(4, '2019_08_19_000000_create_failed_jobs_table', 1),
(5, '2022_05_09_050852_create_job_title_users_table', 2),
(6, '2022_05_13_035113_change_updatedad_from_cg_table', 3),
(7, '2022_05_17_074159_add_bgcolor_from_grade_table', 3),
(8, '2022_05_17_084953_change_edited_from_sub_department_table', 3),
(9, '2022_05_19_042606_create_competentie_groups_table', 4),
(10, '2022_05_26_035117_create_targets_table', 5),
(11, '2022_06_08_093726_add_is_compentent_from_users_table', 6);

-- --------------------------------------------------------

--
-- Table structure for table `rekap_mapping`
--

CREATE TABLE `rekap_mapping` (
  `id_rekap` int(11) NOT NULL,
  `id_user` int(11) NOT NULL,
  `level` int(11) NOT NULL,
  `module_selesai` int(11) NOT NULL
) ENGINE=InnoDB DEFAULT CHARSET=utf8mb4;

-- --------------------------------------------------------

--
-- Table structure for table `role`
--

CREATE TABLE `role` (
  `id_role` char(2) NOT NULL,
  `role` varchar(25) NOT NULL
) ENGINE=InnoDB DEFAULT CHARSET=latin1;

--
-- Dumping data for table `role`
--

INSERT INTO `role` (`id_role`, `role`) VALUES
('1', 'Admin'),
('2', 'CG Leader'),
('3', 'Pengguna'),
('1', 'Admin'),
('2', 'CG Leader'),
('3', 'Pengguna');

-- --------------------------------------------------------

--
-- Table structure for table `skill_category`
--

CREATE TABLE `skill_category` (
  `id_skill_category` int(11) NOT NULL,
  `skill_category` varchar(100) NOT NULL
) ENGINE=InnoDB DEFAULT CHARSET=utf8mb4;

--
-- Dumping data for table `skill_category`
--

INSERT INTO `skill_category` (`id_skill_category`, `skill_category`) VALUES
(1, 'Functional Skills'),
(2, 'General Skills');

-- --------------------------------------------------------

--
-- Table structure for table `sub_department`
--

CREATE TABLE `sub_department` (
  `id_subdepartment` char(8) NOT NULL,
  `id_department` char(8) NOT NULL,
  `nama_subdepartment` varchar(255) NOT NULL,
  `created_at` timestamp NOT NULL DEFAULT current_timestamp(),
  `updated_at` datetime NOT NULL DEFAULT current_timestamp()
) ENGINE=InnoDB DEFAULT CHARSET=utf8mb4;

--
-- Dumping data for table `sub_department`
--

INSERT INTO `sub_department` (`id_subdepartment`, `id_department`, `nama_subdepartment`, `created_at`, `updated_at`) VALUES
('SDP-0001', 'DP-0001', 'MNF subdept', '0000-00-00 00:00:00', '0000-00-00 00:00:00'),
('SDP-0002', 'DP-0002', 'IOS subdept', '0000-00-00 00:00:00', '0000-00-00 00:00:00'),
('SDP-0003', 'DP-0002', 'IOS-SYS subdept', '0000-00-00 00:00:00', '0000-00-00 00:00:00'),
('SDP-0004', 'DP-0002', 'IOS-IMP subdept', '0000-00-00 00:00:00', '0000-00-00 00:00:00'),
('SDP-0008', 'DP-0004', 'PRD subdept', '0000-00-00 00:00:00', '0000-00-00 00:00:00'),
('SDP-0009', 'DP-0004', 'PRD-P&D subdept', '0000-00-00 00:00:00', '0000-00-00 00:00:00'),
('SDP-0010', 'DP-0004', 'PRD-F&P subdept', '0000-00-00 00:00:00', '0000-00-00 00:00:00'),
('SDP-0011', 'DP-0005', 'MM subdept', '0000-00-00 00:00:00', '2021-02-09 03:12:11'),
('SDP-0012', 'DP-0005', 'MM-OPM subdept', '0000-00-00 00:00:00', '2021-02-09 03:12:25'),
('SDP-0013', 'DP-0005', 'MM-MTS subdept', '0000-00-00 00:00:00', '2021-02-09 03:12:37'),
('SDP-0014', 'DP-0006', 'WHS subdept', '0000-00-00 00:00:00', '0000-00-00 00:00:00'),
('SDP-0015', 'DP-0006', 'WHS-RM subdept', '0000-00-00 00:00:00', '0000-00-00 00:00:00'),
('SDP-0016', 'DP-0006', 'WHS-PM subdept', '0000-00-00 00:00:00', '0000-00-00 00:00:00'),
('SDP-0017', 'DP-0006', 'WHS-FG subdept', '0000-00-00 00:00:00', '0000-00-00 00:00:00'),
('SDP-0018', 'DP-0007', 'QA subdept', '0000-00-00 00:00:00', '0000-00-00 00:00:00'),
('SDP-0019', 'DP-0007', 'QA-QC subdept', '0000-00-00 00:00:00', '0000-00-00 00:00:00'),
('SDP-0020', 'DP-0007', 'QA-MCO subdept', '0000-00-00 00:00:00', '0000-00-00 00:00:00'),
('SDP-0021', 'DP-0008', 'HC subdept', '0000-00-00 00:00:00', '2021-02-22 01:44:49'),
('SDP-0022', 'DP-0008', 'HC-GA subdept', '0000-00-00 00:00:00', '2021-02-22 01:45:01'),
('SDP-0023', 'DP-0008', 'HC-HRD subdept', '0000-00-00 00:00:00', '2021-02-22 01:45:15'),
('SDP-0025', 'DP-0009', 'MDP subdept', '0000-00-00 00:00:00', '0000-00-00 00:00:00'),
('SDP-0026', 'DP-0009', 'MDP-PPIC subdept', '0000-00-00 00:00:00', '0000-00-00 00:00:00'),
('SDP-0027', 'DP-0010', 'BOD subdept', '0000-00-00 00:00:00', '0000-00-00 00:00:00'),
('SDP-0028', 'DP-0012', 'Klinik subdept', '2020-11-04 20:43:49', '2020-11-05 03:43:49'),
('SDP-0029', 'DP-0003', 'BDA subdept', '2021-01-26 21:32:37', '2021-01-27 04:32:37'),
('SDP-0030', 'DP-0003', 'BDA-PRC', '2021-01-26 21:40:45', '2021-01-27 04:40:45'),
('SDP-0031', 'DP-0003', 'BDA-FA', '2021-01-26 21:41:13', '2021-01-27 04:41:13'),
('SDP-0032', 'DP-0009', 'MDP-IT subdept', '2021-01-26 23:33:33', '2021-01-27 06:33:33');

-- --------------------------------------------------------

--
-- Table structure for table `taging_reason`
--

CREATE TABLE `taging_reason` (
  `id_taging_reason` int(255) UNSIGNED NOT NULL,
  `id_white_tag` varchar(15) DEFAULT NULL,
  `no_taging` varchar(25) DEFAULT NULL,
  `year` year(4) DEFAULT NULL,
  `period` varchar(20) DEFAULT NULL,
  `date_open` date DEFAULT NULL,
  `due_date` date DEFAULT NULL,
  `learning_method` enum('0','1','2','3','4') DEFAULT NULL COMMENT '0:internal 1:external 2:inhouse 3:online 4:readbook',
  `trainer` varchar(50) DEFAULT NULL,
  `date_plan_implementation` date DEFAULT NULL,
  `notes_learning_implementation` text DEFAULT NULL,
  `date_closed` date DEFAULT NULL,
  `start` time DEFAULT NULL,
  `finish` time DEFAULT NULL,
  `duration` varchar(100) DEFAULT NULL,
  `date_verified` date DEFAULT NULL,
  `id_verified_by` int(255) UNSIGNED DEFAULT NULL,
  `result_score` double DEFAULT NULL,
  `notes_for_result` text DEFAULT NULL
) ENGINE=InnoDB DEFAULT CHARSET=utf8mb4;

-- --------------------------------------------------------

--
-- Table structure for table `targets`
--

CREATE TABLE `targets` (
  `id` bigint(20) UNSIGNED NOT NULL,
  `id_job_title` varchar(255) COLLATE utf8mb4_unicode_ci NOT NULL,
  `name` varchar(255) COLLATE utf8mb4_unicode_ci NOT NULL,
  `value` int(11) NOT NULL,
  `created_at` timestamp NULL DEFAULT NULL,
  `updated_at` timestamp NULL DEFAULT NULL
) ENGINE=InnoDB DEFAULT CHARSET=utf8mb4 COLLATE=utf8mb4_unicode_ci;

--
-- Dumping data for table `targets`
--

INSERT INTO `targets` (`id`, `id_job_title`, `name`, `value`, `created_at`, `updated_at`) VALUES
(1, 'JT-0049', 'Target Basic', 100, '2022-05-26 20:38:30', '2022-05-26 20:38:30');

-- --------------------------------------------------------

--
-- Table structure for table `users`
--

CREATE TABLE `users` (
  `id` bigint(20) UNSIGNED NOT NULL,
  `nik` varchar(25) COLLATE utf8mb4_unicode_ci NOT NULL,
  `nama_pengguna` varchar(100) COLLATE utf8mb4_unicode_ci NOT NULL,
  `peran_pengguna` varchar(10) COLLATE utf8mb4_unicode_ci DEFAULT NULL,
  `email` varchar(255) COLLATE utf8mb4_unicode_ci DEFAULT NULL,
  `email_verified_at` timestamp NULL DEFAULT NULL,
  `password` varchar(255) COLLATE utf8mb4_unicode_ci DEFAULT NULL,
  `tgl_masuk` date NOT NULL,
  `id_job_title` char(8) CHARACTER SET utf8mb4 NOT NULL,
  `id_divisi` char(8) CHARACTER SET utf8mb4 DEFAULT NULL,
  `id_cg` char(8) CHARACTER SET utf8mb4 DEFAULT NULL,
  `id_department` char(8) CHARACTER SET utf8mb4 DEFAULT NULL,
  `id_sub_department` char(8) CHARACTER SET utf8mb4 DEFAULT NULL,
  `id_level` char(8) CHARACTER SET utf8mb4 DEFAULT NULL,
  `status` tinyint(1) DEFAULT NULL,
  `is_competent` tinyint(1) NOT NULL DEFAULT 0,
  `gambar` varchar(255) COLLATE utf8mb4_unicode_ci DEFAULT NULL,
  `remember_token` varchar(100) COLLATE utf8mb4_unicode_ci DEFAULT NULL,
  `created_at` timestamp NULL DEFAULT NULL,
  `updated_at` timestamp NULL DEFAULT NULL
) ENGINE=InnoDB DEFAULT CHARSET=utf8mb4 COLLATE=utf8mb4_unicode_ci;

--
-- Dumping data for table `users`
--

INSERT INTO `users` (`id`, `nik`, `nama_pengguna`, `peran_pengguna`, `email`, `email_verified_at`, `password`, `tgl_masuk`, `id_job_title`, `id_divisi`, `id_cg`, `id_department`, `id_sub_department`, `id_level`, `status`, `is_competent`, `gambar`, `remember_token`, `created_at`, `updated_at`) VALUES
(1, 'K210300063', 'REZKI RAMADHAN', '1', 'rramadhan1818@gmail.com', '2022-03-01 09:58:33', '$2a$10$kQdT1DPvsC6WLFqc7gLOd.VNmc1bKPkhoL0.f97x13qzaaw3R8/VC', '2021-03-08', 'JT-0049', 'DV_0002', 'CG_0011', 'DP-0008', 'SDP-0023', 'LV-0009', 1, 0, 'yMDxdbaygCYVXzM.png', NULL, '2022-03-05 09:58:33', '2022-05-29 21:01:08'),
(2, 'K200900257', 'CHANDRA PRAWIRA', '1', 'chandra@gmail.com', '2022-03-01 09:58:33', '$2a$10$kQdT1DPvsC6WLFqc7gLOd.VNmc1bKPkhoL0.f97x13qzaaw3R8/VC', '2020-09-01', 'JT-0049', 'DV_0002', 'CG_0011', 'DP-0008', 'SDP-0023', 'LV-0009', 1, 0, 'E72Vo5k8MkUKjCm.png', NULL, '2022-03-11 01:46:24', '2022-06-01 18:53:54'),
(3, '050700014', 'DIDIK BUDIARTO', '1', 'didik.budiarto@gmail.com', NULL, '$2a$10$kQdT1DPvsC6WLFqc7gLOd.VNmc1bKPkhoL0.f97x13qzaaw3R8/VC', '2005-07-01', 'JT-0149', NULL, NULL, 'DP-0003', NULL, NULL, NULL, 0, NULL, NULL, NULL, NULL),
(4, '051000017', 'I GEDE PUTU EKA PUTRA', '1', 'igedeputu.ekaputra@gmail.com', NULL, '$2a$10$kQdT1DPvsC6WLFqc7gLOd.VNmc1bKPkhoL0.f97x13qzaaw3R8/VC', '2005-10-10', 'JT-0076', NULL, NULL, 'DP-0010', NULL, NULL, NULL, 0, NULL, NULL, NULL, NULL),
(5, '060500014', 'YUDHA AGUS TRI BASUKI', '1', 'yud.agus@gmail.com', NULL, '$2a$10$kQdT1DPvsC6WLFqc7gLOd.VNmc1bKPkhoL0.f97x13qzaaw3R8/VC', '2006-05-01', 'JT-0062', NULL, NULL, 'DP-0001', NULL, NULL, NULL, 0, NULL, NULL, NULL, NULL),
(6, '060500015', 'APOLONIA LAURENSIA LUNAWATI. N', '1', 'laurensia.lunawati2007@gmail.com', NULL, '$2a$10$kQdT1DPvsC6WLFqc7gLOd.VNmc1bKPkhoL0.f97x13qzaaw3R8/VC', '2006-05-29', 'JT-0067', NULL, NULL, 'DP-0008', NULL, NULL, NULL, 0, NULL, NULL, NULL, NULL),
(7, '060700017', 'SRI REJEKI', '1', 'jeckie78@gmail.com', NULL, '$2a$10$kQdT1DPvsC6WLFqc7gLOd.VNmc1bKPkhoL0.f97x13qzaaw3R8/VC', '2006-07-03', 'JT-0163', NULL, NULL, 'DP-0002', NULL, NULL, NULL, 0, NULL, NULL, NULL, NULL),
(8, '060800020', 'YUNIARTO', '1', 'yuniartorasian72@gmail.com', NULL, '$2a$10$kQdT1DPvsC6WLFqc7gLOd.VNmc1bKPkhoL0.f97x13qzaaw3R8/VC', '2006-08-01', 'JT-0068', NULL, NULL, 'DP-0005', NULL, NULL, NULL, 0, NULL, NULL, NULL, NULL),
(9, '060800022', 'YAYAN', '1', 'yayan.jan123@gmail.com', NULL, '$2a$10$kQdT1DPvsC6WLFqc7gLOd.VNmc1bKPkhoL0.f97x13qzaaw3R8/VC', '2006-08-14', 'JT-0109', NULL, NULL, 'DP-0003', NULL, NULL, NULL, 0, NULL, NULL, NULL, NULL),
(10, '060900024', 'NURHASAN', '1', 'bungzoe83@gmail.com', NULL, '$2a$10$kQdT1DPvsC6WLFqc7gLOd.VNmc1bKPkhoL0.f97x13qzaaw3R8/VC', '2006-09-04', 'JT-0020', 'DV_0001', 'CG_0001', 'DP-0004', 'SDP-0009', 'LV-0009', NULL, 0, NULL, NULL, NULL, '2022-05-19 23:37:19'),
(11, '060900025', 'DENY MUHAMAD MULYADI', '2', 'muhamadmulyadi80@gmail.com', NULL, '$2a$10$kQdT1DPvsC6WLFqc7gLOd.VNmc1bKPkhoL0.f97x13qzaaw3R8/VC', '2006-09-05', 'JT-0119', 'DV_0001', 'CG_0005', 'DP-0005', 'SDP-0011', 'LV-0005', NULL, 0, NULL, NULL, NULL, '2022-05-20 02:33:02'),
(12, '061000028', 'SUHATMAN', '1', 'suhatman7@gmail.com', NULL, '$2a$10$kQdT1DPvsC6WLFqc7gLOd.VNmc1bKPkhoL0.f97x13qzaaw3R8/VC', '2006-10-02', 'JT-0144', 'DV_0001', 'CG_0014', 'DP-0004', 'SDP-0010', 'LV-0009', NULL, 0, NULL, NULL, NULL, '2022-05-18 03:12:36'),
(13, '061100030', 'AFRIAN CHANDRA IDRIS', '1', 'afrian81@gmail.com', NULL, '$2a$10$kQdT1DPvsC6WLFqc7gLOd.VNmc1bKPkhoL0.f97x13qzaaw3R8/VC', '2006-11-06', 'JT-0066', 'DV_0001', 'CG_0017', 'DP-0005', 'SDP-0011', 'LV-0005', NULL, 0, NULL, NULL, NULL, '2022-05-20 01:43:37'),
(14, '061100031', 'DARYONO', '1', 'daryono7706@gmail.com', NULL, '$2a$10$kQdT1DPvsC6WLFqc7gLOd.VNmc1bKPkhoL0.f97x13qzaaw3R8/VC', '2006-11-06', 'JT-0003', 'DV_0001', 'CG_0001', 'DP-0004', 'SDP-0009', 'LV-0009', NULL, 0, NULL, NULL, NULL, '2022-05-19 23:48:03'),
(15, '061100032', 'MUHAMAD EFENDI', '2', 'efendimuhamad7608@gmail.com', NULL, '$2a$10$kQdT1DPvsC6WLFqc7gLOd.VNmc1bKPkhoL0.f97x13qzaaw3R8/VC', '2006-11-06', 'JT-0018', 'DV_0001', 'CG_0001', 'DP-0004', 'SDP-0009', 'LV-0009', NULL, 0, NULL, NULL, NULL, '2022-05-19 23:43:34'),
(16, '061100033', 'USEP JAYADI', '1', 'jayadiusep3@gmail.com', NULL, '$2a$10$kQdT1DPvsC6WLFqc7gLOd.VNmc1bKPkhoL0.f97x13qzaaw3R8/VC', '2006-11-06', 'JT-0025', NULL, NULL, 'DP-0004', NULL, NULL, NULL, 0, NULL, NULL, NULL, NULL),
(17, '061100034', 'TIWIK SUYANTI', '2', 'tiwik.suyanti@gmail.com', NULL, '$2a$10$kQdT1DPvsC6WLFqc7gLOd.VNmc1bKPkhoL0.f97x13qzaaw3R8/VC', '2006-11-13', 'JT-0160', 'DV_0001', 'CG_0016', 'DP-0007', 'SDP-0019', 'LV-0005', NULL, 0, NULL, NULL, NULL, '2022-05-22 21:35:31'),
(18, '061100035', 'MAMAN SULAEMAN', '1', 'kang.maman24@yahoo.com', NULL, '$2a$10$kQdT1DPvsC6WLFqc7gLOd.VNmc1bKPkhoL0.f97x13qzaaw3R8/VC', '2006-11-22', 'JT-0164', 'DV_0001', 'CG_0017', 'DP-0005', 'SDP-0011', 'LV-0005', NULL, 0, NULL, NULL, NULL, '2022-05-20 02:13:21'),
(19, '061200036', 'ADE SAPRUDIN', '1', 'adesfadil123@gmail.com', NULL, '$2a$10$kQdT1DPvsC6WLFqc7gLOd.VNmc1bKPkhoL0.f97x13qzaaw3R8/VC', '2006-12-04', 'JT-0015', 'DV_0001', 'CG_0012', 'DP-0004', 'SDP-0009', 'LV-0009', NULL, 0, NULL, NULL, NULL, '2022-05-20 00:26:27'),
(20, '061200037', 'ASEP CAHYAN', '1', 'asepcahyan9@gmail.com', NULL, '$2a$10$kQdT1DPvsC6WLFqc7gLOd.VNmc1bKPkhoL0.f97x13qzaaw3R8/VC', '2006-12-04', 'JT-0114', 'DV_0001', 'CG_0015', 'DP-0004', 'SDP-0010', 'LV-0009', NULL, 0, NULL, NULL, NULL, '2022-05-18 02:04:28'),
(21, '061200038', 'SAMIDI', '1', 'samidiasemo@gmail.com', NULL, '$2a$10$kQdT1DPvsC6WLFqc7gLOd.VNmc1bKPkhoL0.f97x13qzaaw3R8/VC', '2006-12-04', 'JT-0020', 'DV_0002', 'CG_0001', 'DP-0004', 'SDP-0009', 'LV-0009', NULL, 0, NULL, NULL, NULL, '2022-05-18 03:29:13'),
(22, '061200039', 'SUNGATNO', '2', 'sungatnohadi76@gmail.com', NULL, '$2a$10$kQdT1DPvsC6WLFqc7gLOd.VNmc1bKPkhoL0.f97x13qzaaw3R8/VC', '2006-12-04', 'JT-0096', 'DV_0001', 'CG_0016', 'DP-0007', 'SDP-0019', 'LV-0004', NULL, 0, NULL, NULL, NULL, '2022-05-20 00:53:16'),
(23, '061200040', 'ZAINI', '1', 'zaeniaja66@gmail.com', NULL, '$2a$10$kQdT1DPvsC6WLFqc7gLOd.VNmc1bKPkhoL0.f97x13qzaaw3R8/VC', '2006-12-04', 'JT-0040', NULL, NULL, 'DP-0004', NULL, NULL, NULL, 0, NULL, NULL, NULL, NULL),
(24, '061200041', 'MUNADIH', '2', 'munadihmumun@gmail.com', NULL, '$2a$10$kQdT1DPvsC6WLFqc7gLOd.VNmc1bKPkhoL0.f97x13qzaaw3R8/VC', '2006-12-06', 'JT-0140', 'DV_0001', 'CG_0014', 'DP-0004', 'SDP-0010', 'LV-0009', NULL, 0, NULL, NULL, NULL, '2022-05-22 21:32:45'),
(25, '061200042', 'NANDANG SUTISNA', '1', 'nsanandangsutisna@gmail.com', NULL, '$2a$10$kQdT1DPvsC6WLFqc7gLOd.VNmc1bKPkhoL0.f97x13qzaaw3R8/VC', '2006-12-11', 'JT-0020', 'DV_0001', 'CG_0001', 'DP-0004', 'SDP-0009', 'LV-0005', NULL, 0, NULL, NULL, NULL, '2022-05-19 23:38:11'),
(26, '061200043', 'YUNUS JOHN BILORO', '2', 'yunusjohn50@gmail.com', NULL, '$2a$10$kQdT1DPvsC6WLFqc7gLOd.VNmc1bKPkhoL0.f97x13qzaaw3R8/VC', '2006-12-11', 'JT-0024', 'DV_0001', 'CG_0002', 'DP-0004', 'SDP-0010', 'LV-0005', NULL, 0, NULL, NULL, NULL, '2022-05-22 21:32:28'),
(27, '061200045', 'KUSNADI RUDI', '1', 'k.rudikri@gmail.com', NULL, '$2a$10$kQdT1DPvsC6WLFqc7gLOd.VNmc1bKPkhoL0.f97x13qzaaw3R8/VC', '2006-12-18', 'JT-0120', 'DV_0001', 'CG_0005', 'DP-0005', 'SDP-0011', 'LV-0005', NULL, 0, NULL, NULL, NULL, '2022-05-22 03:29:37'),
(28, '070100001', 'ADI SETIAHADI', '2', 'this1s4di@gmail.com', NULL, '$2a$10$kQdT1DPvsC6WLFqc7gLOd.VNmc1bKPkhoL0.f97x13qzaaw3R8/VC', '2007-01-02', 'JT-0159', 'DV_0002', 'CG_0023', 'DP-0004', 'SDP-0008', 'LV-0004', NULL, 0, NULL, NULL, NULL, '2022-05-22 21:40:35'),
(29, '070100004', 'AGUS TURANTO', '1', 'aturanto2007@gmail.com', NULL, '$2a$10$kQdT1DPvsC6WLFqc7gLOd.VNmc1bKPkhoL0.f97x13qzaaw3R8/VC', '2007-01-02', 'JT-0078', NULL, NULL, 'DP-0004', NULL, NULL, NULL, 0, NULL, NULL, NULL, NULL),
(30, '070100007', 'EKO WAHYUDI', '1', 'echowahyudi32@gmail.com', NULL, '$2a$10$kQdT1DPvsC6WLFqc7gLOd.VNmc1bKPkhoL0.f97x13qzaaw3R8/VC', '2007-01-02', 'JT-0156', 'DV_0001', 'CG_0017', 'DP-0005', 'SDP-0011', 'LV-0005', NULL, 0, NULL, NULL, NULL, '2022-05-20 02:08:11'),
(31, '070100012', 'EDI WIBOWO JOKO PRASETYO', '1', 'ofalputra30@gmail.com', NULL, '$2a$10$kQdT1DPvsC6WLFqc7gLOd.VNmc1bKPkhoL0.f97x13qzaaw3R8/VC', '2007-01-03', 'JT-0158', NULL, NULL, 'DP-0004', NULL, NULL, NULL, 0, NULL, NULL, NULL, NULL),
(32, '070100013', 'AGUS RIYANTO', '1', 'aroryoto@gmail.com', NULL, '$2a$10$kQdT1DPvsC6WLFqc7gLOd.VNmc1bKPkhoL0.f97x13qzaaw3R8/VC', '2007-01-08', 'JT-0088', 'DV_0001', 'CG_0010', 'DP-0003', 'SDP-0030', 'LV-0004', NULL, 0, NULL, NULL, NULL, '2022-05-22 05:01:14'),
(33, '070100015', 'RADEN ABBAS FAUZI', '1', 'fauzibbas@gmail.com', NULL, '$2a$10$kQdT1DPvsC6WLFqc7gLOd.VNmc1bKPkhoL0.f97x13qzaaw3R8/VC', '2007-01-15', 'JT-0103', 'DV_0001', 'CG_0014', 'DP-0004', 'SDP-0010', 'LV-0009', NULL, 0, NULL, NULL, NULL, '2022-05-18 03:19:17'),
(34, '070100024', 'YUSUF HAMDANI', '1', 'yusufarfan030284@gmail.com', NULL, '$2a$10$kQdT1DPvsC6WLFqc7gLOd.VNmc1bKPkhoL0.f97x13qzaaw3R8/VC', '2007-01-22', 'JT-0036', 'DV_0001', 'CG_0001', 'DP-0004', 'SDP-0009', 'LV-0009', NULL, 0, NULL, NULL, NULL, '2022-05-20 00:08:51'),
(35, '070200028', 'JAKARIA (SK)', '2', 'skjakaria027@gmail.com', NULL, '$2a$10$kQdT1DPvsC6WLFqc7gLOd.VNmc1bKPkhoL0.f97x13qzaaw3R8/VC', '2007-02-05', 'JT-0147', 'DV_0001', 'CG_0012', 'DP-0004', 'SDP-0009', 'LV-0009', NULL, 0, NULL, NULL, NULL, '2022-05-20 00:26:04'),
(36, '070200029', 'RAHMAT NURHIDAYAT', '1', 'rahmatar315@gmail.com', NULL, '$2a$10$kQdT1DPvsC6WLFqc7gLOd.VNmc1bKPkhoL0.f97x13qzaaw3R8/VC', '2007-02-05', 'JT-0013', 'DV_0001', 'CG_0001', 'DP-0004', 'SDP-0009', 'LV-0009', NULL, 0, NULL, NULL, NULL, '2022-05-19 23:39:06'),
(37, '070200030', 'ARDIAN', '1', 'ardian.kmi.wh@gmail.com', NULL, '$2a$10$kQdT1DPvsC6WLFqc7gLOd.VNmc1bKPkhoL0.f97x13qzaaw3R8/VC', '2007-02-12', 'JT-0133', 'DV_0001', 'CG_0006', 'DP-0006', 'SDP-0017', 'LV-0005', NULL, 0, NULL, NULL, NULL, '2022-05-22 04:29:26'),
(38, '070200031', 'YULIANTO', '2', 'bombersolokrajan@gmail.com', NULL, '$2a$10$kQdT1DPvsC6WLFqc7gLOd.VNmc1bKPkhoL0.f97x13qzaaw3R8/VC', '2007-02-12', 'JT-0138', 'DV_0001', 'CG_0024', 'DP-0006', 'SDP-0015', 'LV-0005', NULL, 0, NULL, NULL, NULL, '2022-05-22 04:51:47'),
(39, '070300033', 'ASEP HAEDAR', '1', 'haedar0210@gmail.com', NULL, '$2a$10$kQdT1DPvsC6WLFqc7gLOd.VNmc1bKPkhoL0.f97x13qzaaw3R8/VC', '2007-03-01', 'JT-0036', 'DV_0001', 'CG_0001', 'DP-0004', 'SDP-0009', 'LV-0009', NULL, 0, NULL, NULL, NULL, '2022-05-20 00:08:01'),
(40, '070300036', 'JOJON DARSONO YOGA JAYA', '1', 'jojondarsono11@gmail.com', NULL, '$2a$10$kQdT1DPvsC6WLFqc7gLOd.VNmc1bKPkhoL0.f97x13qzaaw3R8/VC', '2007-03-20', '', NULL, NULL, 'DP-0002', NULL, NULL, NULL, 0, NULL, NULL, NULL, NULL),
(41, '070400065', 'MARLENY PATANDUNG', '1', 'mpatandung@gmail.com', NULL, '$2a$10$kQdT1DPvsC6WLFqc7gLOd.VNmc1bKPkhoL0.f97x13qzaaw3R8/VC', '2007-04-23', 'JT-0122', NULL, NULL, 'DP-0006', NULL, NULL, NULL, 0, NULL, NULL, NULL, NULL),
(42, '070400068', 'DWI ISDARYANTO', '2', 'dwi2.isdaryanto@gmail.com', NULL, '$2a$10$kQdT1DPvsC6WLFqc7gLOd.VNmc1bKPkhoL0.f97x13qzaaw3R8/VC', '2007-04-25', 'JT-0134', 'DV_0001', 'CG_0018', 'DP-0006', 'SDP-0015', 'LV-0005', NULL, 0, NULL, NULL, NULL, '2022-05-22 04:40:30'),
(43, '070500078', 'NAFIS SURACHMAN', '1', 'nafis_lopon@yahoo.com', NULL, '$2a$10$kQdT1DPvsC6WLFqc7gLOd.VNmc1bKPkhoL0.f97x13qzaaw3R8/VC', '2007-05-28', 'JT-0066', 'DV_0001', 'CG_0017', 'DP-0005', 'SDP-0011', 'LV-0005', NULL, 0, NULL, NULL, NULL, '2022-05-20 02:17:33'),
(44, '070600083', 'HENDI ISKANDAR', '1', 'hendi.iskandar.umb12@gmail.com', NULL, '$2a$10$kQdT1DPvsC6WLFqc7gLOd.VNmc1bKPkhoL0.f97x13qzaaw3R8/VC', '2007-06-25', 'JT-0090', NULL, NULL, 'DP-0007', NULL, NULL, NULL, 0, NULL, NULL, NULL, NULL),
(45, '080900029', 'ADE NANDAR', '1', 'adenandar78@gmail.com', NULL, '$2a$10$kQdT1DPvsC6WLFqc7gLOd.VNmc1bKPkhoL0.f97x13qzaaw3R8/VC', '2008-09-01', 'JT-0025', 'DV_0001', 'CG_0026', 'DP-0004', 'SDP-0010', 'LV-0005', NULL, 0, NULL, NULL, NULL, '2022-05-18 02:17:26'),
(46, '080900030', 'BUGI NOVRIYANTO', '1', 'bubugigi17@gmail.com', NULL, '$2a$10$kQdT1DPvsC6WLFqc7gLOd.VNmc1bKPkhoL0.f97x13qzaaw3R8/VC', '2008-09-01', 'JT-0041', NULL, NULL, 'DP-0004', NULL, NULL, NULL, 0, NULL, NULL, NULL, NULL),
(47, '080900031', 'DWI KURNIAWAN', '1', 'dwi_kmi@yahoo.co.id', NULL, '$2a$10$kQdT1DPvsC6WLFqc7gLOd.VNmc1bKPkhoL0.f97x13qzaaw3R8/VC', '2008-09-01', 'JT-0161', 'DV_0001', 'CG_0004', 'DP-0007', 'SDP-0019', 'LV-0005', NULL, 0, NULL, NULL, NULL, '2022-05-20 01:26:31'),
(48, '080900032', 'FEBI DIANA', '2', 'febidiana3@gmail.com', NULL, '$2a$10$kQdT1DPvsC6WLFqc7gLOd.VNmc1bKPkhoL0.f97x13qzaaw3R8/VC', '2008-09-01', 'JT-0042', 'DV_0002', 'CG_0007', 'DP-0003', 'SDP-0031', 'LV-0005', NULL, 0, NULL, NULL, NULL, '2022-05-22 21:25:15'),
(49, '080900033', 'LINDA LABORA', '1', 'ndalabora1@gmail.com', NULL, '$2a$10$kQdT1DPvsC6WLFqc7gLOd.VNmc1bKPkhoL0.f97x13qzaaw3R8/VC', '2008-09-01', 'JT-0141', 'DV_0001', 'CG_0002', 'DP-0004', 'SDP-0010', 'LV-0009', NULL, 0, NULL, NULL, NULL, '2022-05-18 03:05:07'),
(50, '081000037', 'DIAWAN', '2', 'diawan.only86@gmail.com', NULL, '$2a$10$kQdT1DPvsC6WLFqc7gLOd.VNmc1bKPkhoL0.f97x13qzaaw3R8/VC', '2008-10-01', 'JT-0129', 'DV_0001', 'CG_0025', 'DP-0006', 'SDP-0017', 'LV-0005', NULL, 0, NULL, NULL, NULL, '2022-05-22 04:33:40'),
(51, '081000038', 'AGUS FIRMANSYAH', '1', 'agus_k99@yahoo.com', NULL, '$2a$10$kQdT1DPvsC6WLFqc7gLOd.VNmc1bKPkhoL0.f97x13qzaaw3R8/VC', '2008-10-06', 'JT-0100', NULL, NULL, 'DP-0007', NULL, NULL, NULL, 0, NULL, NULL, NULL, NULL),
(52, '090593002', 'HALILY SOFYAN AL HASAN', '2', 'halleymalmsteen@gmail.com', NULL, '$2a$10$kQdT1DPvsC6WLFqc7gLOd.VNmc1bKPkhoL0.f97x13qzaaw3R8/VC', '2009-05-01', 'JT-0111', 'DV_0002', 'CG_0020', 'DP-0002', 'SDP-0004', 'LV-0005', NULL, 0, NULL, NULL, NULL, '2022-05-22 21:29:05'),
(53, '100192702', 'AGUNG HARTANTO', '1', 'agunghartanto83@gmail.com', NULL, '$2a$10$kQdT1DPvsC6WLFqc7gLOd.VNmc1bKPkhoL0.f97x13qzaaw3R8/VC', '2010-01-01', 'JT-0155', 'DV_0002', 'CG_0019', 'DP-0009', 'SDP-0025', 'LV-0005', NULL, 0, NULL, NULL, NULL, '2022-05-22 05:24:22'),
(54, '100192704', 'IKA OKTAFIANTI', '2', 'okta.arisandy01@gmail.com', NULL, '$2a$10$kQdT1DPvsC6WLFqc7gLOd.VNmc1bKPkhoL0.f97x13qzaaw3R8/VC', '2010-01-01', 'JT-0087', 'DV_0001', 'CG_0010', 'DP-0003', 'SDP-0030', 'LV-0005', NULL, 0, NULL, NULL, NULL, '2022-05-22 21:25:31'),
(55, '100192705', 'SAEPULLAH', '1', 'saepullahsaepullah8@gmail.com', NULL, '$2a$10$kQdT1DPvsC6WLFqc7gLOd.VNmc1bKPkhoL0.f97x13qzaaw3R8/VC', '2010-01-01', 'JT-0013', 'DV_0001', 'CG_0001', 'DP-0004', 'SDP-0009', 'LV-0009', NULL, 0, NULL, NULL, NULL, '2022-05-19 23:44:18'),
(56, '100200007', 'BURHANUDIN', '1', 'pay.burhan@gmail.com', NULL, '$2a$10$kQdT1DPvsC6WLFqc7gLOd.VNmc1bKPkhoL0.f97x13qzaaw3R8/VC', '2010-02-01', 'JT-0068', NULL, NULL, 'DP-0005', NULL, NULL, NULL, 0, NULL, NULL, NULL, NULL),
(57, '100300009', 'NAZARUDIN RACHMAN SIDIK', '1', 'fiasco.missing@gmail.com', NULL, '$2a$10$kQdT1DPvsC6WLFqc7gLOd.VNmc1bKPkhoL0.f97x13qzaaw3R8/VC', '2010-03-01', 'JT-0061', NULL, NULL, 'DP-0001', NULL, NULL, NULL, 0, NULL, NULL, NULL, NULL),
(58, '100492706', 'SEPTIAN EKO PRIATNA', '1', 'septian.gates@gmail.com', NULL, '$2a$10$kQdT1DPvsC6WLFqc7gLOd.VNmc1bKPkhoL0.f97x13qzaaw3R8/VC', '2010-04-01', 'JT-0095', 'DV_0001', 'CG_0016', 'DP-0007', 'SDP-0019', 'LV-0005', NULL, 0, NULL, NULL, NULL, '2022-05-20 00:55:21'),
(59, '100692707', 'IWAN HERMAWAN', '1', 'iwan.hermawan963@gmail.com', NULL, '$2a$10$kQdT1DPvsC6WLFqc7gLOd.VNmc1bKPkhoL0.f97x13qzaaw3R8/VC', '2010-06-01', 'JT-0126', 'DV_0001', 'CG_0006', 'DP-0006', 'SDP-0017', 'LV-0005', NULL, 0, NULL, NULL, NULL, '2022-05-22 03:36:03'),
(60, '100892708', 'DEDE DODI GINANJAR', '1', 'd2ginanjar@yahoo.co.id', NULL, '$2a$10$kQdT1DPvsC6WLFqc7gLOd.VNmc1bKPkhoL0.f97x13qzaaw3R8/VC', '2010-08-01', 'JT-0083', 'DV_0002', 'CG_0023', 'DP-0004', 'SDP-0008', 'LV-0005', NULL, 0, NULL, NULL, NULL, '2022-05-22 21:47:23'),
(61, '100892709', 'RAHMAT KURNIAWAN', '1', 'zikrikurniawan08@gmail.com', NULL, '$2a$10$kQdT1DPvsC6WLFqc7gLOd.VNmc1bKPkhoL0.f97x13qzaaw3R8/VC', '2010-08-01', 'JT-0025', 'DV_0001', 'CG_0026', 'DP-0004', 'SDP-0010', 'LV-0009', NULL, 0, NULL, NULL, NULL, '2022-05-18 02:16:30'),
(62, '100892710', 'SOLEHUDIN', '1', 'solehudinkmi1@gmail.com', NULL, '$2a$10$kQdT1DPvsC6WLFqc7gLOd.VNmc1bKPkhoL0.f97x13qzaaw3R8/VC', '2010-08-01', 'JT-0025', NULL, NULL, 'DP-0004', NULL, NULL, NULL, 0, NULL, NULL, NULL, NULL),
(63, '100992711', 'SITI RIZKIANA NURANNISA', '2', 'nurannisarizkiana@gmail.com', NULL, '$2a$10$kQdT1DPvsC6WLFqc7gLOd.VNmc1bKPkhoL0.f97x13qzaaw3R8/VC', '2010-09-01', 'JT-0091', 'DV_0001', 'CG_0004', 'DP-0007', 'SDP-0020', 'LV-0005', NULL, 0, NULL, NULL, NULL, '2022-05-20 01:20:38'),
(64, '110191206', 'AGA WALESSA', '2', 'walessaaga@gmail.com', NULL, '$2a$10$kQdT1DPvsC6WLFqc7gLOd.VNmc1bKPkhoL0.f97x13qzaaw3R8/VC', '2011-01-01', 'JT-0118', 'DV_0002', 'CG_0021', 'DP-0002', 'SDP-0002', 'LV-0005', NULL, 0, NULL, NULL, NULL, '2022-05-22 21:27:53'),
(65, '110191207', 'MAULANA ABDUL SALIM', '1', 'muhammadkarim354@gmail.com', NULL, '$2a$10$kQdT1DPvsC6WLFqc7gLOd.VNmc1bKPkhoL0.f97x13qzaaw3R8/VC', '2011-01-01', 'JT-0008', 'DV_0001', 'CG_0003', 'DP-0004', 'SDP-0010', 'LV-0005', NULL, 0, NULL, NULL, NULL, '2022-05-18 01:51:13'),
(66, '110191208', 'UUM UMBARA', '1', 'umbarathea722@gmail.com', NULL, '$2a$10$kQdT1DPvsC6WLFqc7gLOd.VNmc1bKPkhoL0.f97x13qzaaw3R8/VC', '2011-01-01', 'JT-0009', 'DV_0001', 'CG_0003', 'DP-0004', 'SDP-0010', 'LV-0005', NULL, 0, NULL, NULL, NULL, '2022-05-18 01:48:01'),
(67, '110191209', 'YERI KUSNADI', '1', 'yerikusnadi888@gmail.com', NULL, '$2a$10$kQdT1DPvsC6WLFqc7gLOd.VNmc1bKPkhoL0.f97x13qzaaw3R8/VC', '2011-01-01', 'JT-0079', 'DV_0001', 'CG_0001', 'DP-0004', 'SDP-0009', 'LV-0009', NULL, 0, NULL, NULL, NULL, '2022-05-20 00:10:14'),
(68, '110891211', 'ADE HUMAENI', '1', 'leaderpacking40@gmail.com', NULL, '$2a$10$kQdT1DPvsC6WLFqc7gLOd.VNmc1bKPkhoL0.f97x13qzaaw3R8/VC', '2011-08-01', 'JT-0144', 'DV_0001', 'CG_0014', 'DP-0004', 'SDP-0010', 'LV-0005', NULL, 0, NULL, NULL, NULL, '2022-05-18 03:14:52'),
(69, '110891212', 'MARKUS', '1', 'markusmuji8179@gmail.com', NULL, '$2a$10$kQdT1DPvsC6WLFqc7gLOd.VNmc1bKPkhoL0.f97x13qzaaw3R8/VC', '2011-08-01', 'JT-0004', 'DV_0001', 'CG_0001', 'DP-0004', 'SDP-0009', 'LV-0009', NULL, 0, NULL, NULL, NULL, '2022-05-20 00:06:30'),
(70, '110900055', 'HERMANSYAH', '1', 'h3rm4n21@gmail.com', NULL, '$2a$10$kQdT1DPvsC6WLFqc7gLOd.VNmc1bKPkhoL0.f97x13qzaaw3R8/VC', '2011-09-12', 'JT-0053', NULL, NULL, 'DP-0002', NULL, NULL, NULL, 0, NULL, NULL, NULL, NULL),
(71, '111200086', 'SADHU PUTRI SUSANTI', '2', 'sadhuputri0405@gmail.com', NULL, '$2a$10$kQdT1DPvsC6WLFqc7gLOd.VNmc1bKPkhoL0.f97x13qzaaw3R8/VC', '2011-12-19', 'JT-0044', 'DV_0002', 'CG_0007', 'DP-0003', 'SDP-0031', 'LV-0004', NULL, 0, NULL, NULL, NULL, '2022-05-22 05:04:34'),
(72, '120192502', 'ADRI FIRMANSYAH', '2', 'adrifirmansyah16@gmail.com', NULL, '$2a$10$kQdT1DPvsC6WLFqc7gLOd.VNmc1bKPkhoL0.f97x13qzaaw3R8/VC', '2012-01-01', 'JT-0148', 'DV_0001', 'CG_0003', 'DP-0004', 'SDP-0010', 'LV-0005', NULL, 0, NULL, NULL, NULL, '2022-05-22 21:22:05'),
(73, '120192503', 'ARDISON', '1', 'ardison0984@gmail.com', NULL, '$2a$10$kQdT1DPvsC6WLFqc7gLOd.VNmc1bKPkhoL0.f97x13qzaaw3R8/VC', '2012-01-01', 'JT-0005', 'DV_0001', 'CG_0013', 'DP-0004', 'SDP-0009', 'LV-0009', NULL, 0, NULL, NULL, NULL, '2022-05-20 00:49:17'),
(74, '120192504', 'EKO ARIES SANTOSO', '1', 'arieseko98@gmail.com', NULL, '$2a$10$kQdT1DPvsC6WLFqc7gLOd.VNmc1bKPkhoL0.f97x13qzaaw3R8/VC', '2012-01-01', 'JT-0109', 'DV_0001', 'CG_0017', 'DP-0005', 'undefine', 'LV-0005', NULL, 0, NULL, NULL, NULL, '2022-05-20 02:11:16'),
(75, '120192505', 'JAJANG ABDUL ROHMAN', '1', 'zikrakhalida28@gmail.com', NULL, '$2a$10$kQdT1DPvsC6WLFqc7gLOd.VNmc1bKPkhoL0.f97x13qzaaw3R8/VC', '2012-01-01', 'JT-0031', 'DV_0001', 'CG_0012', 'DP-0004', 'undefine', 'LV-0009', NULL, 0, NULL, NULL, NULL, '2022-05-20 00:30:14'),
(76, '120192506', 'NURJANAH', '1', 'noerjhen@gmail.com', NULL, '$2a$10$kQdT1DPvsC6WLFqc7gLOd.VNmc1bKPkhoL0.f97x13qzaaw3R8/VC', '2012-01-01', 'JT-0152', 'DV_0001', 'CG_0015', 'DP-0004', 'SDP-0010', 'LV-0009', NULL, 0, NULL, NULL, NULL, '2022-05-18 02:01:54'),
(77, '120192507', 'SAEPUDIN', '1', 'saepudina631@gmail.com', NULL, '$2a$10$kQdT1DPvsC6WLFqc7gLOd.VNmc1bKPkhoL0.f97x13qzaaw3R8/VC', '2012-01-01', 'JT-0072', 'DV_0001', 'CG_0026', 'DP-0004', 'SDP-0010', 'LV-0009', NULL, 0, NULL, NULL, NULL, '2022-05-18 02:36:13'),
(78, '120192508', 'TARMAN SUTISNA', '1', 'tarman.sutisna84@gmail.com', NULL, '$2a$10$kQdT1DPvsC6WLFqc7gLOd.VNmc1bKPkhoL0.f97x13qzaaw3R8/VC', '2012-01-01', 'JT-0012', 'DV_0001', 'CG_0002', 'DP-0004', 'SDP-0010', 'LV-0009', NULL, 0, NULL, NULL, NULL, '2022-05-18 03:10:07'),
(79, '120192509', 'USEP YUSEPA', '1', 'usepyusepa66@gmail.com', NULL, '$2a$10$kQdT1DPvsC6WLFqc7gLOd.VNmc1bKPkhoL0.f97x13qzaaw3R8/VC', '2012-01-01', 'JT-0114', 'DV_0001', 'CG_0014', 'DP-0004', 'SDP-0010', 'LV-0009', NULL, 0, NULL, NULL, NULL, '2022-05-18 03:14:15'),
(80, '120192510', 'YAYAT HIDAYAT', '2', 'yayat2836@gmail.com', NULL, '$2a$10$kQdT1DPvsC6WLFqc7gLOd.VNmc1bKPkhoL0.f97x13qzaaw3R8/VC', '2012-01-01', 'JT-0024', 'DV_0001', 'CG_0026', 'DP-0004', 'SDP-0010', 'LV-0005', NULL, 0, NULL, NULL, NULL, '2022-05-22 21:32:05'),
(81, '120200010', 'AGUNG JOKO SUPRIHANTO', '1', 'agung.joko.tin42@gmail.com', NULL, '$2a$10$kQdT1DPvsC6WLFqc7gLOd.VNmc1bKPkhoL0.f97x13qzaaw3R8/VC', '2012-02-06', 'JT-0112', NULL, NULL, 'DP-0002', NULL, NULL, NULL, 0, NULL, NULL, NULL, NULL),
(82, '120292511', 'AHMAD SAHRONI', '1', 'assahroni78@gmail.com', NULL, '$2a$10$kQdT1DPvsC6WLFqc7gLOd.VNmc1bKPkhoL0.f97x13qzaaw3R8/VC', '2012-02-01', 'JT-0083', 'DV_0002', 'CG_0023', 'DP-0004', 'SDP-0008', 'LV-0005', NULL, 0, NULL, NULL, NULL, '2022-05-22 21:46:54'),
(83, '120292512', 'DENY SUPRAPTO', '1', 'dhenysoeprapto@gmail.com', NULL, '$2a$10$kQdT1DPvsC6WLFqc7gLOd.VNmc1bKPkhoL0.f97x13qzaaw3R8/VC', '2012-02-01', 'JT-0097', 'DV_0001', 'CG_0004', 'DP-0007', 'SDP-0020', 'LV-0005', NULL, 0, NULL, NULL, NULL, '2022-05-20 01:32:54'),
(84, '120292513', 'DIAN SANJAYA', '1', 'diansanjaya1984@gmail.com', NULL, '$2a$10$kQdT1DPvsC6WLFqc7gLOd.VNmc1bKPkhoL0.f97x13qzaaw3R8/VC', '2012-02-01', 'JT-0072', 'DV_0001', 'CG_0026', 'DP-0004', 'SDP-0010', 'LV-0005', NULL, 0, NULL, NULL, NULL, '2022-05-18 02:35:42'),
(85, '120292514', 'HERMAWAN', '1', 'hermawan2231@gmail.com', NULL, '$2a$10$kQdT1DPvsC6WLFqc7gLOd.VNmc1bKPkhoL0.f97x13qzaaw3R8/VC', '2012-02-01', 'JT-0013', 'DV_0001', 'CG_0001', 'DP-0004', 'SDP-0009', 'LV-0009', NULL, 0, NULL, NULL, NULL, '2022-05-19 23:43:14'),
(86, '120292515', 'RUDI SUGIARTO', '2', 'tabotie88@gmail.com', NULL, '$2a$10$kQdT1DPvsC6WLFqc7gLOd.VNmc1bKPkhoL0.f97x13qzaaw3R8/VC', '2012-02-01', 'JT-0052', 'DV_0002', 'CG_0027', 'DP-0002', 'SDP-0003', 'LV-0005', NULL, 0, NULL, NULL, NULL, '2022-05-22 21:30:13'),
(87, '120292516', 'YAYAT NURHIDAYAT', '1', 'ynurhidayat321@gmail.com', NULL, '$2a$10$kQdT1DPvsC6WLFqc7gLOd.VNmc1bKPkhoL0.f97x13qzaaw3R8/VC', '2012-02-01', 'JT-0036', 'DV_0001', 'CG_0001', 'DP-0004', 'SDP-0009', 'LV-0009', NULL, 0, NULL, NULL, NULL, '2022-05-20 00:09:22'),
(88, '120292517', 'YUANITA JOHAN', '2', 'yuanita.johan@gmail.com', NULL, '$2a$10$kQdT1DPvsC6WLFqc7gLOd.VNmc1bKPkhoL0.f97x13qzaaw3R8/VC', '2012-02-01', 'JT-0075', 'DV_0002', 'CG_0008', 'DP-0001', 'SDP-0001', 'LV-0004', NULL, 0, NULL, NULL, NULL, '2022-05-22 05:15:19'),
(89, '120292518', 'ZAINI ARDHIANSYAH', '1', 'zainiardhiansyah@gmail.com', NULL, '$2a$10$kQdT1DPvsC6WLFqc7gLOd.VNmc1bKPkhoL0.f97x13qzaaw3R8/VC', '2012-02-01', 'JT-0042', 'DV_0002', 'CG_0007', 'DP-0003', 'SDP-0031', 'LV-0005', NULL, 0, NULL, NULL, NULL, '2022-05-22 05:08:24'),
(90, '120500031', 'AKHMAD MAKHALI', '2', 'ommak82@gmail.com', NULL, '$2a$10$kQdT1DPvsC6WLFqc7gLOd.VNmc1bKPkhoL0.f97x13qzaaw3R8/VC', '2012-05-01', 'JT-0056', 'DV_0002', 'CG_0019', 'DP-0009', 'SDP-0032', 'LV-0004', NULL, 0, NULL, NULL, NULL, '2022-05-22 05:19:10'),
(91, '120692519', 'DINA MUSTIKA WENI', '1', 'dina.desu@gmail.com', NULL, '$2a$10$kQdT1DPvsC6WLFqc7gLOd.VNmc1bKPkhoL0.f97x13qzaaw3R8/VC', '2012-06-01', 'JT-0108', 'DV_0001', 'CG_0010', 'DP-0003', 'SDP-0029', 'LV-0005', NULL, 0, NULL, NULL, NULL, '2022-05-20 02:31:23'),
(92, '120692521', 'WEMPI NUR HIDAYAT', '1', 'wempinur@gmail.com', NULL, '$2a$10$kQdT1DPvsC6WLFqc7gLOd.VNmc1bKPkhoL0.f97x13qzaaw3R8/VC', '2012-06-11', 'JT-0133', 'DV_0001', 'CG_0018', 'DP-0006', 'SDP-0015', 'LV-0010', NULL, 0, NULL, NULL, NULL, '2022-05-22 04:42:09'),
(93, '120892522', 'KARYA SETIAWAN', '1', 'karyastiawan07@gmail.com', NULL, '$2a$10$kQdT1DPvsC6WLFqc7gLOd.VNmc1bKPkhoL0.f97x13qzaaw3R8/VC', '2012-08-01', 'JT-0015', 'DV_0001', 'CG_0012', 'DP-0004', 'SDP-0009', 'LV-0009', NULL, 0, NULL, NULL, NULL, '2022-05-20 00:28:07'),
(94, '120892523', 'MUKTI WIBOWO', '1', 'wibowomukti26@gmail.com', NULL, '$2a$10$kQdT1DPvsC6WLFqc7gLOd.VNmc1bKPkhoL0.f97x13qzaaw3R8/VC', '2012-08-01', 'JT-0121', NULL, NULL, 'DP-0006', NULL, NULL, NULL, 0, NULL, NULL, NULL, NULL),
(95, '120892524', 'VICKRY JANI HARIYANTO', '1', 'vickryjani@gmail.com', NULL, '$2a$10$kQdT1DPvsC6WLFqc7gLOd.VNmc1bKPkhoL0.f97x13qzaaw3R8/VC', '2012-08-01', 'JT-0032', 'DV_0001', 'CG_0017', 'DP-0005', 'SDP-0011', 'LV-0005', NULL, 0, NULL, NULL, NULL, '2022-05-20 02:19:24'),
(96, '120992525', 'ARDIKA FAUDIN', '1', 'ardika.f.89@gmail.com', NULL, '$2a$10$kQdT1DPvsC6WLFqc7gLOd.VNmc1bKPkhoL0.f97x13qzaaw3R8/VC', '2012-09-01', 'JT-0080', 'DV_0001', 'CG_0023', 'DP-0004', 'SDP-0010', 'LV-0009', NULL, 0, NULL, NULL, NULL, '2022-05-22 23:11:32'),
(97, '120992526', 'BAYU SEPTO PRASETYO', '1', 'bayusepto16@gmail.com', NULL, '$2a$10$kQdT1DPvsC6WLFqc7gLOd.VNmc1bKPkhoL0.f97x13qzaaw3R8/VC', '2012-09-01', 'JT-0137', 'DV_0001', 'CG_0024', 'DP-0006', 'SDP-0015', 'LV-0010', NULL, 0, NULL, NULL, NULL, '2022-05-22 04:58:17'),
(98, '121092527', 'BUDI MAULANA NUGRAHA', '1', 'budimaulananugraha@gmail.com', NULL, '$2a$10$kQdT1DPvsC6WLFqc7gLOd.VNmc1bKPkhoL0.f97x13qzaaw3R8/VC', '2012-10-01', 'JT-0066', 'DV_0001', 'CG_0017', 'DP-0005', 'SDP-0011', 'LV-0005', NULL, 0, NULL, NULL, NULL, '2022-05-20 01:45:44'),
(99, '121092528', 'DODI ISKANDAR', '1', 'reisyhafebkiranicuakep@gmail.com', NULL, '$2a$10$kQdT1DPvsC6WLFqc7gLOd.VNmc1bKPkhoL0.f97x13qzaaw3R8/VC', '2012-10-01', 'JT-0098', 'DV_0001', 'CG_0004', 'DP-0007', 'SDP-0020', 'LV-0005', NULL, 0, NULL, NULL, NULL, '2022-05-20 01:27:47'),
(100, '121092529', 'SUSANTO RONNI', '1', 'daffasusanto20@gmail.com', NULL, '$2a$10$kQdT1DPvsC6WLFqc7gLOd.VNmc1bKPkhoL0.f97x13qzaaw3R8/VC', '2012-10-01', 'JT-0003', 'DV_0001', 'CG_0001', 'DP-0004', 'SDP-0009', 'LV-0009', NULL, 0, NULL, NULL, NULL, '2022-05-20 00:06:57'),
(101, '121192530', 'DEDE KUSNANDAR', '1', 'dedekusnandarinsun@gmail.com', NULL, '$2a$10$kQdT1DPvsC6WLFqc7gLOd.VNmc1bKPkhoL0.f97x13qzaaw3R8/VC', '2012-11-01', 'JT-0103', 'DV_0001', 'CG_0015', 'DP-0004', 'SDP-0010', 'LV-0009', NULL, 0, NULL, NULL, NULL, '2022-05-18 02:08:32'),
(102, '121192531', 'GUMILAR INDRA FEBRIANSYAH', '1', 'gumilarif@gmail.com', NULL, '$2a$10$kQdT1DPvsC6WLFqc7gLOd.VNmc1bKPkhoL0.f97x13qzaaw3R8/VC', '2012-11-01', 'JT-0029', 'DV_0001', 'CG_0003', 'DP-0004', 'SDP-0010', 'LV-0005', NULL, 0, NULL, NULL, NULL, '2022-05-18 01:51:46'),
(103, '121192532', 'KARNAEN', '1', 'karnaen1976@gmail.com', NULL, '$2a$10$kQdT1DPvsC6WLFqc7gLOd.VNmc1bKPkhoL0.f97x13qzaaw3R8/VC', '2012-11-01', 'JT-0103', NULL, NULL, 'DP-0004', NULL, NULL, NULL, 0, NULL, NULL, NULL, NULL),
(104, '121192533', 'MUHAMMAD SHANDI SUMANTRI', '1', 'shand.milano@gmail.com', NULL, '$2a$10$kQdT1DPvsC6WLFqc7gLOd.VNmc1bKPkhoL0.f97x13qzaaw3R8/VC', '2012-11-01', 'JT-0103', 'DV_0001', 'CG_0014', 'DP-0004', 'SDP-0010', 'LV-0009', NULL, 0, NULL, NULL, NULL, '2022-05-18 03:21:00'),
(105, '121192534', 'ONDI NUGROHO', '1', 'ondix.lau@gmail.com', NULL, '$2a$10$kQdT1DPvsC6WLFqc7gLOd.VNmc1bKPkhoL0.f97x13qzaaw3R8/VC', '2012-11-01', 'JT-0098', 'DV_0001', 'CG_0004', 'DP-0007', 'SDP-0020', 'LV-0005', NULL, 0, NULL, NULL, NULL, '2022-05-20 01:29:57'),
(106, '121192535', 'RISNAWATI', '1', 'wrisna97@gmail.com', NULL, '$2a$10$kQdT1DPvsC6WLFqc7gLOd.VNmc1bKPkhoL0.f97x13qzaaw3R8/VC', '2012-11-01', 'JT-0115', 'DV_0001', 'CG_0015', 'DP-0004', 'SDP-0010', 'LV-0005', NULL, 0, NULL, NULL, NULL, '2022-05-18 01:58:03'),
(107, '121192536', 'RUDI RAHMAN', '1', 'rudirahman0879@gmail.com', NULL, '$2a$10$kQdT1DPvsC6WLFqc7gLOd.VNmc1bKPkhoL0.f97x13qzaaw3R8/VC', '2012-11-01', 'JT-0103', 'DV_0001', 'CG_0015', 'DP-0004', 'SDP-0010', 'LV-0009', NULL, 0, NULL, NULL, NULL, '2022-05-18 02:07:35'),
(108, '121192537', 'SUGIANTO', '1', 'zhie46@yahoo.co.id', NULL, '$2a$10$kQdT1DPvsC6WLFqc7gLOd.VNmc1bKPkhoL0.f97x13qzaaw3R8/VC', '2012-11-01', 'JT-0114', NULL, NULL, 'DP-0004', NULL, NULL, NULL, 0, NULL, NULL, NULL, NULL),
(109, '121192538', 'SULISWANTO', '1', 'suliswanto1503@gmail.com', NULL, '$2a$10$kQdT1DPvsC6WLFqc7gLOd.VNmc1bKPkhoL0.f97x13qzaaw3R8/VC', '2012-11-01', 'JT-0103', 'DV_0001', 'CG_0026', 'DP-0004', 'SDP-0010', 'LV-0009', NULL, 0, NULL, NULL, NULL, '2022-05-18 02:37:32'),
(110, '121192539', 'YUSUF SYAHRONI', '1', 'yusufsyahroni4787@gmail.com', NULL, '$2a$10$kQdT1DPvsC6WLFqc7gLOd.VNmc1bKPkhoL0.f97x13qzaaw3R8/VC', '2012-11-01', 'JT-0072', 'DV_0001', 'CG_0014', 'DP-0004', 'SDP-0010', 'LV-0009', NULL, 0, NULL, NULL, NULL, '2022-05-19 23:32:50'),
(111, '121192540', 'ZENAL MULYANA', '1', 'zenal.kenil83@gmail.com', NULL, '$2a$10$kQdT1DPvsC6WLFqc7gLOd.VNmc1bKPkhoL0.f97x13qzaaw3R8/VC', '2012-11-01', 'JT-0103', 'DV_0001', 'CG_0015', 'DP-0004', 'SDP-0010', 'LV-0009', NULL, 0, NULL, NULL, NULL, '2022-05-18 02:05:22'),
(112, '121192541', 'RIESTA SHASYA FAUZIAH', '1', 'riestashasya@ymail.com', NULL, '$2a$10$kQdT1DPvsC6WLFqc7gLOd.VNmc1bKPkhoL0.f97x13qzaaw3R8/VC', '2012-11-12', 'JT-0093', 'DV_0001', 'CG_0016', 'DP-0007', 'SDP-0019', 'LV-0009', NULL, 0, NULL, NULL, NULL, '2022-05-20 01:13:02'),
(113, '130100005', 'AMBAR KUSUMO NUGROHO', '1', 'aknugroho@yahoo.com', NULL, '$2a$10$kQdT1DPvsC6WLFqc7gLOd.VNmc1bKPkhoL0.f97x13qzaaw3R8/VC', '2013-01-08', 'JT-0082', NULL, NULL, 'DP-0004', NULL, NULL, NULL, 0, NULL, NULL, NULL, NULL),
(114, '130193003', 'ADE NANA SUMARNA', '1', 'andealova77@gmail.com', NULL, '$2a$10$kQdT1DPvsC6WLFqc7gLOd.VNmc1bKPkhoL0.f97x13qzaaw3R8/VC', '2013-01-01', 'JT-0005', 'DV_0001', 'CG_0013', 'DP-0004', 'SDP-0009', 'LV-0009', NULL, 0, NULL, NULL, NULL, '2022-05-20 00:48:28'),
(115, '130193004', 'AGUS AKBAR', '1', 'agus.akbar1986@gmail.com', NULL, '$2a$10$kQdT1DPvsC6WLFqc7gLOd.VNmc1bKPkhoL0.f97x13qzaaw3R8/VC', '2013-01-01', 'JT-0131', 'DV_0001', 'CG_0018', 'DP-0006', 'SDP-0015', 'LV-0010', NULL, 0, NULL, NULL, NULL, '2022-05-22 04:43:47'),
(116, '130193005', 'AGUS PRASETIYO', '1', 'prast.we@gmail.com', NULL, '$2a$10$kQdT1DPvsC6WLFqc7gLOd.VNmc1bKPkhoL0.f97x13qzaaw3R8/VC', '2013-01-01', 'JT-0145', 'DV_0001', 'CG_0005', 'DP-0005', 'SDP-0011', 'LV-0005', NULL, 0, NULL, NULL, NULL, '2022-05-22 03:27:33'),
(117, '130193006', 'APANDI', '1', 'apandialfathar34@gmail.com', NULL, '$2a$10$kQdT1DPvsC6WLFqc7gLOd.VNmc1bKPkhoL0.f97x13qzaaw3R8/VC', '2013-01-01', 'JT-0004', 'DV_0001', 'CG_0001', 'DP-0004', 'SDP-0009', 'LV-0009', NULL, 0, NULL, NULL, NULL, '2022-05-19 23:51:56'),
(118, '130193007', 'ASMI LASARI', '1', 'asmilasari23@gmail.com', NULL, '$2a$10$kQdT1DPvsC6WLFqc7gLOd.VNmc1bKPkhoL0.f97x13qzaaw3R8/VC', '2013-01-01', 'JT-0115', 'DV_0001', 'CG_0014', 'DP-0004', 'SDP-0010', 'LV-0009', NULL, 0, NULL, NULL, NULL, '2022-05-18 03:17:16'),
(119, '130193008', 'DANI PURWANEGARA', '1', 'danipurwanegara7@gmail.com', NULL, '$2a$10$kQdT1DPvsC6WLFqc7gLOd.VNmc1bKPkhoL0.f97x13qzaaw3R8/VC', '2013-01-01', 'JT-0128', 'DV_0001', 'CG_0025', 'DP-0006', 'SDP-0016', 'LV-0005', NULL, 0, NULL, NULL, NULL, '2022-05-22 04:34:22'),
(120, '130193009', 'DEDEN SETIA JAYA SOMANTRI', '1', 'dedensetiajaya09747@gmail.com', NULL, '$2a$10$kQdT1DPvsC6WLFqc7gLOd.VNmc1bKPkhoL0.f97x13qzaaw3R8/VC', '2013-01-01', 'JT-0031', 'DV_0001', 'CG_0012', 'DP-0004', 'SDP-0009', 'LV-0009', NULL, 0, NULL, NULL, NULL, '2022-05-20 00:31:31'),
(121, '130193010', 'DEVI SAFITRI SUNDARI', '1', 'devisafitri798@gmail.com', NULL, '$2a$10$kQdT1DPvsC6WLFqc7gLOd.VNmc1bKPkhoL0.f97x13qzaaw3R8/VC', '2013-01-01', 'JT-0115', 'DV_0001', 'CG_0015', 'DP-0004', 'SDP-0010', 'LV-0009', NULL, 0, NULL, NULL, NULL, '2022-05-18 02:01:07'),
(122, '130193011', 'DIDI SUPRIADI', '1', 'didi_supriadi@live.com', NULL, '$2a$10$kQdT1DPvsC6WLFqc7gLOd.VNmc1bKPkhoL0.f97x13qzaaw3R8/VC', '2013-01-01', 'JT-0007', 'DV_0001', 'CG_0013', 'DP-0004', 'SDP-0010', 'LV-0009', NULL, 0, NULL, NULL, NULL, '2022-05-20 00:51:40'),
(123, '130193012', 'DWIKI ARIA DARMAWAN', '1', 'wickyarya17@gmail.com', NULL, '$2a$10$kQdT1DPvsC6WLFqc7gLOd.VNmc1bKPkhoL0.f97x13qzaaw3R8/VC', '2013-01-01', 'JT-0103', 'DV_0001', 'CG_0026', 'DP-0004', 'SDP-0010', 'LV-0009', NULL, 0, NULL, NULL, NULL, '2022-05-18 02:36:56'),
(124, '130193013', 'ERFAN KIMA BAHTERA', '1', 'bahteraerfan87@gmail.com', NULL, '$2a$10$kQdT1DPvsC6WLFqc7gLOd.VNmc1bKPkhoL0.f97x13qzaaw3R8/VC', '2013-01-01', 'JT-0120', 'DV_0001', 'CG_0005', 'DP-0005', 'SDP-0011', 'LV-0009', NULL, 0, NULL, NULL, NULL, '2022-05-20 02:37:12'),
(125, '130193014', 'ERIS MOCHAMAD FIRDAUS', '1', 'erisfirdaus@yahoo.co.id', NULL, '$2a$10$kQdT1DPvsC6WLFqc7gLOd.VNmc1bKPkhoL0.f97x13qzaaw3R8/VC', '2013-01-01', 'JT-0097', 'DV_0001', 'CG_0004', 'DP-0007', 'SDP-0020', 'LV-0005', NULL, 0, NULL, NULL, NULL, '2022-05-20 01:33:14'),
(126, '130193015', 'FARIZ FAUZI PRATAMA', '1', 'farizfauzipratama@gmail.com', NULL, '$2a$10$kQdT1DPvsC6WLFqc7gLOd.VNmc1bKPkhoL0.f97x13qzaaw3R8/VC', '2013-01-01', 'JT-0095', 'DV_0001', 'CG_0016', 'DP-0007', 'SDP-0019', 'LV-0005', NULL, 0, NULL, NULL, NULL, '2022-05-20 00:56:16'),
(127, '130193016', 'FEBRIANGGONO DANNY SETIYADI', '1', 'dannyarieanti@gmail.com', NULL, '$2a$10$kQdT1DPvsC6WLFqc7gLOd.VNmc1bKPkhoL0.f97x13qzaaw3R8/VC', '2013-01-01', 'JT-0103', 'DV_0001', 'CG_0015', 'DP-0004', 'SDP-0010', 'LV-0009', NULL, 0, NULL, NULL, NULL, '2022-05-18 02:06:02'),
(128, '130193017', 'HADI', '1', 'hadi180286@gmail.com', NULL, '$2a$10$kQdT1DPvsC6WLFqc7gLOd.VNmc1bKPkhoL0.f97x13qzaaw3R8/VC', '2013-01-01', 'JT-0125', 'DV_0001', 'CG_0006', 'DP-0006', 'SDP-0017', 'LV-0010', NULL, 0, NULL, NULL, NULL, '2022-05-22 03:36:42'),
(129, '130193018', 'HERU AHMAD SAPRUDIN', '1', 'ureh.rafael46@gmail.com', NULL, '$2a$10$kQdT1DPvsC6WLFqc7gLOd.VNmc1bKPkhoL0.f97x13qzaaw3R8/VC', '2013-01-01', 'JT-0103', 'DV_0001', 'CG_0014', 'DP-0004', 'SDP-0010', 'LV-0009', NULL, 0, NULL, NULL, NULL, '2022-05-18 03:25:18'),
(130, '130193019', 'JAKARIA (CK)', '1', 'zakariyahck@gmail.com', NULL, '$2a$10$kQdT1DPvsC6WLFqc7gLOd.VNmc1bKPkhoL0.f97x13qzaaw3R8/VC', '2013-01-01', 'JT-0079', 'DV_0001', 'CG_0001', 'DP-0004', 'SDP-0009', 'LV-0009', NULL, 0, NULL, NULL, NULL, '2022-05-20 00:11:13'),
(131, '130193020', 'KANDA', '1', 'kandadoank69@gmail.com', NULL, '$2a$10$kQdT1DPvsC6WLFqc7gLOd.VNmc1bKPkhoL0.f97x13qzaaw3R8/VC', '2013-01-01', 'JT-0124', 'DV_0001', 'CG_0006', 'DP-0006', 'SDP-0017', 'LV-0005', NULL, 0, NULL, NULL, NULL, '2022-05-22 04:28:15'),
(132, '130193021', 'KUSNADI', '1', 'koesdoank77@gmail.com', NULL, '$2a$10$kQdT1DPvsC6WLFqc7gLOd.VNmc1bKPkhoL0.f97x13qzaaw3R8/VC', '2013-01-01', 'JT-0131', 'DV_0001', 'CG_0018', 'DP-0006', 'SDP-0015', 'LV-0010', NULL, 0, NULL, NULL, NULL, '2022-05-22 04:41:33'),
(133, '130193022', 'MADA', '1', 'madamoza39@gmail.com', NULL, '$2a$10$kQdT1DPvsC6WLFqc7gLOd.VNmc1bKPkhoL0.f97x13qzaaw3R8/VC', '2013-01-01', 'JT-0103', 'DV_0001', 'CG_0026', 'DP-0004', 'SDP-0010', 'LV-0009', NULL, 0, NULL, NULL, NULL, '2022-05-18 02:38:08'),
(134, '130193023', 'MUHAMAD SYAIFUL ANWAR', '1', 'evfuel@gmail.com', NULL, '$2a$10$kQdT1DPvsC6WLFqc7gLOd.VNmc1bKPkhoL0.f97x13qzaaw3R8/VC', '2013-01-01', 'JT-0031', 'DV_0001', 'CG_0012', 'DP-0004', 'SDP-0009', 'LV-0009', NULL, 0, NULL, NULL, NULL, '2022-05-20 00:32:41'),
(135, '130193024', 'NUR FAJRI', '1', 'nurf99732@gmail.com', NULL, '$2a$10$kQdT1DPvsC6WLFqc7gLOd.VNmc1bKPkhoL0.f97x13qzaaw3R8/VC', '2013-01-01', 'JT-0004', 'DV_0001', 'CG_0001', 'DP-0004', 'SDP-0009', 'LV-0009', NULL, 0, NULL, NULL, NULL, '2022-05-20 00:07:33'),
(136, '130193025', 'PRIYANTO', '1', 'priyanto2687@gmail.com', NULL, '$2a$10$kQdT1DPvsC6WLFqc7gLOd.VNmc1bKPkhoL0.f97x13qzaaw3R8/VC', '2013-01-01', 'JT-0120', 'DV_0001', 'CG_0005', 'DP-0005', 'SDP-0011', 'LV-0005', NULL, 0, NULL, NULL, NULL, '2022-05-20 02:38:23'),
(137, '130193026', 'RIDWAN', '1', 'kiansantang934@gmail.com', NULL, '$2a$10$kQdT1DPvsC6WLFqc7gLOd.VNmc1bKPkhoL0.f97x13qzaaw3R8/VC', '2013-01-01', 'JT-0017', 'DV_0001', 'CG_0001', 'DP-0004', 'SDP-0009', 'LV-0009', NULL, 0, NULL, NULL, NULL, '2022-05-18 03:29:44'),
(138, '130193027', 'RUDI SETIAWAN', '1', 'rudisuhu3@gmail.com', NULL, '$2a$10$kQdT1DPvsC6WLFqc7gLOd.VNmc1bKPkhoL0.f97x13qzaaw3R8/VC', '2013-01-01', 'JT-0115', 'DV_0001', 'CG_0003', 'DP-0004', 'SDP-0010', 'LV-0005', NULL, 0, NULL, NULL, NULL, '2022-05-18 01:49:40'),
(139, '130193028', 'SAMSIANTO', '1', 'antohukl@gmail.com', NULL, '$2a$10$kQdT1DPvsC6WLFqc7gLOd.VNmc1bKPkhoL0.f97x13qzaaw3R8/VC', '2013-01-01', 'JT-0120', 'DV_0001', 'CG_0005', 'DP-0005', 'SDP-0011', 'LV-0005', NULL, 0, NULL, NULL, NULL, '2022-05-20 02:37:50'),
(140, '130193029', 'SHANDY ASMARA', '1', 'asmarashandy@ymail.com', NULL, '$2a$10$kQdT1DPvsC6WLFqc7gLOd.VNmc1bKPkhoL0.f97x13qzaaw3R8/VC', '2013-01-01', 'JT-0005', 'DV_0001', 'CG_0013', 'DP-0004', 'SDP-0009', 'LV-0009', NULL, 0, NULL, NULL, NULL, '2022-05-20 00:49:53'),
(141, '130193030', 'SUDARWANTO', '1', 'sudarwantobapakebilqis@gmail.com', NULL, '$2a$10$kQdT1DPvsC6WLFqc7gLOd.VNmc1bKPkhoL0.f97x13qzaaw3R8/VC', '2013-01-01', 'JT-0139', 'DV_0001', 'CG_0002', 'DP-0004', 'SDP-0010', 'LV-0009', NULL, 0, NULL, NULL, NULL, '2022-05-18 03:04:31'),
(142, '130193031', 'SUHERI', '1', 'suheri89.sh@gmail.com', NULL, '$2a$10$kQdT1DPvsC6WLFqc7gLOd.VNmc1bKPkhoL0.f97x13qzaaw3R8/VC', '2013-01-01', 'JT-0137', 'DV_0001', 'CG_0024', 'DP-0006', 'SDP-0015', 'LV-0010', NULL, 0, NULL, NULL, NULL, '2022-05-22 04:54:07'),
(143, '130193033', 'SYAHRUL HIDAYAT', '1', 'syahrulhidayat92@gmail.com', NULL, '$2a$10$kQdT1DPvsC6WLFqc7gLOd.VNmc1bKPkhoL0.f97x13qzaaw3R8/VC', '2013-01-01', 'JT-0011', 'DV_0001', 'CG_0002', 'DP-0004', 'SDP-0010', 'LV-0009', NULL, 0, NULL, NULL, NULL, '2022-05-18 03:07:25'),
(144, '130193034', 'WARDI SAEPUDIN', '1', 'wardisaepudin007@gmail.com', NULL, '$2a$10$kQdT1DPvsC6WLFqc7gLOd.VNmc1bKPkhoL0.f97x13qzaaw3R8/VC', '2013-01-01', 'JT-0120', 'DV_0001', 'CG_0005', 'DP-0005', 'SDP-0011', 'LV-0005', NULL, 0, NULL, NULL, NULL, '2022-05-22 03:26:27'),
(145, '130393035', 'BOBBY FAHMI FARHANUDIN', '1', 'farhan.bobbyfahmi@gmail.com', NULL, '$2a$10$kQdT1DPvsC6WLFqc7gLOd.VNmc1bKPkhoL0.f97x13qzaaw3R8/VC', '2013-03-01', 'JT-0093', 'DV_0001', 'CG_0016', 'DP-0007', 'SDP-0019', 'LV-0009', NULL, 0, NULL, NULL, NULL, '2022-05-20 01:16:18'),
(146, '130793036', 'ADNAN SAMSULEH', '1', 'adnan.holic@gmail.com', NULL, '$2a$10$kQdT1DPvsC6WLFqc7gLOd.VNmc1bKPkhoL0.f97x13qzaaw3R8/VC', '2013-07-01', 'JT-0110', NULL, NULL, 'DP-0002', NULL, NULL, NULL, 0, NULL, NULL, NULL, NULL),
(147, '130793037', 'AEP SAEPUDIN', '1', 'aep198509@gmail.com', NULL, '$2a$10$kQdT1DPvsC6WLFqc7gLOd.VNmc1bKPkhoL0.f97x13qzaaw3R8/VC', '2013-07-01', 'JT-0007', 'DV_0001', 'CG_0013', 'DP-0004', 'SDP-0009', 'LV-0009', NULL, 0, NULL, NULL, NULL, '2022-05-20 00:51:11'),
(148, '130793038', 'AJAT JAPAR', '1', 'jattz87lfr@gmail.com', NULL, '$2a$10$kQdT1DPvsC6WLFqc7gLOd.VNmc1bKPkhoL0.f97x13qzaaw3R8/VC', '2013-07-01', 'JT-0105', 'DV_0001', 'CG_0026', 'DP-0004', 'undefine', 'LV-0009', NULL, 0, NULL, NULL, NULL, '2022-05-18 02:43:54'),
(149, '130793039', 'ALI ROHMAN', '1', 'alirohman5728@gmail.com', NULL, '$2a$10$kQdT1DPvsC6WLFqc7gLOd.VNmc1bKPkhoL0.f97x13qzaaw3R8/VC', '2013-07-01', 'JT-0137', 'DV_0001', 'CG_0024', 'DP-0006', 'SDP-0015', 'LV-0010', NULL, 0, NULL, NULL, NULL, '2022-05-22 04:55:21'),
(150, '130793040', 'AMRIH PANUNTUN', '1', 'amrihpanuntun@gmail.com', NULL, '$2a$10$kQdT1DPvsC6WLFqc7gLOd.VNmc1bKPkhoL0.f97x13qzaaw3R8/VC', '2013-07-01', 'JT-0103', NULL, NULL, 'DP-0004', NULL, NULL, NULL, 0, NULL, NULL, NULL, NULL),
(151, '130793041', 'ANDI KUSUMA', '3', 'kandi5625@gmail.com', NULL, '$2a$10$kQdT1DPvsC6WLFqc7gLOd.VNmc1bKPkhoL0.f97x13qzaaw3R8/VC', '2013-07-01', 'JT-0008', 'DV_0001', 'CG_0003', 'DP-0004', 'SDP-0010', 'LV-0005', NULL, 0, NULL, NULL, NULL, '2022-05-18 01:50:19'),
(152, '130793042', 'ANGGA CHRISTIAN YONATHAN', '1', 'angga.christian08@gmail.com', NULL, '$2a$10$kQdT1DPvsC6WLFqc7gLOd.VNmc1bKPkhoL0.f97x13qzaaw3R8/VC', '2013-07-01', 'JT-0128', 'DV_0001', 'CG_0025', 'DP-0006', 'SDP-0016', 'LV-0005', NULL, 0, NULL, NULL, NULL, '2022-05-22 04:35:39'),
(153, '130793043', 'ASEP ROBAN', '1', 'roben765@gmail.com', NULL, '$2a$10$kQdT1DPvsC6WLFqc7gLOd.VNmc1bKPkhoL0.f97x13qzaaw3R8/VC', '2013-07-01', 'JT-0120', 'DV_0001', 'CG_0005', 'DP-0005', 'SDP-0011', 'LV-0005', NULL, 0, NULL, NULL, NULL, '2022-05-22 03:25:25'),
(154, '130793044', 'DAIKIN PURNA YUDHA', '1', 'daikinvina21@gmail.com', NULL, '$2a$10$kQdT1DPvsC6WLFqc7gLOd.VNmc1bKPkhoL0.f97x13qzaaw3R8/VC', '2013-07-01', 'JT-0029', NULL, NULL, 'DP-0004', NULL, NULL, NULL, 0, NULL, NULL, NULL, NULL),
(155, '130793045', 'DARMA ARDHI', '1', 'darmaardhi69@gmail.com', NULL, '$2a$10$kQdT1DPvsC6WLFqc7gLOd.VNmc1bKPkhoL0.f97x13qzaaw3R8/VC', '2013-07-01', 'JT-0105', 'DV_0001', 'CG_0026', 'DP-0004', 'SDP-0010', 'LV-0009', NULL, 0, NULL, NULL, NULL, '2022-05-18 02:39:01'),
(156, '130793046', 'DIDIK PURWANTO', '1', 'didikpurwantojowo81@gmail.com', NULL, '$2a$10$kQdT1DPvsC6WLFqc7gLOd.VNmc1bKPkhoL0.f97x13qzaaw3R8/VC', '2013-07-01', 'JT-0027', 'DV_0001', 'CG_0003', 'DP-0004', 'SDP-0010', 'LV-0005', NULL, 0, NULL, NULL, NULL, '2022-05-18 01:52:22'),
(157, '130793047', 'HERI KURNIAWAN', '1', 'kurniawanheri449@gmail.com', NULL, '$2a$10$kQdT1DPvsC6WLFqc7gLOd.VNmc1bKPkhoL0.f97x13qzaaw3R8/VC', '2013-07-01', 'JT-0103', 'DV_0001', 'CG_0014', 'DP-0004', 'SDP-0010', 'LV-0009', NULL, 0, NULL, NULL, NULL, '2022-05-18 03:19:50'),
(158, '130793048', 'HERIYANA', '1', 'boyzheriyana@gmail.com', NULL, '$2a$10$kQdT1DPvsC6WLFqc7gLOd.VNmc1bKPkhoL0.f97x13qzaaw3R8/VC', '2013-07-01', 'JT-0098', 'DV_0001', 'CG_0004', 'DP-0007', 'SDP-0020', 'LV-0005', NULL, 0, NULL, NULL, NULL, '2022-05-20 01:30:32'),
(159, '130793049', 'IKMAL MAULANA', '1', 'ikmalmaulana708@gmail.com', NULL, '$2a$10$kQdT1DPvsC6WLFqc7gLOd.VNmc1bKPkhoL0.f97x13qzaaw3R8/VC', '2013-07-01', 'JT-0120', 'DV_0001', 'CG_0005', 'DP-0005', 'SDP-0011', 'LV-0009', NULL, 0, NULL, NULL, NULL, '2022-05-22 03:28:39'),
(160, '130793050', 'IRFAN HIMAWAN', '1', 'himawanirfan@gmail.com', NULL, '$2a$10$kQdT1DPvsC6WLFqc7gLOd.VNmc1bKPkhoL0.f97x13qzaaw3R8/VC', '2013-07-01', 'JT-0093', 'DV_0001', 'CG_0016', 'DP-0007', 'SDP-0019', 'LV-0009', NULL, 0, NULL, NULL, NULL, '2022-05-20 01:14:50'),
(161, '130793051', 'JOHAN KERTIONO', '1', 'johanbismillah99@gmail.com', NULL, '$2a$10$kQdT1DPvsC6WLFqc7gLOd.VNmc1bKPkhoL0.f97x13qzaaw3R8/VC', '2013-07-01', 'JT-0012', 'DV_0001', 'CG_0002', 'DP-0004', 'SDP-0010', 'LV-0009', NULL, 0, NULL, NULL, NULL, '2022-05-18 03:05:48'),
(162, '130793052', 'MOHAMMAD DWI ADHITYA', '1', 'dwiadityamail@gmail.com', NULL, '$2a$10$kQdT1DPvsC6WLFqc7gLOd.VNmc1bKPkhoL0.f97x13qzaaw3R8/VC', '2013-07-01', 'JT-0125', 'DV_0001', 'CG_0018', 'DP-0006', 'SDP-0015', 'LV-0010', NULL, 0, NULL, NULL, NULL, '2022-05-22 04:43:13'),
(163, '130793053', 'SAMROJI', '1', 'samroji118@gmail.com', NULL, '$2a$10$kQdT1DPvsC6WLFqc7gLOd.VNmc1bKPkhoL0.f97x13qzaaw3R8/VC', '2013-07-01', 'JT-0015', 'DV_0001', 'CG_0012', 'DP-0004', 'SDP-0009', 'LV-0009', NULL, 0, NULL, NULL, NULL, '2022-05-20 00:27:24'),
(164, '130793055', 'JUJUN SIROJUDIN', '1', 'jujunsirojudin1502@gmail.com', NULL, '$2a$10$kQdT1DPvsC6WLFqc7gLOd.VNmc1bKPkhoL0.f97x13qzaaw3R8/VC', '2013-07-16', 'JT-0003', 'DV_0001', 'CG_0001', 'DP-0004', 'SDP-0009', 'LV-0009', NULL, 0, NULL, NULL, NULL, '2022-05-20 00:05:55'),
(165, '130793056', 'NOVAN TRIANTO', '2', 'vanstryan@gmail.com', NULL, '$2a$10$kQdT1DPvsC6WLFqc7gLOd.VNmc1bKPkhoL0.f97x13qzaaw3R8/VC', '2013-07-16', 'JT-0055', 'DV_0002', 'CG_0019', 'DP-0009', 'SDP-0032', 'LV-0005', NULL, 0, NULL, NULL, NULL, '2022-05-22 21:29:32'),
(166, '130793058', 'SANNI SUTIADI', '1', 'sannisutiadi@gmail.com', NULL, '$2a$10$kQdT1DPvsC6WLFqc7gLOd.VNmc1bKPkhoL0.f97x13qzaaw3R8/VC', '2013-07-16', 'JT-0114', 'DV_0001', 'CG_0015', 'DP-0004', 'SDP-0010', 'LV-0009', NULL, 0, NULL, NULL, NULL, '2022-05-18 02:03:50'),
(167, '130900125', 'INSANI GUSTRIANJAR MUHAROM', '1', 'insanianjar@gmail.com', NULL, '$2a$10$kQdT1DPvsC6WLFqc7gLOd.VNmc1bKPkhoL0.f97x13qzaaw3R8/VC', '2013-09-09', 'JT-0157', 'DV_0001', 'CG_0017', 'DP-0005', 'SDP-0011', 'LV-0005', NULL, 0, NULL, NULL, NULL, '2022-05-20 02:12:55'),
(168, '130900126', 'KASTOLANI', '2', 'kastolanikmi86@gmail.com', NULL, '$2a$10$kQdT1DPvsC6WLFqc7gLOd.VNmc1bKPkhoL0.f97x13qzaaw3R8/VC', '2013-09-09', 'JT-0077', 'DV_0001', 'CG_0017', 'DP-0005', 'SDP-0013', 'LV-0005', NULL, 0, NULL, NULL, NULL, '2022-05-22 21:25:44'),
(169, '140192908', 'JEPRI HAERUDIN', '2', 'haerudin24@gmail.com', NULL, '$2a$10$kQdT1DPvsC6WLFqc7gLOd.VNmc1bKPkhoL0.f97x13qzaaw3R8/VC', '2014-01-01', 'JT-0074', 'DV_0002', 'CG_0008', 'DP-0001', 'SDP-0001', 'LV-0005', NULL, 0, NULL, NULL, NULL, '2022-05-22 21:30:29'),
(170, '140292909', 'TRI AGUSTIARTY WARDHANY', '1', 'triagustiarty@gmail.com', NULL, '$2a$10$kQdT1DPvsC6WLFqc7gLOd.VNmc1bKPkhoL0.f97x13qzaaw3R8/VC', '2014-02-01', 'JT-0093', 'DV_0001', 'CG_0016', 'DP-0007', 'SDP-0019', 'LV-0009', NULL, 0, NULL, NULL, NULL, '2022-05-20 01:13:34'),
(171, '140700131', 'PUTRI PUSPITA SARI', '1', 'putripuspitasari55@gmail.com', NULL, '$2a$10$kQdT1DPvsC6WLFqc7gLOd.VNmc1bKPkhoL0.f97x13qzaaw3R8/VC', '2014-07-07', 'JT-0043', 'DV_0001', 'CG_0007', 'DP-0003', 'SDP-0031', 'LV-0005', NULL, 0, NULL, NULL, NULL, '2022-05-22 05:06:25'),
(172, '140792910', 'AGUS NUGROHO', '1', 'nugrohofaiz14@gmail.com', NULL, '$2a$10$kQdT1DPvsC6WLFqc7gLOd.VNmc1bKPkhoL0.f97x13qzaaw3R8/VC', '2014-07-01', 'JT-0012', 'DV_0001', 'CG_0002', 'DP-0004', 'SDP-0010', 'LV-0009', NULL, 0, NULL, NULL, NULL, '2022-05-18 03:09:36'),
(173, '140792911', 'ARIYANTO', '1', 'ariyanto88974@gmail.com', NULL, '$2a$10$kQdT1DPvsC6WLFqc7gLOd.VNmc1bKPkhoL0.f97x13qzaaw3R8/VC', '2014-07-01', 'JT-0011', 'DV_0001', 'CG_0002', 'DP-0004', 'SDP-0010', 'LV-0009', NULL, 0, NULL, NULL, NULL, '2022-05-18 03:08:58'),
(174, '140792913', 'BAHRUDIN', '1', 'abahudin83@gmail.com', NULL, '$2a$10$kQdT1DPvsC6WLFqc7gLOd.VNmc1bKPkhoL0.f97x13qzaaw3R8/VC', '2014-07-01', 'JT-0145', 'DV_0001', 'CG_0005', 'DP-0005', 'SDP-0011', 'LV-0005', NULL, 0, NULL, NULL, NULL, '2022-05-22 03:25:56'),
(175, '140792914', 'BENI SETIYAWAN', '1', 'benn.john.bj@gmail.com', NULL, '$2a$10$kQdT1DPvsC6WLFqc7gLOd.VNmc1bKPkhoL0.f97x13qzaaw3R8/VC', '2014-07-01', 'JT-0105', 'DV_0001', 'CG_0026', 'DP-0004', 'SDP-0010', 'LV-0009', NULL, 0, NULL, NULL, NULL, '2022-05-18 02:39:29'),
(176, '140792915', 'CECEP SUPRIADI', '1', 'mibnu298@gmail.com', NULL, '$2a$10$kQdT1DPvsC6WLFqc7gLOd.VNmc1bKPkhoL0.f97x13qzaaw3R8/VC', '2014-07-01', 'JT-0029', 'DV_0001', 'CG_0026', 'DP-0004', 'SDP-0010', 'LV-0009', NULL, 0, NULL, NULL, NULL, '2022-05-18 02:17:59'),
(177, '140792916', 'IRPAN HIDAYAT PAMIL', '1', 'irpanhidayatpamil.ip@gmail.com', NULL, '$2a$10$kQdT1DPvsC6WLFqc7gLOd.VNmc1bKPkhoL0.f97x13qzaaw3R8/VC', '2014-07-01', 'JT-0154', 'DV_0002', 'CG_0019', 'DP-0009', 'SDP-0025', 'LV-0005', NULL, 0, NULL, NULL, NULL, '2022-05-22 05:26:14'),
(178, '140792918', 'MOKHAMAD MUSLIH', '1', 'musliehneutron53@gmail.com', NULL, '$2a$10$kQdT1DPvsC6WLFqc7gLOd.VNmc1bKPkhoL0.f97x13qzaaw3R8/VC', '2014-07-01', 'JT-0105', 'DV_0001', 'CG_0015', 'DP-0004', 'SDP-0010', 'LV-0009', NULL, 0, NULL, NULL, NULL, '2022-05-18 02:09:53'),
(179, '140792919', 'R HAERUL SEJATI', '1', 'haerulsintauna@gmail.com', NULL, '$2a$10$kQdT1DPvsC6WLFqc7gLOd.VNmc1bKPkhoL0.f97x13qzaaw3R8/VC', '2014-07-01', 'JT-0095', 'DV_0001', 'CG_0016', 'DP-0007', 'SDP-0019', 'LV-0005', NULL, 0, NULL, NULL, NULL, '2022-05-20 00:54:52'),
(180, '140792920', 'TAUFIK FARIDZAL', '1', 'faridzal83@gmail.com', NULL, '$2a$10$kQdT1DPvsC6WLFqc7gLOd.VNmc1bKPkhoL0.f97x13qzaaw3R8/VC', '2014-07-01', 'JT-0039', 'DV_0001', 'CG_0012', 'DP-0004', 'SDP-0009', 'LV-0009', NULL, 0, NULL, NULL, NULL, '2022-05-20 00:29:05'),
(181, '140792921', 'ZAENUDDIN', '1', 'zaenuddintan@gmail.com', NULL, '$2a$10$kQdT1DPvsC6WLFqc7gLOd.VNmc1bKPkhoL0.f97x13qzaaw3R8/VC', '2014-07-01', 'JT-0105', 'DV_0001', 'CG_0014', 'DP-0004', 'SDP-0010', 'LV-0009', NULL, 0, NULL, NULL, NULL, '2022-05-18 03:21:45'),
(182, '141092923', 'FITRIYANI', '1', 'hi.fitriyani@gmail.com', NULL, '$2a$10$kQdT1DPvsC6WLFqc7gLOd.VNmc1bKPkhoL0.f97x13qzaaw3R8/VC', '2014-10-01', 'JT-0162', 'DV_0002', 'CG_0010', 'DP-0003', 'SDP-0029', 'LV-0005', NULL, 0, NULL, NULL, NULL, '2022-05-22 05:02:37'),
(183, '141092924', 'PANDU WIJAYADI', '1', 'telurpanda@gmail.com', NULL, '$2a$10$kQdT1DPvsC6WLFqc7gLOd.VNmc1bKPkhoL0.f97x13qzaaw3R8/VC', '2014-10-01', 'JT-0065', 'DV_0001', 'CG_0017', 'DP-0005', 'SDP-0011', 'LV-0005', NULL, 0, NULL, NULL, NULL, '2022-05-20 02:17:56'),
(184, '150191702', 'MOEHAMMAD FADJAR FADHILAH', '1', 'fadjar.crotcrew@gmail.com', NULL, '$2a$10$kQdT1DPvsC6WLFqc7gLOd.VNmc1bKPkhoL0.f97x13qzaaw3R8/VC', '2015-01-01', 'JT-0032', 'DV_0001', 'CG_0017', 'DP-0005', 'SDP-0011', 'LV-0005', NULL, 0, NULL, NULL, NULL, '2022-05-20 02:13:57'),
(185, '150291703', 'ALI NURDIN', '1', 'ali.nurdin.hidayat@gmail.com', NULL, '$2a$10$kQdT1DPvsC6WLFqc7gLOd.VNmc1bKPkhoL0.f97x13qzaaw3R8/VC', '2015-02-16', 'JT-0137', 'DV_0001', 'CG_0024', 'DP-0006', 'SDP-0015', 'LV-0010', NULL, 0, NULL, NULL, NULL, '2022-05-22 04:53:22'),
(186, '150291704', 'BAGUS SANTOSO', '1', 'santosobagus809@gmail.com', NULL, '$2a$10$kQdT1DPvsC6WLFqc7gLOd.VNmc1bKPkhoL0.f97x13qzaaw3R8/VC', '2015-02-16', 'JT-0128', 'DV_0001', 'CG_0025', 'DP-0006', 'SDP-0016', 'LV-0005', NULL, 0, NULL, NULL, NULL, '2022-05-22 04:35:00'),
(187, '150291705', 'HERI HENDRIANA', '1', 'herry.hendriana@gmail.com', NULL, '$2a$10$kQdT1DPvsC6WLFqc7gLOd.VNmc1bKPkhoL0.f97x13qzaaw3R8/VC', '2015-02-16', 'JT-0124', 'DV_0001', 'CG_0006', 'DP-0006', 'SDP-0014', 'LV-0005', NULL, 0, NULL, NULL, NULL, '2022-05-22 04:27:32'),
(188, '150491706', 'SUMARNA', '1', 'sumarna926@gmail.com', NULL, '$2a$10$kQdT1DPvsC6WLFqc7gLOd.VNmc1bKPkhoL0.f97x13qzaaw3R8/VC', '2015-04-01', 'JT-0073', 'DV_0002', 'CG_0008', 'DP-0001', 'SDP-0001', 'LV-0009', NULL, 0, NULL, NULL, NULL, '2022-05-22 05:16:55'),
(189, '150600127', 'YOPPY SUKMANDAR', '1', 'sukmandar.yoppy@gmail.com', NULL, '$2a$10$kQdT1DPvsC6WLFqc7gLOd.VNmc1bKPkhoL0.f97x13qzaaw3R8/VC', '2015-06-01', 'JT-0035', NULL, NULL, 'DP-0005', NULL, NULL, NULL, 0, NULL, NULL, NULL, NULL);
INSERT INTO `users` (`id`, `nik`, `nama_pengguna`, `peran_pengguna`, `email`, `email_verified_at`, `password`, `tgl_masuk`, `id_job_title`, `id_divisi`, `id_cg`, `id_department`, `id_sub_department`, `id_level`, `status`, `is_competent`, `gambar`, `remember_token`, `created_at`, `updated_at`) VALUES
(190, '150791707', 'ADI AMRAN SUKARYA', '1', 'adiamran88@gmail.com', NULL, '$2a$10$kQdT1DPvsC6WLFqc7gLOd.VNmc1bKPkhoL0.f97x13qzaaw3R8/VC', '2015-07-01', 'JT-0105', 'DV_0001', 'CG_0014', 'DP-0004', 'SDP-0010', 'LV-0009', NULL, 0, NULL, NULL, NULL, '2022-05-18 03:22:55'),
(191, '150791708', 'BAMBANG RISTYANTO', '1', 'mbengristyan@gmail.com', NULL, '$2a$10$kQdT1DPvsC6WLFqc7gLOd.VNmc1bKPkhoL0.f97x13qzaaw3R8/VC', '2015-07-01', 'JT-0021', 'DV_0001', 'CG_0001', 'DP-0004', 'SDP-0009', 'LV-0009', NULL, 0, NULL, NULL, NULL, '2022-05-19 23:45:35'),
(192, '150791709', 'HAPPY SUGESTIE PRAHARA', '1', 'happysugestie@gmail.com', NULL, '$2a$10$kQdT1DPvsC6WLFqc7gLOd.VNmc1bKPkhoL0.f97x13qzaaw3R8/VC', '2015-07-01', 'JT-0046', 'DV_0002', 'CG_0022', 'DP-0008', 'SDP-0022', 'LV-0009', NULL, 0, NULL, NULL, NULL, '2022-05-17 19:46:29'),
(193, '150791710', 'RIRIS PURWANTO', '1', 'ririspurwanto33@gmail.com', NULL, '$2a$10$kQdT1DPvsC6WLFqc7gLOd.VNmc1bKPkhoL0.f97x13qzaaw3R8/VC', '2015-07-01', 'JT-0021', 'DV_0001', 'CG_0001', 'DP-0004', 'SDP-0009', 'LV-0009', NULL, 0, NULL, NULL, NULL, '2022-05-19 23:46:06'),
(194, '150800189', 'BAHRUDIN DWI NURYANTO', '1', 'dwinuryantob@gmail.com', NULL, '$2a$10$kQdT1DPvsC6WLFqc7gLOd.VNmc1bKPkhoL0.f97x13qzaaw3R8/VC', '2015-08-03', 'JT-0032', 'DV_0001', 'CG_0017', 'DP-0005', 'SDP-0011', 'LV-0005', NULL, 0, NULL, NULL, NULL, '2022-05-20 02:03:18'),
(195, '160192705', 'AHMAD SAEPUDIN', '1', 'asaepudin511@gmail.com', NULL, '$2a$10$kQdT1DPvsC6WLFqc7gLOd.VNmc1bKPkhoL0.f97x13qzaaw3R8/VC', '2016-01-01', 'JT-0066', 'DV_0001', 'CG_0005', 'DP-0005', 'SDP-0011', 'LV-0005', NULL, 0, NULL, NULL, NULL, '2022-05-22 03:28:02'),
(196, '160192706', 'YUNIAR TRI PRAKOSO', '1', 'triprakoso777@gmail.com', NULL, '$2a$10$kQdT1DPvsC6WLFqc7gLOd.VNmc1bKPkhoL0.f97x13qzaaw3R8/VC', '2016-01-01', 'JT-0093', 'DV_0001', 'CG_0016', 'DP-0007', 'SDP-0019', 'LV-0009', NULL, 0, NULL, NULL, NULL, '2022-05-20 01:15:28'),
(197, '160200097', 'ALIT PRADANA', '1', 'alitpradana52@gmail.com', NULL, '$2a$10$kQdT1DPvsC6WLFqc7gLOd.VNmc1bKPkhoL0.f97x13qzaaw3R8/VC', '2016-02-22', 'JT-0041', NULL, NULL, 'DP-0004', NULL, NULL, NULL, 0, NULL, NULL, NULL, NULL),
(198, '160792707', 'ADI SOPANA', '1', 'sopanaadi25@gmail.com', NULL, '$2a$10$kQdT1DPvsC6WLFqc7gLOd.VNmc1bKPkhoL0.f97x13qzaaw3R8/VC', '2016-07-01', 'JT-0007', 'DV_0001', 'CG_0013', 'DP-0004', 'SDP-0009', 'LV-0009', NULL, 0, NULL, NULL, NULL, '2022-05-20 00:50:40'),
(199, '170122440', 'FAJAR MAULANA', '1', 'fajarmaulana638@gmail.com', NULL, '$2a$10$kQdT1DPvsC6WLFqc7gLOd.VNmc1bKPkhoL0.f97x13qzaaw3R8/VC', '2017-01-01', 'JT-0137', 'DV_0001', 'CG_0024', 'DP-0006', 'SDP-0015', 'LV-0010', NULL, 0, NULL, NULL, NULL, '2022-05-22 04:56:05'),
(200, '170122441', 'MUHAMMAD IQBAL FAUZY', '1', 'iqbalfauzysinkas@gmail.com', NULL, '$2a$10$kQdT1DPvsC6WLFqc7gLOd.VNmc1bKPkhoL0.f97x13qzaaw3R8/VC', '2017-01-01', 'JT-0120', 'DV_0001', 'CG_0005', 'DP-0005', 'SDP-0011', 'LV-0005', NULL, 0, NULL, NULL, NULL, '2022-05-22 03:27:05'),
(201, '170122442', 'SAIFUL BAHRI', '1', 'sbahriel198@gmail.com', NULL, '$2a$10$kQdT1DPvsC6WLFqc7gLOd.VNmc1bKPkhoL0.f97x13qzaaw3R8/VC', '2017-01-01', 'JT-0137', 'DV_0001', 'CG_0024', 'DP-0006', 'SDP-0015', 'LV-0010', NULL, 0, NULL, NULL, NULL, '2022-05-22 04:56:47'),
(202, '170700031', 'ARIS SUPARLI', '3', 'arissuparli9@gmail.com', NULL, '$2a$10$kQdT1DPvsC6WLFqc7gLOd.VNmc1bKPkhoL0.f97x13qzaaw3R8/VC', '2017-07-01', 'JT-0105', 'DV_0001', 'CG_0015', 'DP-0004', 'SDP-0010', 'LV-0009', NULL, 0, NULL, NULL, NULL, '2022-05-18 02:12:09'),
(203, '170700032', 'HERU HAERUDIN', '1', 'heruhaerudin11@yahoo.com', NULL, '$2a$10$kQdT1DPvsC6WLFqc7gLOd.VNmc1bKPkhoL0.f97x13qzaaw3R8/VC', '2017-07-01', 'JT-0105', 'DV_0001', 'CG_0015', 'DP-0004', 'SDP-0010', 'LV-0009', NULL, 0, NULL, NULL, NULL, '2022-05-18 02:10:32'),
(204, '170700033', 'PEBI', '1', 'pebipebi52@gmail.com', NULL, '$2a$10$kQdT1DPvsC6WLFqc7gLOd.VNmc1bKPkhoL0.f97x13qzaaw3R8/VC', '2017-07-01', 'JT-0105', 'DV_0001', 'CG_0014', 'DP-0004', 'SDP-0010', 'LV-0009', NULL, 0, NULL, NULL, NULL, '2022-05-18 03:23:46'),
(205, '171122509', 'MOCHAMAD FADDLY ADI', '1', 'mochfaddly@gmail.com', NULL, '$2a$10$kQdT1DPvsC6WLFqc7gLOd.VNmc1bKPkhoL0.f97x13qzaaw3R8/VC', '2017-11-01', 'JT-0021', 'DV_0001', 'CG_0001', 'DP-0004', 'SDP-0009', 'LV-0009', NULL, 0, NULL, NULL, NULL, '2022-05-19 23:45:06'),
(206, '180100012', 'RUDI ROSIDIN', '1', 'rudirosidin1@gmail.com', NULL, '$2a$10$kQdT1DPvsC6WLFqc7gLOd.VNmc1bKPkhoL0.f97x13qzaaw3R8/VC', '2018-01-01', 'JT-0059', 'DV_0001', 'CG_0017', 'DP-0005', 'SDP-0011', 'LV-0005', NULL, 0, NULL, NULL, NULL, '2022-05-20 02:18:19'),
(207, '180100013', 'SIDIK TRIPAMBUDI', '1', 'sidiktrii@gmail.com', NULL, '$2a$10$kQdT1DPvsC6WLFqc7gLOd.VNmc1bKPkhoL0.f97x13qzaaw3R8/VC', '2018-01-01', 'JT-0066', 'DV_0001', 'CG_0017', 'DP-0005', 'SDP-0011', 'LV-0005', NULL, 0, NULL, NULL, NULL, '2022-05-20 02:18:46'),
(208, '180100014', 'DERI INDRIANI', '1', 'indrianiderry@yahoo.co.id', NULL, '$2a$10$kQdT1DPvsC6WLFqc7gLOd.VNmc1bKPkhoL0.f97x13qzaaw3R8/VC', '2018-01-01', 'JT-0042', 'DV_0002', 'CG_0007', 'DP-0003', 'SDP-0031', 'LV-0005', NULL, 0, NULL, NULL, NULL, '2022-05-22 05:09:03'),
(209, '180100015', 'RIO ANGGARA', '1', 'ri.ironpeg@gmail.com', NULL, '$2a$10$kQdT1DPvsC6WLFqc7gLOd.VNmc1bKPkhoL0.f97x13qzaaw3R8/VC', '2018-01-01', 'JT-0009', 'DV_0001', 'CG_0003', 'DP-0004', 'SDP-0010', 'LV-0005', NULL, 0, NULL, NULL, NULL, '2022-05-18 01:48:58'),
(210, '180100016', 'ABDUL MUJIB MUSTOPA', '1', 'abdulmujib4994@gmail.com', NULL, '$2a$10$kQdT1DPvsC6WLFqc7gLOd.VNmc1bKPkhoL0.f97x13qzaaw3R8/VC', '2018-01-01', 'JT-0105', 'DV_0001', 'CG_0015', 'DP-0004', 'SDP-0010', 'LV-0009', NULL, 0, NULL, NULL, NULL, '2022-05-18 02:12:49'),
(211, '180100017', 'SANIP KOMARUDIN', '1', 'sanip.komarudin@yahoo.com', NULL, '$2a$10$kQdT1DPvsC6WLFqc7gLOd.VNmc1bKPkhoL0.f97x13qzaaw3R8/VC', '2018-01-01', 'JT-0011', 'DV_0001', 'CG_0002', 'DP-0004', 'SDP-0010', 'LV-0009', NULL, 0, NULL, NULL, NULL, '2022-05-18 03:08:02'),
(212, '180100018', 'EDI SAPUTRA', '1', '94edisaputra@gmail.com', NULL, '$2a$10$kQdT1DPvsC6WLFqc7gLOd.VNmc1bKPkhoL0.f97x13qzaaw3R8/VC', '2018-01-01', 'JT-0105', 'DV_0001', 'CG_0026', 'DP-0004', 'SDP-0010', 'LV-0009', NULL, 0, NULL, NULL, NULL, '2022-05-18 02:39:58'),
(213, '180100019', 'DANIS SENO PRABOWO', '1', 'danissenoprabowo@gmail.com', NULL, '$2a$10$kQdT1DPvsC6WLFqc7gLOd.VNmc1bKPkhoL0.f97x13qzaaw3R8/VC', '2018-01-01', 'JT-0103', 'DV_0001', 'CG_0015', 'DP-0004', 'SDP-0010', 'LV-0009', NULL, 0, NULL, NULL, NULL, '2022-05-18 02:14:14'),
(214, '180100020', 'HERMAN RESTU FAUZI', '1', 'herman.ybgi@gmail.com', NULL, '$2a$10$kQdT1DPvsC6WLFqc7gLOd.VNmc1bKPkhoL0.f97x13qzaaw3R8/VC', '2018-01-01', 'JT-0105', 'DV_0001', 'CG_0014', 'DP-0004', 'SDP-0010', 'LV-0009', NULL, 0, NULL, NULL, NULL, '2022-05-18 03:24:31'),
(215, '180100021', 'WULAN NUR FATIMAH', '1', 'nurfatimahwulan1@gmail.com', NULL, '$2a$10$kQdT1DPvsC6WLFqc7gLOd.VNmc1bKPkhoL0.f97x13qzaaw3R8/VC', '2018-01-01', 'JT-0142', 'DV_0001', 'CG_0015', 'DP-0004', 'SDP-0010', 'LV-0009', NULL, 0, NULL, NULL, NULL, '2022-05-18 02:03:05'),
(216, '180100022', 'FATONI', '1', 'fatoniad4661ep@gmail.com', NULL, '$2a$10$kQdT1DPvsC6WLFqc7gLOd.VNmc1bKPkhoL0.f97x13qzaaw3R8/VC', '2018-01-01', 'JT-0131', 'DV_0001', 'CG_0018', 'DP-0006', 'SDP-0015', 'LV-0010', NULL, 0, NULL, NULL, NULL, '2022-05-22 04:44:53'),
(217, '180300062', 'BAGUS AJIE WICAKSONO', '2', 'baguswicaksono.ajie@gmail.com', NULL, '$2a$10$kQdT1DPvsC6WLFqc7gLOd.VNmc1bKPkhoL0.f97x13qzaaw3R8/VC', '2018-03-14', 'JT-0047', 'DV_0002', 'CG_0022', 'DP-0008', 'SDP-0022', 'LV-0005', NULL, 0, NULL, NULL, NULL, '2022-05-22 21:26:22'),
(218, '180500114', 'EUIS DIAN ANGGRAENI', '1', 'diandie20@gmail.com', NULL, '$2a$10$kQdT1DPvsC6WLFqc7gLOd.VNmc1bKPkhoL0.f97x13qzaaw3R8/VC', '2018-05-01', 'JT-0093', 'DV_0001', 'CG_0016', 'DP-0007', 'SDP-0019', 'LV-0009', NULL, 0, NULL, NULL, NULL, '2022-05-20 01:14:18'),
(219, '180500115', 'RIDWAN NUGRAHA', '1', 'iniridwan@gmail.com', NULL, '$2a$10$kQdT1DPvsC6WLFqc7gLOd.VNmc1bKPkhoL0.f97x13qzaaw3R8/VC', '2018-05-01', 'JT-0089', 'DV_0001', 'CG_0004', 'DP-0007', 'SDP-0020', 'LV-0009', NULL, 0, NULL, NULL, NULL, '2022-05-20 01:27:04'),
(220, '180500116', 'MUHAMAD ALFIAN', '1', 'alfianneivi@gmail.com', NULL, '$2a$10$kQdT1DPvsC6WLFqc7gLOd.VNmc1bKPkhoL0.f97x13qzaaw3R8/VC', '2018-05-01', 'JT-0029', 'DV_0001', 'CG_0026', 'DP-0004', 'SDP-0010', 'LV-0009', NULL, 0, NULL, NULL, NULL, '2022-05-18 02:18:36'),
(221, '180600122', 'BERNADHETA RISMISARI HANDAYANI', '1', 'chalierismisari8870@gmail.com', NULL, '$2a$10$kQdT1DPvsC6WLFqc7gLOd.VNmc1bKPkhoL0.f97x13qzaaw3R8/VC', '2018-06-04', 'JT-0048', NULL, NULL, 'DP-0008', NULL, NULL, NULL, 0, NULL, NULL, NULL, NULL),
(222, '180700142', 'SANITA', '1', 'asanita100@gmail.com', NULL, '$2a$10$kQdT1DPvsC6WLFqc7gLOd.VNmc1bKPkhoL0.f97x13qzaaw3R8/VC', '2018-07-01', 'JT-0079', 'DV_0001', 'CG_0001', 'DP-0004', 'SDP-0009', 'LV-0009', NULL, 0, NULL, NULL, NULL, '2022-05-20 00:09:44'),
(223, '180700143', 'AKHMAD YUNUS YULIANTO', '1', 'yunusrasta.ay@gmail.com', NULL, '$2a$10$kQdT1DPvsC6WLFqc7gLOd.VNmc1bKPkhoL0.f97x13qzaaw3R8/VC', '2018-07-01', 'JT-0131', 'DV_0001', 'CG_0018', 'DP-0006', 'SDP-0015', 'LV-0010', NULL, 0, NULL, NULL, NULL, '2022-05-22 04:50:08'),
(224, '190100054', 'TATA TAOFIK QUROHMAN', '1', 'tatataofik77@gmail.com', NULL, '$2a$10$kQdT1DPvsC6WLFqc7gLOd.VNmc1bKPkhoL0.f97x13qzaaw3R8/VC', '2019-01-01', 'JT-0098', 'DV_0001', 'CG_0004', 'DP-0007', 'SDP-0020', 'LV-0005', NULL, 0, NULL, NULL, NULL, '2022-05-20 01:31:47'),
(225, '190700187', 'MAHMUD FAUJI TANJUNG', '2', 'mochi191191@gmail.com', NULL, '$2a$10$kQdT1DPvsC6WLFqc7gLOd.VNmc1bKPkhoL0.f97x13qzaaw3R8/VC', '2019-08-19', 'JT-0040', 'DV_0001', 'CG_0015', 'DP-0004', 'SDP-0010', 'LV-0005', NULL, 0, NULL, NULL, NULL, '2022-05-22 21:31:30'),
(226, '200100017', 'TEGUH SEJATI', '1', 'blinyob@gmail.com', NULL, '$2a$10$kQdT1DPvsC6WLFqc7gLOd.VNmc1bKPkhoL0.f97x13qzaaw3R8/VC', '2020-01-02', 'JT-0055', 'DV_0002', 'CG_0019', 'DP-0009', 'SDP-0032', 'LV-0005', NULL, 0, NULL, NULL, NULL, '2022-05-22 05:23:29'),
(227, '200100031', 'WINDY ADRIANY KACARIBU', '3', 'windykacaribu23@gmail.com', NULL, '$2a$10$kQdT1DPvsC6WLFqc7gLOd.VNmc1bKPkhoL0.f97x13qzaaw3R8/VC', '2020-01-20', 'JT-0102', 'DV_0002', 'CG_0011', 'DP-0008', 'SDP-0023', 'LV-0005', NULL, 0, 'JeoX1pP9wIP0B3n.png', NULL, NULL, '2022-05-22 06:52:17'),
(228, '200100042', 'MUSTAGHBIRIN', '1', 'mustaghbirin@gmail.com', NULL, '$2a$10$kQdT1DPvsC6WLFqc7gLOd.VNmc1bKPkhoL0.f97x13qzaaw3R8/VC', '2020-01-01', 'JT-0125', 'DV_0001', 'CG_0006', 'DP-0006', 'SDP-0017', 'LV-0005', NULL, 0, NULL, NULL, NULL, '2022-05-22 04:30:00'),
(229, '200200053', 'MUHAMAD MISBAH', '1', 'muhamadmisbah96@gmail.com', NULL, '$2a$10$kQdT1DPvsC6WLFqc7gLOd.VNmc1bKPkhoL0.f97x13qzaaw3R8/VC', '2020-02-01', 'JT-0098', 'DV_0001', 'CG_0004', 'DP-0007', 'SDP-0020', 'LV-0005', NULL, 0, NULL, NULL, NULL, '2022-05-20 01:32:23'),
(230, '200300076', 'MARIA KURNIATI GEDI RAYA', '3', 'maria.kurniati04@gmail.com', NULL, '$2a$10$kQdT1DPvsC6WLFqc7gLOd.VNmc1bKPkhoL0.f97x13qzaaw3R8/VC', '2020-03-26', 'JT-0069', 'DV_0002', 'CG_0011', 'DP-0008', 'SDP-0021', 'LV-0005', NULL, 0, '0p0aUj5lyq9j05L.png', NULL, NULL, '2022-05-29 20:14:27'),
(231, '200500092', 'IRVAN HASAN', '1', 'irvanhasan18@gmail.com', NULL, '$2a$10$kQdT1DPvsC6WLFqc7gLOd.VNmc1bKPkhoL0.f97x13qzaaw3R8/VC', '2020-05-15', 'JT-0068', NULL, NULL, 'DP-0005', NULL, NULL, NULL, 0, NULL, NULL, NULL, NULL),
(232, '200700143', 'TENDI SOBARNANSYAH', '1', 'sobarnansyah@gmail.com', NULL, '$2a$10$kQdT1DPvsC6WLFqc7gLOd.VNmc1bKPkhoL0.f97x13qzaaw3R8/VC', '2019-10-15', 'JT-0064', 'DV_0001', 'CG_0017', 'DP-0005', 'SDP-0011', 'LV-0005', NULL, 0, NULL, NULL, NULL, '2022-05-20 02:19:56'),
(233, '200700144', 'MUHAMAD RIDWAN', '1', 'muhamadridwan133@gmail.com', NULL, '$2a$10$kQdT1DPvsC6WLFqc7gLOd.VNmc1bKPkhoL0.f97x13qzaaw3R8/VC', '2019-11-15', 'JT-0130', 'DV_0001', 'CG_0018', 'DP-0006', 'SDP-0015', 'LV-0010', NULL, 0, NULL, NULL, NULL, '2022-05-22 04:49:28'),
(234, '201200194', 'DENLEI DIYOROSSI', '1', 'diyorossi@gmail.com', NULL, '$2a$10$kQdT1DPvsC6WLFqc7gLOd.VNmc1bKPkhoL0.f97x13qzaaw3R8/VC', '2020-12-29', 'JT-0055', 'DV_0002', 'CG_0019', 'DP-0009', 'SDP-0032', 'LV-0005', NULL, 0, NULL, NULL, NULL, '2022-05-22 05:21:53'),
(361, '210100004', 'SETYO DEWI UTARI', '2', 'setyod@gmail.com', NULL, '$2a$10$kQdT1DPvsC6WLFqc7gLOd.VNmc1bKPkhoL0.f97x13qzaaw3R8/VC', '2021-01-01', 'JT-0153', 'DV_0002', 'CG_0011', 'DP-0008', 'SDP-0023', 'LV-0004', NULL, 0, '0AC1PXZek3D8gnI.png', NULL, NULL, '2022-06-01 18:49:13'),
(362, '210100024', 'SARI DIYAH PALUPY', '1', 'saridpha@gmail.com', NULL, '$2a$10$kQdT1DPvsC6WLFqc7gLOd.VNmc1bKPkhoL0.f97x13qzaaw3R8/VC', '2021-01-15', 'JT-0016', 'DV_0002', 'CG_0020', 'DP-0002', 'SDP-0003', 'LV-0005', NULL, 0, NULL, NULL, NULL, '2022-05-22 21:44:10'),
(363, '211200171', 'TOSHIHITO  ABE', '1', 'abe@gmail.com', NULL, '$2a$10$kQdT1DPvsC6WLFqc7gLOd.VNmc1bKPkhoL0.f97x13qzaaw3R8/VC', '2020-01-05', 'JT-0113', NULL, NULL, 'DP-0001', NULL, NULL, NULL, 0, NULL, NULL, NULL, NULL),
(364, '220100111', 'KUKUH GUMILANG', '1', 'kukuh_gumilDP-0001@yahoo.com', NULL, '$2a$10$kQdT1DPvsC6WLFqc7gLOd.VNmc1bKPkhoL0.f97x13qzaaw3R8/VC', '2022-01-01', 'JT-0033', NULL, NULL, 'DP-0005', NULL, NULL, NULL, 0, NULL, NULL, NULL, NULL),
(365, '220100112', 'HENDY CAHYA SUWANDI', '1', 'hendy.cahya18@gmail.com', NULL, '$2a$10$kQdT1DPvsC6WLFqc7gLOd.VNmc1bKPkhoL0.f97x13qzaaw3R8/VC', '2022-01-01', 'JT-0098', NULL, NULL, 'DP-0007', NULL, NULL, NULL, 0, NULL, NULL, NULL, NULL),
(366, 'K180700223', 'NATALIA SUMANTO SIHOMBING', '3', 'natalie.magdalena@ymail.com', NULL, '$2a$10$kQdT1DPvsC6WLFqc7gLOd.VNmc1bKPkhoL0.f97x13qzaaw3R8/VC', '2018-07-01', 'JT-0071', 'DV_0002', 'CG_0011', 'DP-0008', 'SDP-0021', 'LV-0009', NULL, 0, 'ujYZUDH9H04HR91.png', NULL, NULL, '2022-05-29 20:15:35'),
(367, 'K190100004', 'DIANTO', '1', 'diantoasgar@gmail.com', NULL, '$2a$10$kQdT1DPvsC6WLFqc7gLOd.VNmc1bKPkhoL0.f97x13qzaaw3R8/VC', '2019-01-07', 'JT-0019', NULL, NULL, 'DP-0004', NULL, NULL, NULL, 0, NULL, NULL, NULL, NULL),
(368, 'K190400185', 'BASUKI', '1', 'masuki843@gmail.com', NULL, '$2a$10$kQdT1DPvsC6WLFqc7gLOd.VNmc1bKPkhoL0.f97x13qzaaw3R8/VC', '2019-04-22', 'JT-0030', NULL, NULL, 'DP-0004', NULL, NULL, NULL, 0, NULL, NULL, NULL, NULL),
(369, 'K190600252', 'AHMAD LUKMAN HATAMI', '1', 'ahmadlkm24@gmail.com', NULL, '$2a$10$kQdT1DPvsC6WLFqc7gLOd.VNmc1bKPkhoL0.f97x13qzaaw3R8/VC', '2019-06-17', 'JT-0030', NULL, NULL, 'DP-0004', NULL, NULL, NULL, 0, NULL, NULL, NULL, NULL),
(370, 'K190800327', 'MUHAMMAD RIZQY FIRDAUS', '1', 'm.rizqyfirdaus23@gmail.com', NULL, '$2a$10$kQdT1DPvsC6WLFqc7gLOd.VNmc1bKPkhoL0.f97x13qzaaw3R8/VC', '2019-08-26', 'JT-0050', NULL, NULL, 'DP-0005', NULL, NULL, NULL, 0, NULL, NULL, NULL, NULL),
(371, 'K190900331', 'RAKHA ADI PUTRA', '1', 'adiputrarakha@yahoo.co.id', NULL, '$2a$10$kQdT1DPvsC6WLFqc7gLOd.VNmc1bKPkhoL0.f97x13qzaaw3R8/VC', '2019-09-09', 'JT-0086', NULL, NULL, 'DP-0003', NULL, NULL, NULL, 0, NULL, NULL, NULL, NULL),
(372, 'K191000365', 'SAIDIN IMRON WIJAYA', '1', 'saidinimronwijaya1213@gmail.com', NULL, '$2a$10$kQdT1DPvsC6WLFqc7gLOd.VNmc1bKPkhoL0.f97x13qzaaw3R8/VC', '2019-10-14', 'JT-0135', NULL, NULL, 'DP-0006', NULL, NULL, NULL, 0, NULL, NULL, NULL, NULL),
(373, 'K191100391', 'ANJAR SUDRAJAT', '1', 'anjar.sudrajat378@gmail.com', NULL, '$2a$10$kQdT1DPvsC6WLFqc7gLOd.VNmc1bKPkhoL0.f97x13qzaaw3R8/VC', '2019-11-04', 'JT-0123', NULL, NULL, 'DP-0006', NULL, NULL, NULL, 0, NULL, NULL, NULL, NULL),
(374, 'K191100397', 'BIMA DWI ATMAJA', '1', 'bimaatmaja699@gmail.com', NULL, '$2a$10$kQdT1DPvsC6WLFqc7gLOd.VNmc1bKPkhoL0.f97x13qzaaw3R8/VC', '2019-11-18', 'JT-0030', NULL, NULL, 'DP-0004', NULL, NULL, NULL, 0, NULL, NULL, NULL, NULL),
(375, 'K200200052', 'DANANG PRASETIYO', '1', 'danangpras2105@gmail.com', NULL, '$2a$10$kQdT1DPvsC6WLFqc7gLOd.VNmc1bKPkhoL0.f97x13qzaaw3R8/VC', '2020-02-10', 'JT-0132', NULL, NULL, 'DP-0006', NULL, NULL, NULL, 0, NULL, NULL, NULL, NULL),
(376, 'K200300084', 'DANIEL ABRAHAM SINAMBELA', '1', 'danielabraham0880@gmail.com', NULL, '$2a$10$kQdT1DPvsC6WLFqc7gLOd.VNmc1bKPkhoL0.f97x13qzaaw3R8/VC', '2020-03-16', 'JT-0019', NULL, NULL, 'DP-0004', NULL, NULL, NULL, 0, NULL, NULL, NULL, NULL),
(377, 'K200300085', 'NUR AHMAD BUKHORI AINUL YAQIN AL FAIZ', '1', 'faizbukhori82@gmail.com', NULL, '$2a$10$kQdT1DPvsC6WLFqc7gLOd.VNmc1bKPkhoL0.f97x13qzaaw3R8/VC', '2020-03-16', 'JT-0127', NULL, NULL, 'DP-0006', NULL, NULL, NULL, 0, NULL, NULL, NULL, NULL),
(378, 'K200300088', 'ANGGA SAEPUL HAJAN', '1', 'wawankurnia869@gmail.com', NULL, '$2a$10$kQdT1DPvsC6WLFqc7gLOd.VNmc1bKPkhoL0.f97x13qzaaw3R8/VC', '2020-03-16', 'JT-0006', NULL, NULL, 'DP-0004', NULL, NULL, NULL, 0, NULL, NULL, NULL, NULL),
(379, 'K200300089', 'DEDEN JAELANI', '1', 'dedenjaelani95@gmail.com', NULL, '$2a$10$kQdT1DPvsC6WLFqc7gLOd.VNmc1bKPkhoL0.f97x13qzaaw3R8/VC', '2020-03-16', 'JT-0132', NULL, NULL, 'DP-0006', NULL, NULL, NULL, 0, NULL, NULL, NULL, NULL),
(380, 'K200400107', 'ILHAM COKRO BASKORO', '1', 'ilhamcokrobaskoro@gmail.com', NULL, '$2a$10$kQdT1DPvsC6WLFqc7gLOd.VNmc1bKPkhoL0.f97x13qzaaw3R8/VC', '2020-04-14', 'JT-0136', NULL, NULL, 'DP-0006', NULL, NULL, NULL, 0, NULL, NULL, NULL, NULL),
(381, 'K200400108', 'ZAENUDIN', '1', 'zaenudinzae86@gmail.com', NULL, '$2a$10$kQdT1DPvsC6WLFqc7gLOd.VNmc1bKPkhoL0.f97x13qzaaw3R8/VC', '2020-04-14', 'JT-0104', NULL, NULL, 'DP-0004', NULL, NULL, NULL, 0, NULL, NULL, NULL, NULL),
(382, 'K200500146', 'DIKA LESMANA', '1', 'dikalesmana1402@gmail.com', NULL, '$2a$10$kQdT1DPvsC6WLFqc7gLOd.VNmc1bKPkhoL0.f97x13qzaaw3R8/VC', '2020-05-18', 'JT-0127', NULL, NULL, 'DP-0006', NULL, NULL, NULL, 0, NULL, NULL, NULL, NULL),
(383, 'K200600145', 'DIAN HADIAN', '1', 'dhadian08@gmail.com', NULL, '$2a$10$kQdT1DPvsC6WLFqc7gLOd.VNmc1bKPkhoL0.f97x13qzaaw3R8/VC', '2020-06-02', 'JT-0136', NULL, NULL, 'DP-0006', NULL, NULL, NULL, 0, NULL, NULL, NULL, NULL),
(384, 'K200600151', 'NUKMANUL ANWAR', '1', 'nukman02pai@gmail.com', NULL, '$2a$10$kQdT1DPvsC6WLFqc7gLOd.VNmc1bKPkhoL0.f97x13qzaaw3R8/VC', '2020-06-02', 'JT-0123', NULL, NULL, 'DP-0006', NULL, NULL, NULL, 0, NULL, NULL, NULL, NULL),
(385, 'K200600153', 'TODO ARDO SINAGA', '1', 'todoardosinaga@gmail.com', NULL, '$2a$10$kQdT1DPvsC6WLFqc7gLOd.VNmc1bKPkhoL0.f97x13qzaaw3R8/VC', '2020-06-02', 'JT-0132', NULL, NULL, 'DP-0006', NULL, NULL, NULL, 0, NULL, NULL, NULL, NULL),
(386, 'K200600174', 'DENI HIMAWAN SUTANTO', '1', 'dhenny.hiimawan@gmail.com', NULL, '$2a$10$kQdT1DPvsC6WLFqc7gLOd.VNmc1bKPkhoL0.f97x13qzaaw3R8/VC', '2020-06-15', 'JT-0132', NULL, NULL, 'DP-0006', NULL, NULL, NULL, 0, NULL, NULL, NULL, NULL),
(387, 'K200600176', 'RINO', '1', 'rinoreva2@gmail.com', NULL, '$2a$10$kQdT1DPvsC6WLFqc7gLOd.VNmc1bKPkhoL0.f97x13qzaaw3R8/VC', '2020-06-12', 'JT-0132', NULL, NULL, 'DP-0006', NULL, NULL, NULL, 0, NULL, NULL, NULL, NULL),
(388, 'K200700207', 'ADE RAHMAN', '1', 'aderahman690@gmail.com', NULL, '$2a$10$kQdT1DPvsC6WLFqc7gLOd.VNmc1bKPkhoL0.f97x13qzaaw3R8/VC', '2020-07-10', 'JT-0109', NULL, NULL, 'DP-0003', NULL, NULL, NULL, 0, NULL, NULL, NULL, NULL),
(389, 'K200700231', 'BUDI UTOYO', '1', 'budi.utoyo29@gmail.com', NULL, '$2a$10$kQdT1DPvsC6WLFqc7gLOd.VNmc1bKPkhoL0.f97x13qzaaw3R8/VC', '2020-07-30', 'JT-0151', NULL, NULL, 'DP-0001', NULL, NULL, NULL, 0, NULL, NULL, NULL, NULL),
(390, 'K200800227', 'M. ALDI LA MUCHTAR', '1', 'utiahafajar21@gmail.com', NULL, '$2a$10$kQdT1DPvsC6WLFqc7gLOd.VNmc1bKPkhoL0.f97x13qzaaw3R8/VC', '2020-08-03', 'JT-0009', NULL, NULL, 'DP-0004', NULL, NULL, NULL, 0, NULL, NULL, NULL, NULL),
(391, 'K200800232', 'ADIKA TRYPUTRANTO', '1', 'adikatry74@gmail.com', NULL, '$2a$10$kQdT1DPvsC6WLFqc7gLOd.VNmc1bKPkhoL0.f97x13qzaaw3R8/VC', '2020-08-18', 'JT-0132', NULL, NULL, 'DP-0006', NULL, NULL, NULL, 0, NULL, NULL, NULL, NULL),
(392, 'K200800233', 'DEDE ISKANDAR', '1', 'iskandardede400@gmail.com', NULL, '$2a$10$kQdT1DPvsC6WLFqc7gLOd.VNmc1bKPkhoL0.f97x13qzaaw3R8/VC', '2020-08-18', 'JT-0132', NULL, NULL, 'DP-0006', NULL, NULL, NULL, 0, NULL, NULL, NULL, NULL),
(393, 'K200800240', 'GUSTINA LASMAYANTI', '1', 'gustinalasmayanti@gmail.com', NULL, '$2a$10$kQdT1DPvsC6WLFqc7gLOd.VNmc1bKPkhoL0.f97x13qzaaw3R8/VC', '2020-08-18', '', NULL, NULL, 'DP-0005', NULL, NULL, NULL, 0, NULL, NULL, NULL, NULL),
(394, 'K200800241', 'AJI APRIALDI', '1', 'aji98sarah97@gmail.com', NULL, '$2a$10$kQdT1DPvsC6WLFqc7gLOd.VNmc1bKPkhoL0.f97x13qzaaw3R8/VC', '2020-08-18', 'JT-0064', NULL, NULL, 'DP-0005', NULL, NULL, NULL, 0, NULL, NULL, NULL, NULL),
(395, 'K200900258', 'DIKI MAULANA', '1', 'dikim2331@gmail.com', NULL, '$2a$10$kQdT1DPvsC6WLFqc7gLOd.VNmc1bKPkhoL0.f97x13qzaaw3R8/VC', '2020-09-10', 'JT-0104', NULL, NULL, 'DP-0004', NULL, NULL, NULL, 0, NULL, NULL, NULL, NULL),
(396, 'K200900259', 'MOHAMAD YUDI PERMANA', '1', 'mohamadyudipermana97@gmail.com', NULL, '$2a$10$kQdT1DPvsC6WLFqc7gLOd.VNmc1bKPkhoL0.f97x13qzaaw3R8/VC', '2020-09-14', 'JT-0104', NULL, NULL, 'DP-0004', NULL, NULL, NULL, 0, NULL, NULL, NULL, NULL),
(397, 'K200900262', 'AHMAD MUDDAI', '1', 'ahmadmuddai.am@gmail.com', NULL, '$2a$10$kQdT1DPvsC6WLFqc7gLOd.VNmc1bKPkhoL0.f97x13qzaaw3R8/VC', '2020-09-15', 'JT-0123', NULL, NULL, 'DP-0006', NULL, NULL, NULL, 0, NULL, NULL, NULL, NULL),
(398, 'K201000279', 'EKKY MUHAMMAD RIZKULLAH', '1', 'ekkymuhammad1@gmail.com', NULL, '$2a$10$kQdT1DPvsC6WLFqc7gLOd.VNmc1bKPkhoL0.f97x13qzaaw3R8/VC', '2020-10-09', 'JT-0094', NULL, NULL, 'DP-0007', NULL, NULL, NULL, 0, NULL, NULL, NULL, NULL),
(399, 'K201000285', 'DAVIDS', '1', 'davidssiburian25@gmail.com', NULL, '$2a$10$kQdT1DPvsC6WLFqc7gLOd.VNmc1bKPkhoL0.f97x13qzaaw3R8/VC', '2020-10-16', 'JT-0019', NULL, NULL, 'DP-0004', NULL, NULL, NULL, 0, NULL, NULL, NULL, NULL),
(400, 'K201000286', 'IQBAL SYAHRINDRA MUSTOPA', '1', 'iqbalsyahrindra00@gmail.com', NULL, '$2a$10$kQdT1DPvsC6WLFqc7gLOd.VNmc1bKPkhoL0.f97x13qzaaw3R8/VC', '2020-10-16', 'JT-0132', NULL, NULL, 'DP-0006', NULL, NULL, NULL, 0, NULL, NULL, NULL, NULL),
(401, 'K201000287', 'DWI KARTIKA', '1', 'dwikartika165@gmail.com', NULL, '$2a$10$kQdT1DPvsC6WLFqc7gLOd.VNmc1bKPkhoL0.f97x13qzaaw3R8/VC', '2020-10-15', 'JT-0101', 'DV_0002', 'CG_0022', 'DP-0008', 'SDP-0022', 'LV-0009', NULL, 0, NULL, NULL, NULL, '2022-05-17 19:47:12'),
(402, 'K201000295', 'ANGGRI PRIWANDA', '1', 'crossanggri@gmail.com', NULL, '$2a$10$kQdT1DPvsC6WLFqc7gLOd.VNmc1bKPkhoL0.f97x13qzaaw3R8/VC', '2020-10-26', 'JT-0104', NULL, NULL, 'DP-0004', NULL, NULL, NULL, 0, NULL, NULL, NULL, NULL),
(403, 'K201000296', 'AHMAD KHAERUL FIKRI', '1', 'ahmadkhaerulfikri@gmail.com', NULL, '$2a$10$kQdT1DPvsC6WLFqc7gLOd.VNmc1bKPkhoL0.f97x13qzaaw3R8/VC', '2020-10-26', 'JT-0104', NULL, NULL, 'DP-0004', NULL, NULL, NULL, 0, NULL, NULL, NULL, NULL),
(404, 'K201000297', 'DENDI PRIMADI', '1', 'dendiprimadi94@gmail.com', NULL, '$2a$10$kQdT1DPvsC6WLFqc7gLOd.VNmc1bKPkhoL0.f97x13qzaaw3R8/VC', '2020-10-26', 'JT-0104', NULL, NULL, 'DP-0004', NULL, NULL, NULL, 0, NULL, NULL, NULL, NULL),
(405, 'K201100303', 'AGUS WIDIYANTO', '1', 'widiyantoagus0@gmail.com', NULL, '$2a$10$kQdT1DPvsC6WLFqc7gLOd.VNmc1bKPkhoL0.f97x13qzaaw3R8/VC', '2020-11-16', 'JT-0030', NULL, NULL, 'DP-0004', NULL, NULL, NULL, 0, NULL, NULL, NULL, NULL),
(406, 'K201100306', 'SARAH SANUBARI', '1', 'sanubarisarah85@gmail.com', NULL, '$2a$10$kQdT1DPvsC6WLFqc7gLOd.VNmc1bKPkhoL0.f97x13qzaaw3R8/VC', '2020-11-09', 'JT-0094', NULL, NULL, 'DP-0007', NULL, NULL, NULL, 0, NULL, NULL, NULL, NULL),
(407, 'K201100308', 'MASTANI', '1', 'mastani925@gmail.com', NULL, '$2a$10$kQdT1DPvsC6WLFqc7gLOd.VNmc1bKPkhoL0.f97x13qzaaw3R8/VC', '2020-11-16', 'JT-0136', NULL, NULL, 'DP-0006', NULL, NULL, NULL, 0, NULL, NULL, NULL, NULL),
(408, 'K201100309', 'MUHAMAD AKMAL AZIIZ', '1', 'm.akmal11a@gmail.com', NULL, '$2a$10$kQdT1DPvsC6WLFqc7gLOd.VNmc1bKPkhoL0.f97x13qzaaw3R8/VC', '2020-11-16', 'JT-0132', NULL, NULL, 'DP-0006', NULL, NULL, NULL, 0, NULL, NULL, NULL, NULL),
(409, 'K201100311', 'ARI DESAR PAMUNGKAS', '1', 'aridesar1995@gmail.com', NULL, '$2a$10$kQdT1DPvsC6WLFqc7gLOd.VNmc1bKPkhoL0.f97x13qzaaw3R8/VC', '2020-11-23', 'JT-0028', NULL, NULL, 'DP-0004', NULL, NULL, NULL, 0, NULL, NULL, NULL, NULL),
(410, 'K201200336', 'HERU TRI MARDIAN', '1', 'heruezt3@gmail.com', NULL, '$2a$10$kQdT1DPvsC6WLFqc7gLOd.VNmc1bKPkhoL0.f97x13qzaaw3R8/VC', '2020-12-16', 'JT-0135', NULL, NULL, 'DP-0006', NULL, NULL, NULL, 0, NULL, NULL, NULL, NULL),
(411, 'K210100001', 'ZAKARIA', '1', 'zakariabrebes@yahoo.com', NULL, '$2a$10$kQdT1DPvsC6WLFqc7gLOd.VNmc1bKPkhoL0.f97x13qzaaw3R8/VC', '2021-01-11', 'JT-0127', NULL, NULL, 'DP-0006', NULL, NULL, NULL, 0, NULL, NULL, NULL, NULL),
(412, 'K210100003', 'DINA OKTAVIA PUTRI', '1', 'dinaoktaviaputri@gmail.com', NULL, '$2a$10$kQdT1DPvsC6WLFqc7gLOd.VNmc1bKPkhoL0.f97x13qzaaw3R8/VC', '2021-01-11', 'JT-0117', 'DV_0002', 'CG_0021', 'DP-0002', 'SDP-0002', 'LV-0009', NULL, 0, NULL, NULL, NULL, '2022-05-22 21:45:34'),
(413, 'K210100026', 'GITA SYEMA DEWI', '1', 'gitasyemad@gmail.com', NULL, '$2a$10$kQdT1DPvsC6WLFqc7gLOd.VNmc1bKPkhoL0.f97x13qzaaw3R8/VC', '2021-01-25', 'JT-0093', NULL, NULL, 'DP-0007', NULL, NULL, NULL, 0, NULL, NULL, NULL, NULL),
(414, 'K210200048', 'SETIA MAULANA', '1', 'setiamaulana81@gmail.com', NULL, '$2a$10$kQdT1DPvsC6WLFqc7gLOd.VNmc1bKPkhoL0.f97x13qzaaw3R8/VC', '2021-02-16', 'JT-0132', NULL, NULL, 'DP-0006', NULL, NULL, NULL, 0, NULL, NULL, NULL, NULL),
(415, 'K210200049', 'ABI YOGA ASMARA', '1', 'abiyogaasmara4@gmail.com', NULL, '$2a$10$kQdT1DPvsC6WLFqc7gLOd.VNmc1bKPkhoL0.f97x13qzaaw3R8/VC', '2021-02-16', 'JT-0104', NULL, NULL, 'DP-0004', NULL, NULL, NULL, 0, NULL, NULL, NULL, NULL),
(416, 'K210200050', 'HISAR DESMON SINAGA', '1', 'hisardesmonsinaga@yahoo.co.id', NULL, '$2a$10$kQdT1DPvsC6WLFqc7gLOd.VNmc1bKPkhoL0.f97x13qzaaw3R8/VC', '2021-02-16', 'JT-0019', NULL, NULL, 'DP-0004', NULL, NULL, NULL, 0, NULL, NULL, NULL, NULL),
(417, 'K210200054', 'AHMAD', '1', 'ahmaddoang912@gmail.com', NULL, '$2a$10$kQdT1DPvsC6WLFqc7gLOd.VNmc1bKPkhoL0.f97x13qzaaw3R8/VC', '2021-02-22', 'JT-0030', NULL, NULL, 'DP-0004', NULL, NULL, NULL, 0, NULL, NULL, NULL, NULL),
(418, 'K210200062', 'DEDEN RUHDIANTO', '1', 'dedenruhdianto07@gmail.com', NULL, '$2a$10$kQdT1DPvsC6WLFqc7gLOd.VNmc1bKPkhoL0.f97x13qzaaw3R8/VC', '2021-02-22', 'JT-0030', NULL, NULL, 'DP-0004', NULL, NULL, NULL, 0, NULL, NULL, NULL, NULL),
(419, 'K210300077', 'KHONSA', '1', 'khonsa.sasa@gmail.com', NULL, '$2a$10$kQdT1DPvsC6WLFqc7gLOd.VNmc1bKPkhoL0.f97x13qzaaw3R8/VC', '2021-03-10', 'JT-0139', NULL, NULL, 'DP-0004', NULL, NULL, NULL, 0, NULL, NULL, NULL, NULL),
(420, 'K210300079', 'RUSTA RUSDIANTO', '1', 'rustarusdianto295@gmail.com', NULL, '$2a$10$kQdT1DPvsC6WLFqc7gLOd.VNmc1bKPkhoL0.f97x13qzaaw3R8/VC', '2021-03-10', 'JT-0104', NULL, NULL, 'DP-0004', NULL, NULL, NULL, 0, NULL, NULL, NULL, NULL),
(421, 'K210300080', 'ABDUL KHARIS', '1', 'abdulkharis994@gmail.com', NULL, '$2a$10$kQdT1DPvsC6WLFqc7gLOd.VNmc1bKPkhoL0.f97x13qzaaw3R8/VC', '2021-03-10', 'JT-0104', NULL, NULL, 'DP-0004', NULL, NULL, NULL, 0, NULL, NULL, NULL, NULL),
(422, 'K210300086', 'ENJAY ZARKASIH', '1', 'enjayzarkasih100@gmail.com', NULL, '$2a$10$kQdT1DPvsC6WLFqc7gLOd.VNmc1bKPkhoL0.f97x13qzaaw3R8/VC', '2021-03-23', 'JT-0104', NULL, NULL, 'DP-0004', NULL, NULL, NULL, 0, NULL, NULL, NULL, NULL),
(423, 'K210300098', 'LUKMAN NULHAKIM', '1', 'lukmann275@gmail.com', NULL, '$2a$10$kQdT1DPvsC6WLFqc7gLOd.VNmc1bKPkhoL0.f97x13qzaaw3R8/VC', '2021-03-24', 'JT-0104', NULL, NULL, 'DP-0004', NULL, NULL, NULL, 0, NULL, NULL, NULL, NULL),
(424, 'K210300099', 'SAUD SIHOMBING', '1', 'joshuasniky24@gmail.com', NULL, '$2a$10$kQdT1DPvsC6WLFqc7gLOd.VNmc1bKPkhoL0.f97x13qzaaw3R8/VC', '2021-03-24', 'JT-0006', NULL, NULL, 'DP-0004', NULL, NULL, NULL, 0, NULL, NULL, NULL, NULL),
(425, 'K210400104', 'ODI NANDANG SOMANTRI', '1', 'odinandang43@gmail.com', NULL, '$2a$10$kQdT1DPvsC6WLFqc7gLOd.VNmc1bKPkhoL0.f97x13qzaaw3R8/VC', '2021-04-05', 'JT-0006', NULL, NULL, 'DP-0004', NULL, NULL, NULL, 0, NULL, NULL, NULL, NULL),
(426, 'K210400107', 'ALI RAMDANI', '1', 'aramdani312@gmail.com', NULL, '$2a$10$kQdT1DPvsC6WLFqc7gLOd.VNmc1bKPkhoL0.f97x13qzaaw3R8/VC', '2021-04-05', 'JT-0030', NULL, NULL, 'DP-0004', NULL, NULL, NULL, 0, NULL, NULL, NULL, NULL),
(427, 'K210400108', 'MUHAMAD ADE SUJAI', '1', 'muhamadadesujai12@gmail.com', NULL, '$2a$10$kQdT1DPvsC6WLFqc7gLOd.VNmc1bKPkhoL0.f97x13qzaaw3R8/VC', '2021-04-07', 'JT-0094', NULL, NULL, 'DP-0007', NULL, NULL, NULL, 0, NULL, NULL, NULL, NULL),
(428, 'K210500153', 'DIKA SUHARTA', '1', 'dika.suharta@gmail.com', NULL, '$2a$10$kQdT1DPvsC6WLFqc7gLOd.VNmc1bKPkhoL0.f97x13qzaaw3R8/VC', '2021-05-18', 'JT-0104', NULL, NULL, 'DP-0004', NULL, NULL, NULL, 0, NULL, NULL, NULL, NULL),
(429, 'K210500154', 'IMAN SANDI', '1', 'imansandi97@gmail.com', NULL, '$2a$10$kQdT1DPvsC6WLFqc7gLOd.VNmc1bKPkhoL0.f97x13qzaaw3R8/VC', '2021-05-18', 'JT-0136', NULL, NULL, 'DP-0006', NULL, NULL, NULL, 0, NULL, NULL, NULL, NULL),
(430, 'K210500161', 'ANGGI IRWANSYAH', '1', 'anggiirwansyah86@gmail.com', NULL, '$2a$10$kQdT1DPvsC6WLFqc7gLOd.VNmc1bKPkhoL0.f97x13qzaaw3R8/VC', '2021-05-19', 'JT-0136', NULL, NULL, 'DP-0006', NULL, NULL, NULL, 0, NULL, NULL, NULL, NULL),
(431, 'K210600175', 'UBAIDILAH ALI MURTADHO', '1', 'ubaidilahalimurtadho@gmail.com', NULL, '$2a$10$kQdT1DPvsC6WLFqc7gLOd.VNmc1bKPkhoL0.f97x13qzaaw3R8/VC', '2021-06-07', 'JT-0084', NULL, NULL, 'DP-0004', NULL, NULL, NULL, 0, NULL, NULL, NULL, NULL),
(432, 'K210600177', 'TAUFIK HIDAYAT TUMARUF', '1', 'taufikhidayatumaruf92@gmail.com', NULL, '$2a$10$kQdT1DPvsC6WLFqc7gLOd.VNmc1bKPkhoL0.f97x13qzaaw3R8/VC', '2021-06-11', 'JT-0136', NULL, NULL, 'DP-0006', NULL, NULL, NULL, 0, NULL, NULL, NULL, NULL),
(433, 'K210700205', 'DANI ENDAR MULYANA', '1', 'daniendar12@gmail.com', NULL, '$2a$10$kQdT1DPvsC6WLFqc7gLOd.VNmc1bKPkhoL0.f97x13qzaaw3R8/VC', '2021-07-08', 'JT-0132', NULL, NULL, 'DP-0006', NULL, NULL, NULL, 0, NULL, NULL, NULL, NULL),
(434, 'K210700211', 'MUHAMMAD ALFIN BASYAR', '1', 'alvinbasyar1@gmail.com', NULL, '$2a$10$kQdT1DPvsC6WLFqc7gLOd.VNmc1bKPkhoL0.f97x13qzaaw3R8/VC', '2021-07-19', 'JT-0094', NULL, NULL, 'DP-0007', NULL, NULL, NULL, 0, NULL, NULL, NULL, NULL),
(435, 'K210900224', 'IRFAN SUHEGAR', '1', 'irfansiregar220518@gmail.com', NULL, '$2a$10$kQdT1DPvsC6WLFqc7gLOd.VNmc1bKPkhoL0.f97x13qzaaw3R8/VC', '2021-09-01', '', NULL, NULL, 'DP-0005', NULL, NULL, NULL, 0, NULL, NULL, NULL, NULL),
(436, 'K210900227', 'YOSA NIZAR FERNANTA', '1', 'yosanizar06@gmail.com', NULL, '$2a$10$kQdT1DPvsC6WLFqc7gLOd.VNmc1bKPkhoL0.f97x13qzaaw3R8/VC', '2021-09-13', 'JT-0006', NULL, NULL, 'DP-0004', NULL, NULL, NULL, 0, NULL, NULL, NULL, NULL),
(437, 'K211000233', 'ANDI MUNTAHA', '1', 'andimuntaha26@gmail.com', NULL, '$2a$10$kQdT1DPvsC6WLFqc7gLOd.VNmc1bKPkhoL0.f97x13qzaaw3R8/VC', '2021-10-13', 'JT-0123', NULL, NULL, 'DP-0006', NULL, NULL, NULL, 0, NULL, NULL, NULL, NULL),
(439, 'K211200252', 'NASRULLOH', '1', 'nasrulloh580@gmail.com', NULL, '$2a$10$kQdT1DPvsC6WLFqc7gLOd.VNmc1bKPkhoL0.f97x13qzaaw3R8/VC', '2021-12-01', 'JT-0099', NULL, NULL, 'DP-0007', NULL, NULL, NULL, 0, NULL, NULL, NULL, NULL),
(440, 'K220200009', 'DEDE HERIYANTO', '1', 'deheriyanto01@gmail.com', NULL, '$2a$10$kQdT1DPvsC6WLFqc7gLOd.VNmc1bKPkhoL0.f97x13qzaaw3R8/VC', '2022-02-03', 'JT-0094', NULL, NULL, 'DP-0007', NULL, NULL, NULL, 0, NULL, NULL, NULL, NULL),
(441, 'K220200017', 'MULYANA', '1', 'akewcsipittea@gmail.com', NULL, '$2a$10$kQdT1DPvsC6WLFqc7gLOd.VNmc1bKPkhoL0.f97x13qzaaw3R8/VC', '2022-02-07', 'JT-0104', NULL, NULL, 'DP-0004', NULL, NULL, NULL, 0, NULL, NULL, NULL, NULL),
(442, 'K220200018', 'HENDI', '1', 'hendisuhendix@gmail.com', NULL, '$2a$10$kQdT1DPvsC6WLFqc7gLOd.VNmc1bKPkhoL0.f97x13qzaaw3R8/VC', '2022-02-07', 'JT-0104', NULL, NULL, 'DP-0004', NULL, NULL, NULL, 0, NULL, NULL, NULL, NULL),
(443, 'K220200025', 'ROBI SUPRIADI', '1', 'robisupriadi185@gmail.com', NULL, '$2a$10$kQdT1DPvsC6WLFqc7gLOd.VNmc1bKPkhoL0.f97x13qzaaw3R8/VC', '2022-02-24', 'JT-0104', NULL, NULL, 'DP-0004', NULL, NULL, NULL, 0, NULL, NULL, NULL, NULL),
(444, 'K220200026', 'ASEP JAMALUDIN', '1', 'asepjamaludin454@gmail.com', NULL, '$2a$10$kQdT1DPvsC6WLFqc7gLOd.VNmc1bKPkhoL0.f97x13qzaaw3R8/VC', '2022-02-24', 'JT-0104', NULL, NULL, 'DP-0004', NULL, NULL, NULL, 0, NULL, NULL, NULL, NULL),
(445, 'K220300040', 'ASEP SETIAWAN', '1', 'im.asepsetiawan@gmail.com', NULL, '$2a$10$kQdT1DPvsC6WLFqc7gLOd.VNmc1bKPkhoL0.f97x13qzaaw3R8/VC', '2022-03-07', 'JT-0086', NULL, NULL, 'DP-0003', NULL, NULL, NULL, 0, NULL, NULL, NULL, NULL);

-- --------------------------------------------------------

--
-- Table structure for table `white_tag`
--

CREATE TABLE `white_tag` (
  `id_white_tag` varchar(15) NOT NULL,
  `id_directory` int(11) NOT NULL,
  `id_user` int(11) NOT NULL,
  `start` tinyint(2) NOT NULL,
  `actual` tinyint(2) NOT NULL
) ENGINE=InnoDB DEFAULT CHARSET=utf8mb4;

--
-- Dumping data for table `white_tag`
--

INSERT INTO `white_tag` (`id_white_tag`, `id_directory`, `id_user`, `start`, `actual`) VALUES
('atpuH1655179517', 452, 230, 3, 4),
('bOsZO1655179517', 524, 230, 4, 4),
('OBX441655179469', 440, 227, 3, 4),
('ZFNDB1655179469', 512, 227, 4, 4);

--
-- Indexes for dumped tables
--

--
-- Indexes for table `cg`
--
ALTER TABLE `cg`
  ADD PRIMARY KEY (`id_cg`),
  ADD KEY `id_department` (`id_department`);

--
-- Indexes for table `competencies_directory`
--
ALTER TABLE `competencies_directory`
  ADD PRIMARY KEY (`id_directory`);

--
-- Indexes for table `competencie_groups`
--
ALTER TABLE `competencie_groups`
  ADD PRIMARY KEY (`id`),
  ADD KEY `competencie_groups_id_skill_category_foreign` (`id_skill_category`);

--
-- Indexes for table `curriculum`
--
ALTER TABLE `curriculum`
  ADD PRIMARY KEY (`id_curriculum`),
  ADD UNIQUE KEY `no_training_module` (`no_training_module`);

--
-- Indexes for table `curriculum_to_job`
--
ALTER TABLE `curriculum_to_job`
  ADD PRIMARY KEY (`id_ctb`);

--
-- Indexes for table `department`
--
ALTER TABLE `department`
  ADD PRIMARY KEY (`id_department`),
  ADD KEY `id_divisi` (`id_divisi`);

--
-- Indexes for table `divisi`
--
ALTER TABLE `divisi`
  ADD PRIMARY KEY (`id_divisi`);

--
-- Indexes for table `failed_jobs`
--
ALTER TABLE `failed_jobs`
  ADD PRIMARY KEY (`id`);

--
-- Indexes for table `grade`
--
ALTER TABLE `grade`
  ADD PRIMARY KEY (`id_grade`);

--
-- Indexes for table `job_title`
--
ALTER TABLE `job_title`
  ADD PRIMARY KEY (`id_job_title`),
  ADD KEY `id_department` (`id_department`);

--
-- Indexes for table `job_title_users`
--
ALTER TABLE `job_title_users`
  ADD PRIMARY KEY (`id`);

--
-- Indexes for table `level`
--
ALTER TABLE `level`
  ADD PRIMARY KEY (`id_level`);

--
-- Indexes for table `migrations`
--
ALTER TABLE `migrations`
  ADD PRIMARY KEY (`id`);

--
-- Indexes for table `rekap_mapping`
--
ALTER TABLE `rekap_mapping`
  ADD PRIMARY KEY (`id_rekap`);

--
-- Indexes for table `skill_category`
--
ALTER TABLE `skill_category`
  ADD PRIMARY KEY (`id_skill_category`);

--
-- Indexes for table `sub_department`
--
ALTER TABLE `sub_department`
  ADD PRIMARY KEY (`id_subdepartment`),
  ADD KEY `id_department` (`id_department`);

--
-- Indexes for table `taging_reason`
--
ALTER TABLE `taging_reason`
  ADD PRIMARY KEY (`id_taging_reason`);

--
-- Indexes for table `targets`
--
ALTER TABLE `targets`
  ADD PRIMARY KEY (`id`);

--
-- Indexes for table `users`
--
ALTER TABLE `users`
  ADD PRIMARY KEY (`id`),
  ADD UNIQUE KEY `users_email_unique` (`email`);

--
-- Indexes for table `white_tag`
--
ALTER TABLE `white_tag`
  ADD PRIMARY KEY (`id_white_tag`);

--
-- AUTO_INCREMENT for dumped tables
--

--
-- AUTO_INCREMENT for table `competencies_directory`
--
ALTER TABLE `competencies_directory`
  MODIFY `id_directory` int(11) NOT NULL AUTO_INCREMENT, AUTO_INCREMENT=3000;

--
-- AUTO_INCREMENT for table `competencie_groups`
--
ALTER TABLE `competencie_groups`
  MODIFY `id` bigint(20) UNSIGNED NOT NULL AUTO_INCREMENT, AUTO_INCREMENT=10;

--
-- AUTO_INCREMENT for table `curriculum`
--
ALTER TABLE `curriculum`
  MODIFY `id_curriculum` int(11) NOT NULL AUTO_INCREMENT, AUTO_INCREMENT=1387;

--
-- AUTO_INCREMENT for table `curriculum_to_job`
--
ALTER TABLE `curriculum_to_job`
  MODIFY `id_ctb` int(10) UNSIGNED NOT NULL AUTO_INCREMENT, AUTO_INCREMENT=4505;

--
-- AUTO_INCREMENT for table `failed_jobs`
--
ALTER TABLE `failed_jobs`
  MODIFY `id` bigint(20) UNSIGNED NOT NULL AUTO_INCREMENT;

--
-- AUTO_INCREMENT for table `grade`
--
ALTER TABLE `grade`
  MODIFY `id_grade` int(11) NOT NULL AUTO_INCREMENT, AUTO_INCREMENT=32;

--
-- AUTO_INCREMENT for table `job_title_users`
--
ALTER TABLE `job_title_users`
  MODIFY `id` bigint(20) UNSIGNED NOT NULL AUTO_INCREMENT, AUTO_INCREMENT=12;

--
-- AUTO_INCREMENT for table `migrations`
--
ALTER TABLE `migrations`
  MODIFY `id` int(10) UNSIGNED NOT NULL AUTO_INCREMENT, AUTO_INCREMENT=12;

--
-- AUTO_INCREMENT for table `rekap_mapping`
--
ALTER TABLE `rekap_mapping`
  MODIFY `id_rekap` int(11) NOT NULL AUTO_INCREMENT;

--
-- AUTO_INCREMENT for table `skill_category`
--
ALTER TABLE `skill_category`
  MODIFY `id_skill_category` int(11) NOT NULL AUTO_INCREMENT, AUTO_INCREMENT=6;

--
-- AUTO_INCREMENT for table `taging_reason`
--
ALTER TABLE `taging_reason`
  MODIFY `id_taging_reason` int(255) UNSIGNED NOT NULL AUTO_INCREMENT, AUTO_INCREMENT=18;

--
-- AUTO_INCREMENT for table `targets`
--
ALTER TABLE `targets`
  MODIFY `id` bigint(20) UNSIGNED NOT NULL AUTO_INCREMENT, AUTO_INCREMENT=2;

--
-- AUTO_INCREMENT for table `users`
--
ALTER TABLE `users`
  MODIFY `id` bigint(20) UNSIGNED NOT NULL AUTO_INCREMENT, AUTO_INCREMENT=490;

--
-- Constraints for dumped tables
--

--
-- Constraints for table `competencie_groups`
--
ALTER TABLE `competencie_groups`
  ADD CONSTRAINT `competencie_groups_id_skill_category_foreign` FOREIGN KEY (`id_skill_category`) REFERENCES `skill_category` (`id_skill_category`) ON DELETE CASCADE;
COMMIT;

/*!40101 SET CHARACTER_SET_CLIENT=@OLD_CHARACTER_SET_CLIENT */;
/*!40101 SET CHARACTER_SET_RESULTS=@OLD_CHARACTER_SET_RESULTS */;
/*!40101 SET COLLATION_CONNECTION=@OLD_COLLATION_CONNECTION */;
